Hour,Demand (MWh),Plant 1 (MWh),Plant 2 (MWh),Plant 3 (MWh),Plant 4 (MWh),Plant 5 (MWh),Plant 1 Available (MWh),Plant 2 Available (MWh),Plant 3 Available (MWh),Plant 4 Available (MWh),Plant 5 Available (MWh),Clearing Price ($/MWh),Highest Running Cost ($/MWh),Production Cost ($),Ramp Up (MWh),Ramp Down (MWh),Ramp Cost ($),Market Cost ($),Unserved Energy (MWh),Unserved Cost ($),Spill (MWh),Spill Cost ($),Curtailment (MWh)
1,435.457214,250.0,150.0,35.457214,0.0,0.0,250.0,150.0,100.0,600.0,1000.0,15.0,15.0,1081.85821,0.0,0.0,0.0,6531.85821,0.0,0.0,0.0,0.0,0.0
2,422.303309,250.0,150.0,22.303309,0.0,0.0,250.0,150.0,100.0,600.0,1000.0,15.0,15.0,884.549635,0.0,13.153905,0.0,6334.549632,0.0,0.0,0.0,0.0,0.0
3,409.807563,250.0,150.0,9.807563,0.0,0.0,250.0,150.0,100.0,600.0,1000.0,15.0,15.0,697.113445,0.0,12.495746,0.0,6147.113445,0.0,0.0,0.0,0.0,0.0
4,405.181912,250.0,150.0,5.181912,0.0,0.0,250.0,150.0,100.0,600.0,1000.0,15.0,15.0,627.728683,0.0,4.625651,0.0,6077.728683,0.0,0.0,0.0,0.0,0.0
5,400.07423,250.0,150.0,0.07423,0.0,0.0,250.0,150.0,100.0,600.0,1000.0,15.0,15.0,551.113447,0.0,5.107682,0.0,6001.113447,0.0,0.0,0.0,0.0,0.0
6,385.205404,250.0,135.2054,0.0,0.0,0.0,250.0,150.0,100.0,600.0,1000.0,2.0,2.0,520.4108,0.0,14.86883,0.0,770.410808,0.0,0.0,0.0,0.0,14.7946
7,384.491626,250.0,134.49163,0.0,0.0,0.0,250.0,150.0,100.0,600.0,1000.0,2.0,2.0,518.98326,0.0,0.71377,0.0,768.983252,0.0,0.0,0.0,0.0,15.50837
8,391.629404,250.0,141.6294,0.0,0.0,0.0,250.0,150.0,100.0,600.0,1000.0,2.0,2.0,533.2588,7.13777,0.0,0.0,783.258809,0.0,0.0,0.0,0.0,8.3706
9,411.856198,250.0,150.0,11.856198,0.0,0.0,250.0,150.0,100.0,600.0,1000.0,15.0,15.0,727.84297,20.226798,0.0,0.0,6177.842964,0.0,0.0,0.0,0.0,0.0
10,436.133912,250.0,150.0,36.133912,0.0,0.0,250.0,150.0,100.0,600.0,1000.0,15.0,15.0,1092.00868,24.277714,0.0,0.0,6542.008686,0.0,0.0,0.0,0.0,0.0
11,464.981658,250.0,150.0,64.981658,0.0,0.0,250.0,150.0,100.0,600.0,1000.0,15.0,15.0,1524.72487,28.847746,0.0,0.0,6974.72487,0.0,0.0,0.0,0.0,0.0
12,477.829658,250.0,150.0,77.829658,0.0,0.0,250.0,150.0,100.0,600.0,1000.0,15.0,15.0,1717.44487,12.848,0.0,0.0,7167.444876,0.0,0.0,0.0,0.0,0.0
13,478.265341,250.0,150.0,78.265341,0.0,0.0,250.0,150.0,100.0,600.0,1000.0,15.0,15.0,1723.980115,0.435683,0.0,0.0,7173.980109,0.0,0.0,0.0,0.0,0.0
14,477.857468,250.0,150.0,77.857468,0.0,0.0,250.0,150.0,100.0,600.0,1000.0,15.0,15.0,1717.86202,0.0,0.407873,0.0,7167.862017,0.0,0.0,0.0,0.0,0.0
15,483.345214,250.0,150.0,83.345214,0.0,0.0,250.0,150.0,100.0,600.0,1000.0,15.0,15.0,1800.17821,5.487746,0.0,0.0,7250.178204,0.0,0.0,0.0,0.0,0.0
16,502.904579,250.0,150.0,100.0,2.904579,0.0,250.0,150.0,100.0,600.0,1000.0,51.5,51.5,2199.585808,19.559365,0.0,0.0,25899.585808,0.0,0.0,0.0,0.0,0.0
17,532.280706,250.0,150.0,100.0,32.280706,0.0,250.0,150.0,100.0,600.0,1000.0,51.5,51.5,3712.456359,29.376127,0.0,0.0,27412.456359,0.0,0.0,0.0,0.0,0.0
18,544.646674,250.0,150.0,100.0,44.646674,0.0,250.0,150.0,100.0,600.0,1000.0,51.5,51.5,4349.303711,12.365968,0.0,0.0,28049.303721,0.0,0.0,0.0,0.0,0.0
19,535.53442,250.0,150.0,100.0,35.53442,0.0,250.0,150.0,100.0,600.0,1000.0,51.5,51.5,3880.02263,0.0,9.112254,0.0,27580.02264,0.0,0.0,0.0,0.0,0.0
20,517.625087,250.0,150.0,100.0,17.625087,0.0,250.0,150.0,100.0,600.0,1000.0,51.5,51.5,2957.69198,0.0,17.909333,0.0,26657.69197,0.0,0.0,0.0,0.0,0.0
21,508.10496,250.0,150.0,100.0,8.10496,0.0,250.0,150.0,100.0,600.0,1000.0,51.5,51.5,2467.40544,0.0,9.520127,0.0,26167.40544,0.0,0.0,0.0,0.0,0.0
22,507.391182,250.0,150.0,100.0,7.391182,0.0,250.0,150.0,100.0,600.0,1000.0,51.5,51.5,2430.645873,0.0,0.713778,0.0,26130.645873,0.0,0.0,0.0,0.0,0.0
23,477.227119,250.0,150.0,77.227119,0.0,0.0,250.0,150.0,100.0,600.0,1000.0,15.0,15.0,1708.406785,0.0,30.164063,0.0,7158.406779,0.0,0.0,0.0,0.0,0.0
24,449.491753,250.0,150.0,49.491753,0.0,0.0,250.0,150.0,100.0,600.0,1000.0,15.0,15.0,1292.376295,0.0,27.735366,0.0,6742.376298,0.0,0.0,0.0,0.0,0.0
25,432.240579,250.0,150.0,32.240579,0.0,0.0,250.0,150.0,100.0,600.0,1000.0,15.0,15.0,1033.608685,0.0,17.251174,0.0,6483.608685,0.0,0.0,0.0,0.0,0.0
26,426.048325,250.0,150.0,26.048325,0.0,0.0,250.0,150.0,100.0,600.0,1000.0,15.0,15.0,940.724875,0.0,6.192254,0.0,6390.724869,0.0,0.0,0.0,0.0,0.0
27,427.309023,250.0,150.0,27.309023,0.0,0.0,250.0,150.0,100.0,600.0,1000.0,15.0,15.0,959.635345,1.260698,0.0,0.0,6409.635345,0.0,0.0,0.0,0.0,0.0
28,435.800198,250.0,150.0,35.800198,0.0,0.0,250.0,150.0,100.0,600.0,1000.0,15.0,15.0,1087.00297,8.491175,0.0,0.0,6537.002967,0.0,0.0,0.0,0.0,0.0
29,454.145214,250.0,150.0,54.145214,0.0,0.0,250.0,150.0,100.0,600.0,1000.0,15.0,15.0,1362.17821,18.345016,0.0,0.0,6812.17821,0.0,0.0,0.0,0.0,0.0
30,497.518801,250.0,150.0,97.518801,0.0,0.0,250.0,150.0,100.0,600.0,1000.0,15.0,15.0,2012.782015,43.373587,0.0,0.0,7462.782018,0.0,0.0,0.0,0.0,0.0
31,546.000071,250.0,150.0,100.0,46.000071,0.0,250.0,150.0,100.0,600.0,1000.0,51.5,51.5,4419.003656,48.48127,0.0,0.0,28119.003646,0.0,0.0,0.0,0.0,0.0
32,577.869785,250.0,150.0,100.0,77.869785,0.0,250.0,150.0,100.0,600.0,1000.0,51.5,51.5,6060.293927,31.869714,0.0,0.0,29760.293948,0.0,0.0,0.0,0.0,0.0
33,590.838293,250.0,150.0,100.0,90.838293,0.0,250.0,150.0,100.0,600.0,1000.0,51.5,51.5,6728.17209,12.968508,0.0,0.0,30428.17211,0.0,0.0,0.0,0.0,0.0
34,604.872833,250.0,150.0,100.0,104.87283,0.0,250.0,150.0,100.0,600.0,1000.0,51.5,51.5,7450.950745,14.034537,0.0,0.0,31150.950889,0.0,0.0,0.0,0.0,0.0
35,617.32223,250.0,150.0,100.0,117.32223,0.0,250.0,150.0,100.0,600.0,1000.0,51.5,51.5,8092.094845,12.4494,0.0,0.0,31792.094835,0.0,0.0,0.0,0.0,0.0
36,623.069531,250.0,150.0,100.0,123.06953,0.0,250.0,150.0,100.0,600.0,1000.0,51.5,51.5,8388.080795,5.7473,0.0,0.0,32088.080867,0.0,0.0,0.0,0.0,0.0
37,618.073087,250.0,150.0,100.0,118.07309,0.0,250.0,150.0,100.0,600.0,1000.0,51.5,51.5,8130.764135,0.0,4.99644,0.0,31830.76396,0.0,0.0,0.0,0.0,0.0
38,613.465976,250.0,150.0,100.0,113.46598,0.0,250.0,150.0,100.0,600.0,1000.0,51.5,51.5,7893.49797,0.0,4.60711,0.0,31593.497754,0.0,0.0,0.0,0.0,0.0
39,611.751055,250.0,150.0,100.0,111.75106,0.0,250.0,150.0,100.0,600.0,1000.0,51.5,51.5,7805.17959,0.0,1.71492,0.0,31505.179343,0.0,0.0,0.0,0.0,0.0
40,622.911944,250.0,150.0,100.0,122.91194,0.0,250.0,150.0,100.0,600.0,1000.0,51.5,51.5,8379.96491,11.16088,0.0,0.0,32079.965106,0.0,0.0,0.0,0.0,0.0
41,651.481595,250.0,150.0,100.0,151.48159,0.0,250.0,150.0,100.0,600.0,1000.0,51.5,51.5,9851.301885,28.56965,0.0,0.0,33551.302132,0.0,0.0,0.0,0.0,0.0
42,652.31588,250.0,150.0,100.0,152.31588,0.0,250.0,150.0,100.0,600.0,1000.0,51.5,51.5,9894.26782,0.83429,0.0,0.0,33594.267841,0.0,0.0,0.0,0.0,0.0
43,635.092516,250.0,150.0,100.0,135.09252,0.0,250.0,150.0,100.0,600.0,1000.0,51.5,51.5,9007.26478,0.0,17.22336,0.0,32707.264553,0.0,0.0,0.0,0.0,0.0
44,598.180007,250.0,150.0,100.0,98.180007,0.0,250.0,150.0,100.0,600.0,1000.0,51.5,51.5,7106.270361,0.0,36.912513,0.0,30806.270381,0.0,0.0,0.0,0.0,0.0
45,573.281214,250.0,150.0,100.0,73.281214,0.0,250.0,150.0,100.0,600.0,1000.0,51.5,51.5,5823.982521,0.0,24.898793,0.0,29523.982521,0.0,0.0,0.0,0.0,0.0
46,561.489976,250.0,150.0,100.0,61.489976,0.0,250.0,150.0,100.0,600.0,1000.0,51.5,51.5,5216.733764,0.0,11.791238,0.0,28916.733743,0.0,0.0,0.0,0.0,0.0
47,523.641214,250.0,150.0,100.0,23.641214,0.0,250.0,150.0,100.0,600.0,1000.0,51.5,51.5,3267.522521,0.0,37.848762,0.0,26967.5225,0.0,0.0,0.0,0.0,0.0
48,492.624325,250.0,150.0,92.624325,0.0,0.0,250.0,150.0,100.0,600.0,1000.0,15.0,15.0,1939.364875,0.0,31.016889,0.0,7389.364869,0.0,0.0,0.0,0.0,0.0
49,471.757912,250.0,150.0,71.757912,0.0,0.0,250.0,150.0,100.0,600.0,1000.0,15.0,15.0,1626.36868,0.0,20.866413,0.0,7076.368683,0.0,0.0,0.0,0.0,0.0
50,460.439436,250.0,150.0,60.439436,0.0,0.0,250.0,150.0,100.0,600.0,1000.0,15.0,15.0,1456.59154,0.0,11.318476,0.0,6906.59154,0.0,0.0,0.0,0.0,0.0
51,458.140516,250.0,150.0,58.140516,0.0,0.0,250.0,150.0,100.0,600.0,1000.0,15.0,15.0,1422.10774,0.0,2.29892,0.0,6872.107734,0.0,0.0,0.0,0.0,0.0
52,467.846039,250.0,150.0,67.846039,0.0,0.0,250.0,150.0,100.0,600.0,1000.0,15.0,15.0,1567.690585,9.705523,0.0,0.0,7017.690591,0.0,0.0,0.0,0.0,0.0
53,484.874738,250.0,150.0,84.874738,0.0,0.0,250.0,150.0,100.0,600.0,1000.0,15.0,15.0,1823.12107,17.028699,0.0,0.0,7273.121067,0.0,0.0,0.0,0.0,0.0
54,523.455817,250.0,150.0,100.0,23.455817,0.0,250.0,150.0,100.0,600.0,1000.0,51.5,51.5,3257.974576,38.581079,0.0,0.0,26957.974586,0.0,0.0,0.0,0.0,0.0
55,570.630039,250.0,150.0,100.0,70.630039,0.0,250.0,150.0,100.0,600.0,1000.0,51.5,51.5,5687.447008,47.174222,0.0,0.0,29387.447008,0.0,0.0,0.0,0.0,0.0
56,597.679436,250.0,150.0,100.0,97.679436,0.0,250.0,150.0,100.0,600.0,1000.0,51.5,51.5,7080.490954,27.049397,0.0,0.0,30780.490944,0.0,0.0,0.0,0.0,0.0
57,613.855309,250.0,150.0,100.0,113.85531,0.0,250.0,150.0,100.0,600.0,1000.0,51.5,51.5,7913.548465,16.175874,0.0,0.0,31613.548424,0.0,0.0,0.0,0.0,0.0
58,631.838801,250.0,150.0,100.0,131.8388,0.0,250.0,150.0,100.0,600.0,1000.0,51.5,51.5,8839.6982,17.98349,0.0,0.0,32539.698241,0.0,0.0,0.0,0.0,0.0
59,649.025087,250.0,150.0,100.0,149.02509,0.0,250.0,150.0,100.0,600.0,1000.0,51.5,51.5,9724.792135,17.18629,0.0,0.0,33424.79197,0.0,0.0,0.0,0.0,0.0
60,650.137468,250.0,150.0,100.0,150.13747,0.0,250.0,150.0,100.0,600.0,1000.0,51.5,51.5,9782.079705,1.11238,0.0,0.0,33482.079581,0.0,0.0,0.0,0.0,0.0
61,642.610357,250.0,150.0,100.0,142.61036,0.0,250.0,150.0,100.0,600.0,1000.0,51.5,51.5,9394.43354,0.0,7.52711,0.0,33094.433365,0.0,0.0,0.0,0.0,0.0
62,629.966293,250.0,150.0,100.0,129.96629,0.0,250.0,150.0,100.0,600.0,1000.0,51.5,51.5,8743.263935,0.0,12.64407,0.0,32443.2641,0.0,0.0,0.0,0.0,0.0
63,623.959436,250.0,150.0,100.0,123.95944,0.0,250.0,150.0,100.0,600.0,1000.0,51.5,51.5,8433.91116,0.0,6.00685,0.0,32133.910944,0.0,0.0,0.0,0.0,0.0
64,629.873595,250.0,150.0,100.0,129.8736,0.0,250.0,150.0,100.0,600.0,1000.0,51.5,51.5,8738.4904,5.91416,0.0,0.0,32438.490143,0.0,0.0,0.0,0.0,0.0
65,651.036643,250.0,150.0,100.0,151.03664,0.0,250.0,150.0,100.0,600.0,1000.0,51.5,51.5,9828.38696,21.16304,0.0,0.0,33528.387094,0.0,0.0,0.0,0.0,0.0
66,649.015817,250.0,150.0,100.0,149.01582,0.0,250.0,150.0,100.0,600.0,1000.0,51.5,51.5,9724.31473,0.0,2.02082,0.0,33424.314565,0.0,0.0,0.0,0.0,0.0
67,629.039309,250.0,150.0,100.0,129.03931,0.0,250.0,150.0,100.0,600.0,1000.0,51.5,51.5,8695.524465,0.0,19.97651,0.0,32395.524403,0.0,0.0,0.0,0.0,0.0
68,592.312198,250.0,150.0,100.0,92.312198,0.0,250.0,150.0,100.0,600.0,1000.0,51.5,51.5,6804.078197,0.0,36.727112,0.0,30504.078176,0.0,0.0,0.0,0.0,0.0
69,571.362356,250.0,150.0,100.0,71.362356,0.0,250.0,150.0,100.0,600.0,1000.0,51.5,51.5,5725.161334,0.0,20.949842,0.0,29425.161355,0.0,0.0,0.0,0.0,0.0
70,556.623309,250.0,150.0,100.0,56.623309,0.0,250.0,150.0,100.0,600.0,1000.0,51.5,51.5,4966.100414,0.0,14.739047,0.0,28666.100413,0.0,0.0,0.0,0.0,0.0
71,514.176706,250.0,150.0,100.0,14.176706,0.0,250.0,150.0,100.0,600.0,1000.0,51.5,51.5,2780.100359,0.0,42.446603,0.0,26480.100338,0.0,0.0,0.0,0.0,0.0
72,482.835373,250.0,150.0,82.835373,0.0,0.0,250.0,150.0,100.0,600.0,1000.0,15.0,15.0,1792.530595,0.0,31.341333,0.0,7242.530589,0.0,0.0,0.0,0.0,0.0
73,457.788262,250.0,150.0,57.788262,0.0,0.0,250.0,150.0,100.0,600.0,1000.0,15.0,15.0,1416.82393,0.0,25.047111,0.0,6866.823924,0.0,0.0,0.0,0.0,0.0
74,448.268134,250.0,150.0,48.268134,0.0,0.0,250.0,150.0,100.0,600.0,1000.0,15.0,15.0,1274.02201,0.0,9.520128,0.0,6724.022013,0.0,0.0,0.0,0.0,0.0
75,451.985341,250.0,150.0,51.985341,0.0,0.0,250.0,150.0,100.0,600.0,1000.0,15.0,15.0,1329.780115,3.717207,0.0,0.0,6779.780109,0.0,0.0,0.0,0.0,0.0
76,463.12769,250.0,150.0,63.12769,0.0,0.0,250.0,150.0,100.0,600.0,1000.0,15.0,15.0,1496.91535,11.142349,0.0,0.0,6946.915347,0.0,0.0,0.0,0.0,0.0
77,486.765785,250.0,150.0,86.765785,0.0,0.0,250.0,150.0,100.0,600.0,1000.0,15.0,15.0,1851.486775,23.638095,0.0,0.0,7301.486781,0.0,0.0,0.0,0.0,0.0
78,533.884388,250.0,150.0,100.0,33.884388,0.0,250.0,150.0,100.0,600.0,1000.0,51.5,51.5,3795.045982,47.118603,0.0,0.0,27495.046003,0.0,0.0,0.0,0.0,0.0
79,583.283372,250.0,150.0,100.0,83.283372,0.0,250.0,150.0,100.0,600.0,1000.0,51.5,51.5,6339.093658,49.398984,0.0,0.0,30039.093679,0.0,0.0,0.0,0.0,0.0
80,615.866864,250.0,150.0,100.0,115.86686,0.0,250.0,150.0,100.0,600.0,1000.0,51.5,51.5,8017.14329,32.583488,0.0,0.0,31717.143517,0.0,0.0,0.0,0.0,0.0
81,633.69277,250.0,150.0,100.0,133.69277,0.0,250.0,150.0,100.0,600.0,1000.0,51.5,51.5,8935.177655,17.82591,0.0,0.0,32635.177634,0.0,0.0,0.0,0.0,0.0
82,650.721468,250.0,150.0,100.0,150.72147,0.0,250.0,150.0,100.0,600.0,1000.0,51.5,51.5,9812.155705,17.0287,0.0,0.0,33512.155602,0.0,0.0,0.0,0.0,0.0
83,667.342293,250.0,150.0,100.0,167.34229,0.0,250.0,150.0,100.0,600.0,1000.0,51.5,51.5,10668.127935,16.62082,0.0,0.0,34368.12809,0.0,0.0,0.0,0.0,0.0
84,665.441975,250.0,150.0,100.0,165.44198,0.0,250.0,150.0,100.0,600.0,1000.0,51.5,51.5,10570.26197,0.0,1.90031,0.0,34270.261733,0.0,0.0,0.0,0.0,0.0
85,645.33569,250.0,150.0,100.0,145.33569,0.0,250.0,150.0,100.0,600.0,1000.0,51.5,51.5,9534.788035,0.0,20.10629,0.0,33234.788025,0.0,0.0,0.0,0.0,0.0
86,627.79715,250.0,150.0,100.0,127.79715,0.0,250.0,150.0,100.0,600.0,1000.0,51.5,51.5,8631.553225,0.0,17.53854,0.0,32331.553246,0.0,0.0,0.0,0.0,0.0
87,621.317531,250.0,150.0,100.0,121.31753,0.0,250.0,150.0,100.0,600.0,1000.0,51.5,51.5,8297.852795,0.0,6.47962,0.0,31997.852867,0.0,0.0,0.0,0.0,0.0
88,626.703309,250.0,150.0,100.0,126.70331,0.0,250.0,150.0,100.0,600.0,1000.0,51.5,51.5,8575.220465,5.38578,0.0,0.0,32275.220414,0.0,0.0,0.0,0.0,0.0
89,643.129468,250.0,150.0,100.0,143.12947,0.0,250.0,150.0,100.0,600.0,1000.0,51.5,51.5,9421.167705,16.42616,0.0,0.0,33121.167581,0.0,0.0,0.0,0.0,0.0
90,637.521214,250.0,150.0,100.0,137.52121,0.0,250.0,150.0,100.0,600.0,1000.0,51.5,51.5,9132.342315,0.0,5.60826,0.0,32832.3425,0.0,0.0,0.0,0.0,0.0
91,616.617722,250.0,150.0,100.0,116.61772,0.0,250.0,150.0,100.0,600.0,1000.0,51.5,51.5,8055.81258,0.0,20.90349,0.0,31755.812673,0.0,0.0,0.0,0.0,0.0
92,580.678547,250.0,150.0,100.0,80.678547,0.0,250.0,150.0,100.0,600.0,1000.0,51.5,51.5,6204.94517,0.0,35.939173,0.0,29904.94516,0.0,0.0,0.0,0.0,0.0
93,558.30115,250.0,150.0,100.0,58.30115,0.0,250.0,150.0,100.0,600.0,1000.0,51.5,51.5,5052.509225,0.0,22.377397,0.0,28752.509235,0.0,0.0,0.0,0.0,0.0
94,543.812389,250.0,150.0,100.0,43.812389,0.0,250.0,150.0,100.0,600.0,1000.0,51.5,51.5,4306.338034,0.0,14.488761,0.0,28006.338013,0.0,0.0,0.0,0.0,0.0
95,511.0435,250.0,150.0,100.0,11.0435,0.0,250.0,150.0,100.0,600.0,1000.0,51.5,51.5,2618.74025,0.0,32.768889,0.0,26318.740229,0.0,0.0,0.0,0.0,0.0
96,476.383563,250.0,150.0,76.383563,0.0,0.0,250.0,150.0,100.0,600.0,1000.0,15.0,15.0,1695.753445,0.0,34.659937,0.0,7145.753445,0.0,0.0,0.0,0.0,0.0
97,456.286547,250.0,150.0,56.286547,0.0,0.0,250.0,150.0,100.0,600.0,1000.0,15.0,15.0,1394.298205,0.0,20.097016,0.0,6844.298202,0.0,0.0,0.0,0.0,0.0
98,445.895055,250.0,150.0,45.895055,0.0,0.0,250.0,150.0,100.0,600.0,1000.0,15.0,15.0,1238.425825,0.0,10.391492,0.0,6688.425825,0.0,0.0,0.0,0.0,0.0
99,447.34115,250.0,150.0,47.34115,0.0,0.0,250.0,150.0,100.0,600.0,1000.0,15.0,15.0,1260.11725,1.446095,0.0,0.0,6710.117256,0.0,0.0,0.0,0.0,0.0
100,453.487055,250.0,150.0,53.487055,0.0,0.0,250.0,150.0,100.0,600.0,1000.0,15.0,15.0,1352.305825,6.145905,0.0,0.0,6802.305822,0.0,0.0,0.0,0.0,0.0
101,455.164896,250.0,150.0,55.164896,0.0,0.0,250.0,150.0,100.0,600.0,1000.0,15.0,15.0,1377.47344,1.677841,0.0,0.0,6827.47344,0.0,0.0,0.0,0.0,0.0
102,458.372261,250.0,150.0,58.372261,0.0,0.0,250.0,150.0,100.0,600.0,1000.0,15.0,15.0,1425.583915,3.207365,0.0,0.0,6875.583921,0.0,0.0,0.0,0.0,0.0
103,484.939627,250.0,150.0,84.939627,0.0,0.0,250.0,150.0,100.0,600.0,1000.0,15.0,15.0,1824.094405,26.567366,0.0,0.0,7274.094399,0.0,0.0,0.0,0.0,0.0
104,519.553214,250.0,150.0,100.0,19.553214,0.0,250.0,150.0,100.0,600.0,1000.0,51.5,51.5,3056.990521,34.613587,0.0,0.0,26756.990511,0.0,0.0,0.0,0.0,0.0
105,551.358039,250.0,150.0,100.0,51.358039,0.0,250.0,150.0,100.0,600.0,1000.0,51.5,51.5,4694.939008,31.804825,0.0,0.0,28394.939008,0.0,0.0,0.0,0.0,0.0
106,577.276516,250.0,150.0,100.0,77.276516,0.0,250.0,150.0,100.0,600.0,1000.0,51.5,51.5,6029.740574,25.918477,0.0,0.0,29729.740553,0.0,0.0,0.0,0.0,0.0
107,595.195118,250.0,150.0,100.0,95.195118,0.0,250.0,150.0,100.0,600.0,1000.0,51.5,51.5,6952.548577,17.918602,0.0,0.0,30652.548598,0.0,0.0,0.0,0.0,0.0
108,597.160325,250.0,150.0,100.0,97.160325,0.0,250.0,150.0,100.0,600.0,1000.0,51.5,51.5,7053.756738,1.965207,0.0,0.0,30753.756727,0.0,0.0,0.0,0.0,0.0
109,587.019119,250.0,150.0,100.0,87.019119,0.0,250.0,150.0,100.0,600.0,1000.0,51.5,51.5,6531.484628,0.0,10.141206,0.0,30231.484618,0.0,0.0,0.0,0.0,0.0
110,575.774801,250.0,150.0,100.0,75.774801,0.0,250.0,150.0,100.0,600.0,1000.0,51.5,51.5,5952.402252,0.0,11.244318,0.0,29652.402241,0.0,0.0,0.0,0.0,0.0
111,575.22788,250.0,150.0,100.0,75.22788,0.0,250.0,150.0,100.0,600.0,1000.0,51.5,51.5,5924.23582,0.0,0.546921,0.0,29624.235841,0.0,0.0,0.0,0.0,0.0
112,589.642484,250.0,150.0,100.0,89.642484,0.0,250.0,150.0,100.0,600.0,1000.0,51.5,51.5,6666.587926,14.414604,0.0,0.0,30366.587916,0.0,0.0,0.0,0.0,0.0
113,618.582928,250.0,150.0,100.0,118.58293,0.0,250.0,150.0,100.0,600.0,1000.0,51.5,51.5,8157.020895,28.940446,0.0,0.0,31857.020802,0.0,0.0,0.0,0.0,0.0
114,622.53188,250.0,150.0,100.0,122.53188,0.0,250.0,150.0,100.0,600.0,1000.0,51.5,51.5,8360.39182,3.94895,0.0,0.0,32060.391841,0.0,0.0,0.0,0.0,0.0
115,606.003754,250.0,150.0,100.0,106.00375,0.0,250.0,150.0,100.0,600.0,1000.0,51.5,51.5,7509.193125,0.0,16.52813,0.0,31209.19331,0.0,0.0,0.0,0.0,0.0
116,575.83042,250.0,150.0,100.0,75.83042,0.0,250.0,150.0,100.0,600.0,1000.0,51.5,51.5,5955.26663,0.0,30.17333,0.0,29655.26664,0.0,0.0,0.0,0.0,0.0
117,556.808706,250.0,150.0,100.0,56.808706,0.0,250.0,150.0,100.0,600.0,1000.0,51.5,51.5,4975.648359,0.0,19.021714,0.0,28675.648359,0.0,0.0,0.0,0.0,0.0
118,553.267627,250.0,150.0,100.0,53.267627,0.0,250.0,150.0,100.0,600.0,1000.0,51.5,51.5,4793.28279,0.0,3.541079,0.0,28493.28277,0.0,0.0,0.0,0.0,0.0
119,522.185849,250.0,150.0,100.0,22.185849,0.0,250.0,150.0,100.0,600.0,1000.0,51.5,51.5,3192.571224,0.0,31.081778,0.0,26892.571213,0.0,0.0,0.0,0.0,0.0
120,481.305848,250.0,150.0,81.305848,0.0,0.0,250.0,150.0,100.0,600.0,1000.0,15.0,15.0,1769.58772,0.0,40.880001,0.0,7219.587726,0.0,0.0,0.0,0.0,0.0
121,452.995753,250.0,150.0,52.995753,0.0,0.0,250.0,150.0,100.0,600.0,1000.0,15.0,15.0,1344.936295,0.0,28.310095,0.0,6794.936298,0.0,0.0,0.0,0.0,0.0
122,442.873087,250.0,150.0,42.873087,0.0,0.0,250.0,150.0,100.0,600.0,1000.0,15.0,15.0,1193.096305,0.0,10.122666,0.0,6643.096299,0.0,0.0,0.0,0.0,0.0
123,443.206801,250.0,150.0,43.206801,0.0,0.0,250.0,150.0,100.0,600.0,1000.0,15.0,15.0,1198.102015,0.333714,0.0,0.0,6648.102018,0.0,0.0,0.0,0.0,0.0
124,444.105976,250.0,150.0,44.105976,0.0,0.0,250.0,150.0,100.0,600.0,1000.0,15.0,15.0,1211.58964,0.899175,0.0,0.0,6661.589634,0.0,0.0,0.0,0.0,0.0
125,436.912579,250.0,150.0,36.912579,0.0,0.0,250.0,150.0,100.0,600.0,1000.0,15.0,15.0,1103.688685,0.0,7.193397,0.0,6553.688679,0.0,0.0,0.0,0.0,0.0
126,428.05988,250.0,150.0,28.05988,0.0,0.0,250.0,150.0,100.0,600.0,1000.0,15.0,15.0,970.8982,0.0,8.852699,0.0,6420.898206,0.0,0.0,0.0,0.0,0.0
127,440.416579,250.0,150.0,40.416579,0.0,0.0,250.0,150.0,100.0,600.0,1000.0,15.0,15.0,1156.248685,12.356699,0.0,0.0,6606.248679,0.0,0.0,0.0,0.0,0.0
128,466.761468,250.0,150.0,66.761468,0.0,0.0,250.0,150.0,100.0,600.0,1000.0,15.0,15.0,1551.42202,26.344889,0.0,0.0,7001.42202,0.0,0.0,0.0,0.0,0.0
129,496.350801,250.0,150.0,96.350801,0.0,0.0,250.0,150.0,100.0,600.0,1000.0,15.0,15.0,1995.262015,29.589333,0.0,0.0,7445.262015,0.0,0.0,0.0,0.0,0.0
130,521.870674,250.0,150.0,100.0,21.870674,0.0,250.0,150.0,100.0,600.0,1000.0,51.5,51.5,3176.339711,25.519873,0.0,0.0,26876.339721,0.0,0.0,0.0,0.0,0.0
131,550.15296,250.0,150.0,100.0,50.15296,0.0,250.0,150.0,100.0,600.0,1000.0,51.5,51.5,4632.87744,28.282286,0.0,0.0,28332.87744,0.0,0.0,0.0,0.0,0.0
132,553.230547,250.0,150.0,100.0,53.230547,0.0,250.0,150.0,100.0,600.0,1000.0,51.5,51.5,4791.37317,3.077587,0.0,0.0,28491.373181,0.0,0.0,0.0,0.0,0.0
133,536.758039,250.0,150.0,100.0,36.758039,0.0,250.0,150.0,100.0,600.0,1000.0,51.5,51.5,3943.039008,0.0,16.472508,0.0,27643.039019,0.0,0.0,0.0,0.0,0.0
134,525.272706,250.0,150.0,100.0,25.272706,0.0,250.0,150.0,100.0,600.0,1000.0,51.5,51.5,3351.544359,0.0,11.485333,0.0,27051.544359,0.0,0.0,0.0,0.0,0.0
135,526.125531,250.0,150.0,100.0,26.125531,0.0,250.0,150.0,100.0,600.0,1000.0,51.5,51.5,3395.464846,0.852825,0.0,0.0,27095.464847,0.0,0.0,0.0,0.0,0.0
136,547.594484,250.0,150.0,100.0,47.594484,0.0,250.0,150.0,100.0,600.0,1000.0,51.5,51.5,4501.115926,21.468953,0.0,0.0,28201.115916,0.0,0.0,0.0,0.0,0.0
137,580.317023,250.0,150.0,100.0,80.317023,0.0,250.0,150.0,100.0,600.0,1000.0,51.5,51.5,6186.326685,32.722539,0.0,0.0,29886.326705,0.0,0.0,0.0,0.0,0.0
138,592.228769,250.0,150.0,100.0,92.228769,0.0,250.0,150.0,100.0,600.0,1000.0,51.5,51.5,6799.781604,11.911746,0.0,0.0,30499.781624,0.0,0.0,0.0,0.0,0.0
139,581.957785,250.0,150.0,100.0,81.957785,0.0,250.0,150.0,100.0,600.0,1000.0,51.5,51.5,6270.825928,0.0,10.270984,0.0,29970.825938,0.0,0.0,0.0,0.0,0.0
140,560.405404,250.0,150.0,100.0,60.405404,0.0,250.0,150.0,100.0,600.0,1000.0,51.5,51.5,5160.878306,0.0,21.552381,0.0,28860.878316,0.0,0.0,0.0,0.0,0.0
141,550.431055,250.0,150.0,100.0,50.431055,0.0,250.0,150.0,100.0,600.0,1000.0,51.5,51.5,4647.199332,0.0,9.974349,0.0,28347.199343,0.0,0.0,0.0,0.0,0.0
142,551.367309,250.0,150.0,100.0,51.367309,0.0,250.0,150.0,100.0,600.0,1000.0,51.5,51.5,4695.416414,0.936254,0.0,0.0,28395.416414,0.0,0.0,0.0,0.0,0.0
143,516.503436,250.0,150.0,100.0,16.503436,0.0,250.0,150.0,100.0,600.0,1000.0,51.5,51.5,2899.926954,0.0,34.863873,0.0,26599.926954,0.0,0.0,0.0,0.0,0.0
144,484.031182,250.0,150.0,84.031182,0.0,0.0,250.0,150.0,100.0,600.0,1000.0,15.0,15.0,1810.46773,0.0,32.472254,0.0,7260.467733,0.0,0.0,0.0,0.0,0.0
145,464.963119,250.0,150.0,64.963119,0.0,0.0,250.0,150.0,100.0,600.0,1000.0,15.0,15.0,1524.446785,0.0,19.068063,0.0,6974.446779,0.0,0.0,0.0,0.0,0.0
146,461.171753,250.0,150.0,61.171753,0.0,0.0,250.0,150.0,100.0,600.0,1000.0,15.0,15.0,1467.576295,0.0,3.791366,0.0,6917.576301,0.0,0.0,0.0,0.0,0.0
147,467.048833,250.0,150.0,67.048833,0.0,0.0,250.0,150.0,100.0,600.0,1000.0,15.0,15.0,1555.732495,5.87708,0.0,0.0,7005.732489,0.0,0.0,0.0,0.0,0.0
148,486.311563,250.0,150.0,86.311563,0.0,0.0,250.0,150.0,100.0,600.0,1000.0,15.0,15.0,1844.673445,19.26273,0.0,0.0,7294.673448,0.0,0.0,0.0,0.0,0.0
149,524.957531,250.0,150.0,100.0,24.957531,0.0,250.0,150.0,100.0,600.0,1000.0,51.5,51.5,3335.312846,38.645968,0.0,0.0,27035.312867,0.0,0.0,0.0,0.0,0.0
150,601.415182,250.0,150.0,100.0,101.41518,0.0,250.0,150.0,100.0,600.0,1000.0,51.5,51.5,7272.88177,76.457649,0.0,0.0,30972.881883,0.0,0.0,0.0,0.0,0.0
151,674.452261,250.0,150.0,100.0,174.45226,0.0,250.0,150.0,100.0,600.0,1000.0,51.5,51.5,11034.29139,73.03708,0.0,0.0,34734.291452,0.0,0.0,0.0,0.0,0.0
152,698.980261,250.0,150.0,100.0,198.98026,0.0,250.0,150.0,100.0,600.0,1000.0,51.5,51.5,12297.48339,24.528,0.0,0.0,35997.483452,0.0,0.0,0.0,0.0,0.0
153,704.226992,250.0,150.0,100.0,204.22699,0.0,250.0,150.0,100.0,600.0,1000.0,51.5,51.5,12567.689985,5.24673,0.0,0.0,36267.690078,0.0,0.0,0.0,0.0,0.0
154,711.123754,250.0,150.0,100.0,211.12375,0.0,250.0,150.0,100.0,600.0,1000.0,51.5,51.5,12922.873125,6.89676,0.0,0.0,36622.87331,0.0,0.0,0.0,0.0,0.0
155,721.811881,250.0,150.0,100.0,221.81188,0.0,250.0,150.0,100.0,600.0,1000.0,51.5,51.5,13473.31182,10.68813,0.0,0.0,37173.311851,0.0,0.0,0.0,0.0,0.0
156,718.734293,250.0,150.0,100.0,218.73429,0.0,250.0,150.0,100.0,600.0,1000.0,51.5,51.5,13314.815935,0.0,3.07759,0.0,37014.81611,0.0,0.0,0.0,0.0,0.0
157,716.110928,250.0,150.0,100.0,216.11093,0.0,250.0,150.0,100.0,600.0,1000.0,51.5,51.5,13179.712895,0.0,2.62336,0.0,36879.712782,0.0,0.0,0.0,0.0,0.0
158,707.054293,250.0,150.0,100.0,207.05429,0.0,250.0,150.0,100.0,600.0,1000.0,51.5,51.5,12713.295935,0.0,9.05664,0.0,36413.2961,0.0,0.0,0.0,0.0,0.0
159,702.169087,250.0,150.0,100.0,202.16909,0.0,250.0,150.0,100.0,600.0,1000.0,51.5,51.5,12461.708135,0.0,4.8852,0.0,36161.70796,0.0,0.0,0.0,0.0,0.0
160,708.027626,250.0,150.0,100.0,208.02763,0.0,250.0,150.0,100.0,600.0,1000.0,51.5,51.5,12763.422945,5.85854,0.0,0.0,36463.42276,0.0,0.0,0.0,0.0,0.0
161,729.839563,250.0,150.0,100.0,229.83956,0.0,250.0,150.0,100.0,600.0,1000.0,51.5,51.5,13886.73734,21.81193,0.0,0.0,37586.737505,0.0,0.0,0.0,0.0,0.0
162,727.281087,250.0,150.0,100.0,227.28109,0.0,250.0,150.0,100.0,600.0,1000.0,51.5,51.5,13754.976135,0.0,2.55847,0.0,37454.97598,0.0,0.0,0.0,0.0,0.0
163,709.881595,250.0,150.0,100.0,209.88159,0.0,250.0,150.0,100.0,600.0,1000.0,51.5,51.5,12858.901885,0.0,17.3995,0.0,36558.902122,0.0,0.0,0.0,0.0,0.0
164,673.219372,250.0,150.0,100.0,173.21937,0.0,250.0,150.0,100.0,600.0,1000.0,51.5,51.5,10970.797555,0.0,36.66222,0.0,34670.797668,0.0,0.0,0.0,0.0,0.0
165,642.934801,250.0,150.0,100.0,142.9348,0.0,250.0,150.0,100.0,600.0,1000.0,51.5,51.5,9411.1422,0.0,30.28457,0.0,33111.142262,0.0,0.0,0.0,0.0,0.0
166,617.92477,250.0,150.0,100.0,117.92477,0.0,250.0,150.0,100.0,600.0,1000.0,51.5,51.5,8123.125655,0.0,25.01003,0.0,31823.125634,0.0,0.0,0.0,0.0,0.0
167,571.260388,250.0,150.0,100.0,71.260388,0.0,250.0,150.0,100.0,600.0,1000.0,51.5,51.5,5719.909982,0.0,46.664382,0.0,29419.909992,0.0,0.0,0.0,0.0,0.0
168,536.656071,250.0,150.0,100.0,36.656071,0.0,250.0,150.0,100.0,600.0,1000.0,51.5,51.5,3937.787656,0.0,34.604317,0.0,27637.787656,0.0,0.0,0.0,0.0,0.0
169,516.327309,250.0,150.0,100.0,16.327309,0.0,250.0,150.0,100.0,600.0,1000.0,51.5,51.5,2890.856414,0.0,20.328762,0.0,26590.856414,0.0,0.0,0.0,0.0,0.0
170,510.338992,250.0,150.0,100.0,10.338992,0.0,250.0,150.0,100.0,600.0,1000.0,51.5,51.5,2582.458088,0.0,5.988317,0.0,26282.458067,0.0,0.0,0.0,0.0,0.0
171,515.724769,250.0,150.0,100.0,15.724769,0.0,250.0,150.0,100.0,600.0,1000.0,51.5,51.5,2859.825604,5.385777,0.0,0.0,26559.825614,0.0,0.0,0.0,0.0,0.0
172,527.35842,250.0,150.0,100.0,27.35842,0.0,250.0,150.0,100.0,600.0,1000.0,51.5,51.5,3458.95863,11.633651,0.0,0.0,27158.95863,0.0,0.0,0.0,0.0,0.0
173,552.989531,250.0,150.0,100.0,52.989531,0.0,250.0,150.0,100.0,600.0,1000.0,51.5,51.5,4778.960846,25.631111,0.0,0.0,28478.960867,0.0,0.0,0.0,0.0,0.0
174,622.096198,250.0,150.0,100.0,122.0962,0.0,250.0,150.0,100.0,600.0,1000.0,51.5,51.5,8337.9543,69.106669,0.0,0.0,32037.954176,0.0,0.0,0.0,0.0,0.0
175,687.124135,250.0,150.0,100.0,187.12413,0.0,250.0,150.0,100.0,600.0,1000.0,51.5,51.5,11686.892695,65.02793,0.0,0.0,35386.892932,0.0,0.0,0.0,0.0,0.0
176,702.808706,250.0,150.0,100.0,202.80871,0.0,250.0,150.0,100.0,600.0,1000.0,51.5,51.5,12494.648565,15.68458,0.0,0.0,36194.648349,0.0,0.0,0.0,0.0,0.0
177,700.769341,250.0,150.0,100.0,200.76934,0.0,250.0,150.0,100.0,600.0,1000.0,51.5,51.5,12389.62101,0.0,2.03937,0.0,36089.621041,0.0,0.0,0.0,0.0,0.0
178,710.72515,250.0,150.0,100.0,210.72515,0.0,250.0,150.0,100.0,600.0,1000.0,51.5,51.5,12902.345225,9.95581,0.0,0.0,36602.345235,0.0,0.0,0.0,0.0,0.0
179,727.438674,250.0,150.0,100.0,227.43867,0.0,250.0,150.0,100.0,600.0,1000.0,51.5,51.5,13763.091505,16.71352,0.0,0.0,37463.091711,0.0,0.0,0.0,0.0,0.0
180,724.073722,250.0,150.0,100.0,224.07372,0.0,250.0,150.0,100.0,600.0,1000.0,51.5,51.5,13589.79658,0.0,3.36495,0.0,37289.796662,0.0,0.0,0.0,0.0,0.0
181,720.801468,250.0,150.0,100.0,220.80147,0.0,250.0,150.0,100.0,600.0,1000.0,51.5,51.5,13421.275705,0.0,3.27225,0.0,37121.275602,0.0,0.0,0.0,0.0,0.0
182,712.579118,250.0,150.0,100.0,212.57912,0.0,250.0,150.0,100.0,600.0,1000.0,51.5,51.5,12997.82468,0.0,8.22235,0.0,36697.824598,0.0,0.0,0.0,0.0,0.0
183,708.797023,250.0,150.0,100.0,208.79702,0.0,250.0,150.0,100.0,600.0,1000.0,51.5,51.5,12803.04653,0.0,3.7821,0.0,36503.046695,0.0,0.0,0.0,0.0,0.0
184,710.437785,250.0,150.0,100.0,210.43778,0.0,250.0,150.0,100.0,600.0,1000.0,51.5,51.5,12887.54567,1.64076,0.0,0.0,36587.545927,0.0,0.0,0.0,0.0,0.0
185,731.971627,250.0,150.0,100.0,231.97163,0.0,250.0,150.0,100.0,600.0,1000.0,51.5,51.5,13996.538945,21.53385,0.0,0.0,37696.53877,0.0,0.0,0.0,0.0,0.0
186,729.45023,250.0,150.0,100.0,229.45023,0.0,250.0,150.0,100.0,600.0,1000.0,51.5,51.5,13866.686845,0.0,2.5214,0.0,37566.686835,0.0,0.0,0.0,0.0,0.0
187,711.346229,250.0,150.0,100.0,211.34623,0.0,250.0,150.0,100.0,600.0,1000.0,51.5,51.5,12934.330845,0.0,18.104,0.0,36634.330814,0.0,0.0,0.0,0.0,0.0
188,676.639944,250.0,150.0,100.0,176.63994,0.0,250.0,150.0,100.0,600.0,1000.0,51.5,51.5,11146.95691,0.0,34.70629,0.0,34846.957116,0.0,0.0,0.0,0.0,0.0
189,647.10623,250.0,150.0,100.0,147.10623,0.0,250.0,150.0,100.0,600.0,1000.0,51.5,51.5,9625.970845,0.0,29.53371,0.0,33325.970835,0.0,0.0,0.0,0.0,0.0
190,624.738103,250.0,150.0,100.0,124.7381,0.0,250.0,150.0,100.0,600.0,1000.0,51.5,51.5,8474.01215,0.0,22.36813,0.0,32174.012284,0.0,0.0,0.0,0.0,0.0
191,576.377341,250.0,150.0,100.0,76.377341,0.0,250.0,150.0,100.0,600.0,1000.0,51.5,51.5,5983.433062,0.0,48.360759,0.0,29683.433041,0.0,0.0,0.0,0.0,0.0
192,541.615436,250.0,150.0,100.0,41.615436,0.0,250.0,150.0,100.0,600.0,1000.0,51.5,51.5,4193.194954,0.0,34.761905,0.0,27893.194944,0.0,0.0,0.0,0.0,0.0
193,525.124388,250.0,150.0,100.0,25.124388,0.0,250.0,150.0,100.0,600.0,1000.0,51.5,51.5,3343.905982,0.0,16.491048,0.0,27043.906003,0.0,0.0,0.0,0.0,0.0
194,517.384071,250.0,150.0,100.0,17.384071,0.0,250.0,150.0,100.0,600.0,1000.0,51.5,51.5,2945.279656,0.0,7.740317,0.0,26645.279656,0.0,0.0,0.0,0.0,0.0
195,521.49988,250.0,150.0,100.0,21.49988,0.0,250.0,150.0,100.0,600.0,1000.0,51.5,51.5,3157.24382,4.115809,0.0,0.0,26857.24383,0.0,0.0,0.0,0.0,0.0
196,536.980516,250.0,150.0,100.0,36.980516,0.0,250.0,150.0,100.0,600.0,1000.0,51.5,51.5,3954.496574,15.480636,0.0,0.0,27654.496553,0.0,0.0,0.0,0.0,0.0
197,564.16896,250.0,150.0,100.0,64.16896,0.0,250.0,150.0,100.0,600.0,1000.0,51.5,51.5,5354.70144,27.188444,0.0,0.0,29054.70144,0.0,0.0,0.0,0.0,0.0
198,634.517785,250.0,150.0,100.0,134.51779,0.0,250.0,150.0,100.0,600.0,1000.0,51.5,51.5,8977.666185,70.34883,0.0,0.0,32677.665938,0.0,0.0,0.0,0.0,0.0
199,699.341785,250.0,150.0,100.0,199.34179,0.0,250.0,150.0,100.0,600.0,1000.0,51.5,51.5,12316.102185,64.824,0.0,0.0,36016.101938,0.0,0.0,0.0,0.0,0.0
200,722.785214,250.0,150.0,100.0,222.78521,0.0,250.0,150.0,100.0,600.0,1000.0,51.5,51.5,13523.438315,23.44342,0.0,0.0,37223.438511,0.0,0.0,0.0,0.0,0.0
201,718.400579,250.0,150.0,100.0,218.40058,0.0,250.0,150.0,100.0,600.0,1000.0,51.5,51.5,13297.62987,0.0,4.38463,0.0,36997.629808,0.0,0.0,0.0,0.0,0.0
202,726.919563,250.0,150.0,100.0,226.91956,0.0,250.0,150.0,100.0,600.0,1000.0,51.5,51.5,13736.35734,8.51898,0.0,0.0,37436.357494,0.0,0.0,0.0,0.0,0.0
203,739.758293,250.0,150.0,100.0,239.75829,0.0,250.0,150.0,100.0,600.0,1000.0,51.5,51.5,14397.551935,12.83873,0.0,0.0,38097.55211,0.0,0.0,0.0,0.0,0.0
204,732.555626,250.0,150.0,100.0,232.55563,0.0,250.0,150.0,100.0,600.0,1000.0,51.5,51.5,14026.614945,0.0,7.20266,0.0,37726.61476,0.0,0.0,0.0,0.0,0.0
205,730.544071,250.0,150.0,100.0,230.54407,0.0,250.0,150.0,100.0,600.0,1000.0,51.5,51.5,13923.019605,0.0,2.01156,0.0,37623.019636,0.0,0.0,0.0,0.0,0.0
206,721.561595,250.0,150.0,100.0,221.56159,0.0,250.0,150.0,100.0,600.0,1000.0,51.5,51.5,13460.421885,0.0,8.98248,0.0,37160.422132,0.0,0.0,0.0,0.0,0.0
207,715.601087,250.0,150.0,100.0,215.60109,0.0,250.0,150.0,100.0,600.0,1000.0,51.5,51.5,13153.456135,0.0,5.9605,0.0,36853.45597,0.0,0.0,0.0,0.0,0.0
208,717.436516,250.0,150.0,100.0,217.43652,0.0,250.0,150.0,100.0,600.0,1000.0,51.5,51.5,13247.98078,1.83543,0.0,0.0,36947.980553,0.0,0.0,0.0,0.0,0.0
209,733.176706,250.0,150.0,100.0,233.17671,0.0,250.0,150.0,100.0,600.0,1000.0,51.5,51.5,14058.600565,15.74019,0.0,0.0,37758.600338,0.0,0.0,0.0,0.0,0.0
210,725.862801,250.0,150.0,100.0,225.8628,0.0,250.0,150.0,100.0,600.0,1000.0,51.5,51.5,13681.9342,0.0,7.31391,0.0,37381.934252,0.0,0.0,0.0,0.0,0.0
211,704.458738,250.0,150.0,100.0,204.45874,0.0,250.0,150.0,100.0,600.0,1000.0,51.5,51.5,12579.62511,0.0,21.40406,0.0,36279.624986,0.0,0.0,0.0,0.0,0.0
212,665.367817,250.0,150.0,100.0,165.36782,0.0,250.0,150.0,100.0,600.0,1000.0,51.5,51.5,10566.44273,0.0,39.09092,0.0,34266.442586,0.0,0.0,0.0,0.0,0.0
213,632.756515,250.0,150.0,100.0,132.75652,0.0,250.0,150.0,100.0,600.0,1000.0,51.5,51.5,8886.96078,0.0,32.6113,0.0,32586.960533,0.0,0.0,0.0,0.0,0.0
214,609.999055,250.0,150.0,100.0,109.99906,0.0,250.0,150.0,100.0,600.0,1000.0,51.5,51.5,7714.95159,0.0,22.75746,0.0,31414.951343,0.0,0.0,0.0,0.0,0.0
215,562.426229,250.0,150.0,100.0,62.426229,0.0,250.0,150.0,100.0,600.0,1000.0,51.5,51.5,5264.950794,0.0,47.572831,0.0,28964.950814,0.0,0.0,0.0,0.0,0.0
216,530.055944,250.0,150.0,100.0,30.055944,0.0,250.0,150.0,100.0,600.0,1000.0,51.5,51.5,3597.881116,0.0,32.370285,0.0,27297.881106,0.0,0.0,0.0,0.0,0.0
217,513.676135,250.0,150.0,100.0,13.676135,0.0,250.0,150.0,100.0,600.0,1000.0,51.5,51.5,2754.320952,0.0,16.379809,0.0,26454.320932,0.0,0.0,0.0,0.0,0.0
218,505.045912,250.0,150.0,100.0,5.045912,0.0,250.0,150.0,100.0,600.0,1000.0,51.5,51.5,2309.864478,0.0,8.630223,0.0,26009.864478,0.0,0.0,0.0,0.0,0.0
219,508.438674,250.0,150.0,100.0,8.438674,0.0,250.0,150.0,100.0,600.0,1000.0,51.5,51.5,2484.591711,3.392762,0.0,0.0,26184.591711,0.0,0.0,0.0,0.0,0.0
220,515.780389,250.0,150.0,100.0,15.780389,0.0,250.0,150.0,100.0,600.0,1000.0,51.5,51.5,2862.690034,7.341715,0.0,0.0,26562.690013,0.0,0.0,0.0,0.0,0.0
221,539.863436,250.0,150.0,100.0,39.863436,0.0,250.0,150.0,100.0,600.0,1000.0,51.5,51.5,4102.966954,24.083047,0.0,0.0,27802.966944,0.0,0.0,0.0,0.0,0.0
222,609.452134,250.0,150.0,100.0,109.45213,0.0,250.0,150.0,100.0,600.0,1000.0,51.5,51.5,7686.784695,69.588694,0.0,0.0,31386.784911,0.0,0.0,0.0,0.0,0.0
223,678.503182,250.0,150.0,100.0,178.50318,0.0,250.0,150.0,100.0,600.0,1000.0,51.5,51.5,11242.91377,69.05105,0.0,0.0,34942.913883,0.0,0.0,0.0,0.0,0.0
224,700.24096,250.0,150.0,100.0,200.24096,0.0,250.0,150.0,100.0,600.0,1000.0,51.5,51.5,12362.40944,21.73778,0.0,0.0,36062.409419,0.0,0.0,0.0,0.0,0.0
225,700.713722,250.0,150.0,100.0,200.71372,0.0,250.0,150.0,100.0,600.0,1000.0,51.5,51.5,12386.75658,0.47276,0.0,0.0,36086.756673,0.0,0.0,0.0,0.0,0.0
226,707.156261,250.0,150.0,100.0,207.15626,0.0,250.0,150.0,100.0,600.0,1000.0,51.5,51.5,12718.54739,6.44254,0.0,0.0,36418.547462,0.0,0.0,0.0,0.0,0.0
227,715.322992,250.0,150.0,100.0,215.32299,0.0,250.0,150.0,100.0,600.0,1000.0,51.5,51.5,13139.133985,8.16673,0.0,0.0,36839.134067,0.0,0.0,0.0,0.0,0.0
228,711.540896,250.0,150.0,100.0,211.5409,0.0,250.0,150.0,100.0,600.0,1000.0,51.5,51.5,12944.35635,0.0,3.78209,0.0,36644.356165,0.0,0.0,0.0,0.0,0.0
229,708.834103,250.0,150.0,100.0,208.8341,0.0,250.0,150.0,100.0,600.0,1000.0,51.5,51.5,12804.95615,0.0,2.7068,0.0,36504.956284,0.0,0.0,0.0,0.0,0.0
230,705.061277,250.0,150.0,100.0,205.06128,0.0,250.0,150.0,100.0,600.0,1000.0,51.5,51.5,12610.65592,0.0,3.77282,0.0,36310.655786,0.0,0.0,0.0,0.0,0.0
231,704.134293,250.0,150.0,100.0,204.13429,0.0,250.0,150.0,100.0,600.0,1000.0,51.5,51.5,12562.915935,0.0,0.92699,0.0,36262.916089,0.0,0.0,0.0,0.0,0.0
232,708.175944,250.0,150.0,100.0,208.17594,0.0,250.0,150.0,100.0,600.0,1000.0,51.5,51.5,12771.06091,4.04165,0.0,0.0,36471.061116,0.0,0.0,0.0,0.0,0.0
233,730.979753,250.0,150.0,100.0,230.97975,0.0,250.0,150.0,100.0,600.0,1000.0,51.5,51.5,13945.457125,22.80381,0.0,0.0,37645.4573,0.0,0.0,0.0,0.0,0.0
234,728.30077,250.0,150.0,100.0,228.30077,0.0,250.0,150.0,100.0,600.0,1000.0,51.5,51.5,13807.489655,0.0,2.67898,0.0,37507.489634,0.0,0.0,0.0,0.0,0.0
235,713.876896,250.0,150.0,100.0,213.8769,0.0,250.0,150.0,100.0,600.0,1000.0,51.5,51.5,13064.66035,0.0,14.42387,0.0,36764.660154,0.0,0.0,0.0,0.0,0.0
236,679.838039,250.0,150.0,100.0,179.83804,0.0,250.0,150.0,100.0,600.0,1000.0,51.5,51.5,11311.65906,0.0,34.03886,0.0,35011.659029,0.0,0.0,0.0,0.0,0.0
237,649.590547,250.0,150.0,100.0,149.59055,0.0,250.0,150.0,100.0,600.0,1000.0,51.5,51.5,9753.913325,0.0,30.24749,0.0,33453.913181,0.0,0.0,0.0,0.0,0.0
238,629.252515,250.0,150.0,100.0,129.25252,0.0,250.0,150.0,100.0,600.0,1000.0,51.5,51.5,8706.50478,0.0,20.33803,0.0,32406.504533,0.0,0.0,0.0,0.0,0.0
239,584.859245,250.0,150.0,100.0,84.859245,0.0,250.0,150.0,100.0,600.0,1000.0,51.5,51.5,6420.251118,0.0,44.393275,0.0,30120.251138,0.0,0.0,0.0,0.0,0.0
240,554.760071,250.0,150.0,100.0,54.760071,0.0,250.0,150.0,100.0,600.0,1000.0,51.5,51.5,4870.143656,0.0,30.099174,0.0,28570.143646,0.0,0.0,0.0,0.0,0.0
241,535.376833,250.0,150.0,100.0,35.376833,0.0,250.0,150.0,100.0,600.0,1000.0,51.5,51.5,3871.9069,0.0,19.383238,0.0,27571.906879,0.0,0.0,0.0,0.0,0.0
242,524.243753,250.0,150.0,100.0,24.243753,0.0,250.0,150.0,100.0,600.0,1000.0,51.5,51.5,3298.55328,0.0,11.13308,0.0,26998.5533,0.0,0.0,0.0,0.0,0.0
243,524.253023,250.0,150.0,100.0,24.253023,0.0,250.0,150.0,100.0,600.0,1000.0,51.5,51.5,3299.030684,0.00927,0.0,0.0,26999.030705,0.0,0.0,0.0,0.0,0.0
244,530.945849,250.0,150.0,100.0,30.945849,0.0,250.0,150.0,100.0,600.0,1000.0,51.5,51.5,3643.711224,6.692826,0.0,0.0,27343.711213,0.0,0.0,0.0,0.0,0.0
245,552.980261,250.0,150.0,100.0,52.980261,0.0,250.0,150.0,100.0,600.0,1000.0,51.5,51.5,4778.483442,22.034412,0.0,0.0,28478.483462,0.0,0.0,0.0,0.0,0.0
246,618.592198,250.0,150.0,100.0,118.5922,0.0,250.0,150.0,100.0,600.0,1000.0,51.5,51.5,8157.4983,65.611939,0.0,0.0,31857.498176,0.0,0.0,0.0,0.0,0.0
247,685.761468,250.0,150.0,100.0,185.76147,0.0,250.0,150.0,100.0,600.0,1000.0,51.5,51.5,11616.715705,67.16927,0.0,0.0,35316.715602,0.0,0.0,0.0,0.0,0.0
248,710.688071,250.0,150.0,100.0,210.68807,0.0,250.0,150.0,100.0,600.0,1000.0,51.5,51.5,12900.435605,24.9266,0.0,0.0,36600.435646,0.0,0.0,0.0,0.0,0.0
249,707.944198,250.0,150.0,100.0,207.9442,0.0,250.0,150.0,100.0,600.0,1000.0,51.5,51.5,12759.1263,0.0,2.74387,0.0,36459.126176,0.0,0.0,0.0,0.0,0.0
250,715.146865,250.0,150.0,100.0,215.14686,0.0,250.0,150.0,100.0,600.0,1000.0,51.5,51.5,13130.06329,7.20266,0.0,0.0,36830.063527,0.0,0.0,0.0,0.0,0.0
251,722.896452,250.0,150.0,100.0,222.89645,0.0,250.0,150.0,100.0,600.0,1000.0,51.5,51.5,13529.167175,7.74959,0.0,0.0,37229.167278,0.0,0.0,0.0,0.0,0.0
252,718.446928,250.0,150.0,100.0,218.44693,0.0,250.0,150.0,100.0,600.0,1000.0,51.5,51.5,13300.016895,0.0,4.44952,0.0,37000.016802,0.0,0.0,0.0,0.0,0.0
253,705.589658,250.0,150.0,100.0,205.58966,0.0,250.0,150.0,100.0,600.0,1000.0,51.5,51.5,12637.86749,0.0,12.85727,0.0,36337.867408,0.0,0.0,0.0,0.0,0.0
254,692.380135,250.0,150.0,100.0,192.38013,0.0,250.0,150.0,100.0,600.0,1000.0,51.5,51.5,11957.576695,0.0,13.20953,0.0,35657.576932,0.0,0.0,0.0,0.0,0.0
255,687.170483,250.0,150.0,100.0,187.17048,0.0,250.0,150.0,100.0,600.0,1000.0,51.5,51.5,11689.27972,0.0,5.20965,0.0,35389.279895,0.0,0.0,0.0,0.0,0.0
256,694.753214,250.0,150.0,100.0,194.75321,0.0,250.0,150.0,100.0,600.0,1000.0,51.5,51.5,12079.790315,7.58273,0.0,0.0,35779.790511,0.0,0.0,0.0,0.0,0.0
257,723.841976,250.0,150.0,100.0,223.84198,0.0,250.0,150.0,100.0,600.0,1000.0,51.5,51.5,13577.86197,29.08877,0.0,0.0,37277.861754,0.0,0.0,0.0,0.0,0.0
258,719.327563,250.0,150.0,100.0,219.32756,0.0,250.0,150.0,100.0,600.0,1000.0,51.5,51.5,13345.36934,0.0,4.51442,0.0,37045.369505,0.0,0.0,0.0,0.0,0.0
259,699.202738,250.0,150.0,100.0,199.20274,0.0,250.0,150.0,100.0,600.0,1000.0,51.5,51.5,12308.94111,0.0,20.12482,0.0,36008.940986,0.0,0.0,0.0,0.0,0.0
260,661.11296,250.0,150.0,100.0,161.11296,0.0,250.0,150.0,100.0,600.0,1000.0,51.5,51.5,10347.31744,0.0,38.08978,0.0,34047.31743,0.0,0.0,0.0,0.0,0.0
261,633.04388,250.0,150.0,100.0,133.04388,0.0,250.0,150.0,100.0,600.0,1000.0,51.5,51.5,8901.75982,0.0,28.06908,0.0,32601.759841,0.0,0.0,0.0,0.0,0.0
262,618.249214,250.0,150.0,100.0,118.24921,0.0,250.0,150.0,100.0,600.0,1000.0,51.5,51.5,8139.834315,0.0,14.79467,0.0,31839.8345,0.0,0.0,0.0,0.0,0.0
263,586.592706,250.0,150.0,100.0,86.592706,0.0,250.0,150.0,100.0,600.0,1000.0,51.5,51.5,6509.524359,0.0,31.656504,0.0,30209.524359,0.0,0.0,0.0,0.0,0.0
264,557.021912,250.0,150.0,100.0,57.021912,0.0,250.0,150.0,100.0,600.0,1000.0,51.5,51.5,4986.628468,0.0,29.570794,0.0,28686.628489,0.0,0.0,0.0,0.0,0.0
265,534.320071,250.0,150.0,100.0,34.320071,0.0,250.0,150.0,100.0,600.0,1000.0,51.5,51.5,3817.483656,0.0,22.701841,0.0,27517.483636,0.0,0.0,0.0,0.0,0.0
266,517.99588,250.0,150.0,100.0,17.99588,0.0,250.0,150.0,100.0,600.0,1000.0,51.5,51.5,2976.78782,0.0,16.324191,0.0,26676.78783,0.0,0.0,0.0,0.0,0.0
267,512.545214,250.0,150.0,100.0,12.545214,0.0,250.0,150.0,100.0,600.0,1000.0,51.5,51.5,2696.078521,0.0,5.450666,0.0,26396.078511,0.0,0.0,0.0,0.0,0.0
268,510.172135,250.0,150.0,100.0,10.172135,0.0,250.0,150.0,100.0,600.0,1000.0,51.5,51.5,2573.864952,0.0,2.373079,0.0,26273.864932,0.0,0.0,0.0,0.0,0.0
269,503.108515,250.0,150.0,100.0,3.108515,0.0,250.0,150.0,100.0,600.0,1000.0,51.5,51.5,2210.088533,0.0,7.06362,0.0,25910.088533,0.0,0.0,0.0,0.0,0.0
270,500.355373,250.0,150.0,100.0,0.355373,0.0,250.0,150.0,100.0,600.0,1000.0,51.5,51.5,2068.301689,0.0,2.753143,0.0,25768.301689,0.0,0.0,0.0,0.0,0.0
271,531.390801,250.0,150.0,100.0,31.390801,0.0,250.0,150.0,100.0,600.0,1000.0,51.5,51.5,3666.626252,31.035428,0.0,0.0,27366.626252,0.0,0.0,0.0,0.0,0.0
272,565.985849,250.0,150.0,100.0,65.985849,0.0,250.0,150.0,100.0,600.0,1000.0,51.5,51.5,5448.271224,34.595048,0.0,0.0,29148.271213,0.0,0.0,0.0,0.0,0.0
273,590.652896,250.0,150.0,100.0,90.652896,0.0,250.0,150.0,100.0,600.0,1000.0,51.5,51.5,6718.624144,24.667047,0.0,0.0,30418.624165,0.0,0.0,0.0,0.0,0.0
274,607.996769,250.0,150.0,100.0,107.99677,0.0,250.0,150.0,100.0,600.0,1000.0,51.5,51.5,7611.833655,17.343874,0.0,0.0,31311.833624,0.0,0.0,0.0,0.0,0.0
275,617.405658,250.0,150.0,100.0,117.40566,0.0,250.0,150.0,100.0,600.0,1000.0,51.5,51.5,8096.39149,9.40889,0.0,0.0,31796.391387,0.0,0.0,0.0,0.0,0.0
276,613.577214,250.0,150.0,100.0,113.57721,0.0,250.0,150.0,100.0,600.0,1000.0,51.5,51.5,7899.226315,0.0,3.82845,0.0,31599.226521,0.0,0.0,0.0,0.0,0.0
277,596.418737,250.0,150.0,100.0,96.418737,0.0,250.0,150.0,100.0,600.0,1000.0,51.5,51.5,7015.564956,0.0,17.158473,0.0,30715.564976,0.0,0.0,0.0,0.0,0.0
278,584.145468,250.0,150.0,100.0,84.145468,0.0,250.0,150.0,100.0,600.0,1000.0,51.5,51.5,6383.491602,0.0,12.273269,0.0,30083.491602,0.0,0.0,0.0,0.0,0.0
279,583.255563,250.0,150.0,100.0,83.255563,0.0,250.0,150.0,100.0,600.0,1000.0,51.5,51.5,6337.661494,0.0,0.889905,0.0,30037.661495,0.0,0.0,0.0,0.0,0.0
280,593.202103,250.0,150.0,100.0,93.202103,0.0,250.0,150.0,100.0,600.0,1000.0,51.5,51.5,6849.908304,9.94654,0.0,0.0,30549.908284,0.0,0.0,0.0,0.0,0.0
281,634.035754,250.0,150.0,100.0,134.03575,0.0,250.0,150.0,100.0,600.0,1000.0,51.5,51.5,8952.841125,40.833647,0.0,0.0,32652.84131,0.0,0.0,0.0,0.0,0.0
282,642.350801,250.0,150.0,100.0,142.3508,0.0,250.0,150.0,100.0,600.0,1000.0,51.5,51.5,9381.0662,8.31505,0.0,0.0,33081.066241,0.0,0.0,0.0,0.0,0.0
283,626.944325,250.0,150.0,100.0,126.94432,0.0,250.0,150.0,100.0,600.0,1000.0,51.5,51.5,8587.63248,0.0,15.40648,0.0,32287.632727,0.0,0.0,0.0,0.0,0.0
284,591.357404,250.0,150.0,100.0,91.357404,0.0,250.0,150.0,100.0,600.0,1000.0,51.5,51.5,6754.906306,0.0,35.586916,0.0,30454.906327,0.0,0.0,0.0,0.0,0.0
285,573.763246,250.0,150.0,100.0,73.763246,0.0,250.0,150.0,100.0,600.0,1000.0,51.5,51.5,5848.807169,0.0,17.594158,0.0,29548.807148,0.0,0.0,0.0,0.0,0.0
286,575.505976,250.0,150.0,100.0,75.505976,0.0,250.0,150.0,100.0,600.0,1000.0,51.5,51.5,5938.557764,1.74273,0.0,0.0,29638.557743,0.0,0.0,0.0,0.0,0.0
287,552.665087,250.0,150.0,100.0,52.665087,0.0,250.0,150.0,100.0,600.0,1000.0,51.5,51.5,4762.25198,0.0,22.840889,0.0,28462.25197,0.0,0.0,0.0,0.0,0.0
288,527.089595,250.0,150.0,100.0,27.089595,0.0,250.0,150.0,100.0,600.0,1000.0,51.5,51.5,3445.114142,0.0,25.575492,0.0,27145.114132,0.0,0.0,0.0,0.0,0.0
289,504.508261,250.0,150.0,100.0,4.508261,0.0,250.0,150.0,100.0,600.0,1000.0,51.5,51.5,2282.175452,0.0,22.581334,0.0,25982.175452,0.0,0.0,0.0,0.0,0.0
290,493.189785,250.0,150.0,93.189785,0.0,0.0,250.0,150.0,100.0,600.0,1000.0,15.0,15.0,1947.846775,0.0,11.318476,0.0,7397.846775,0.0,0.0,0.0,0.0,0.0
291,485.050865,250.0,150.0,85.050865,0.0,0.0,250.0,150.0,100.0,600.0,1000.0,15.0,15.0,1825.762975,0.0,8.13892,0.0,7275.762972,0.0,0.0,0.0,0.0,0.0
292,481.092643,250.0,150.0,81.092643,0.0,0.0,250.0,150.0,100.0,600.0,1000.0,15.0,15.0,1766.389645,0.0,3.958222,0.0,7216.389639,0.0,0.0,0.0,0.0,0.0
293,471.183182,250.0,150.0,71.183182,0.0,0.0,250.0,150.0,100.0,600.0,1000.0,15.0,15.0,1617.74773,0.0,9.909461,0.0,7067.747727,0.0,0.0,0.0,0.0,0.0
294,458.066357,250.0,150.0,58.066357,0.0,0.0,250.0,150.0,100.0,600.0,1000.0,15.0,15.0,1420.995355,0.0,13.116825,0.0,6870.995352,0.0,0.0,0.0,0.0,0.0
295,470.293277,250.0,150.0,70.293277,0.0,0.0,250.0,150.0,100.0,600.0,1000.0,15.0,15.0,1604.399155,12.22692,0.0,0.0,7054.399161,0.0,0.0,0.0,0.0,0.0
296,491.465595,250.0,150.0,91.465595,0.0,0.0,250.0,150.0,100.0,600.0,1000.0,15.0,15.0,1921.983925,21.172318,0.0,0.0,7371.983925,0.0,0.0,0.0,0.0,0.0
297,522.482483,250.0,150.0,100.0,22.482483,0.0,250.0,150.0,100.0,600.0,1000.0,51.5,51.5,3207.847874,31.016888,0.0,0.0,26907.847895,0.0,0.0,0.0,0.0,0.0
298,550.013912,250.0,150.0,100.0,50.013912,0.0,250.0,150.0,100.0,600.0,1000.0,51.5,51.5,4625.716468,27.531429,0.0,0.0,28325.716489,0.0,0.0,0.0,0.0,0.0
299,574.755119,250.0,150.0,100.0,74.755119,0.0,250.0,150.0,100.0,600.0,1000.0,51.5,51.5,5899.888628,24.741207,0.0,0.0,29599.888618,0.0,0.0,0.0,0.0,0.0
300,578.16642,250.0,150.0,100.0,78.16642,0.0,250.0,150.0,100.0,600.0,1000.0,51.5,51.5,6075.57063,3.411301,0.0,0.0,29775.57063,0.0,0.0,0.0,0.0,0.0
301,561.953468,250.0,150.0,100.0,61.953468,0.0,250.0,150.0,100.0,600.0,1000.0,51.5,51.5,5240.603602,0.0,16.212952,0.0,28940.603592,0.0,0.0,0.0,0.0,0.0
302,548.020896,250.0,150.0,100.0,48.020896,0.0,250.0,150.0,100.0,600.0,1000.0,51.5,51.5,4523.076144,0.0,13.932572,0.0,28223.076144,0.0,0.0,0.0,0.0,0.0
303,546.139118,250.0,150.0,100.0,46.139118,0.0,250.0,150.0,100.0,600.0,1000.0,51.5,51.5,4426.164577,0.0,1.881778,0.0,28126.164598,0.0,0.0,0.0,0.0,0.0
304,560.396134,250.0,150.0,100.0,60.396134,0.0,250.0,150.0,100.0,600.0,1000.0,51.5,51.5,5160.400901,14.257016,0.0,0.0,28860.400911,0.0,0.0,0.0,0.0,0.0
305,601.600579,250.0,150.0,100.0,101.60058,0.0,250.0,150.0,100.0,600.0,1000.0,51.5,51.5,7282.42987,41.204446,0.0,0.0,30982.429798,0.0,0.0,0.0,0.0,0.0
306,617.192452,250.0,150.0,100.0,117.19245,0.0,250.0,150.0,100.0,600.0,1000.0,51.5,51.5,8085.411175,15.59187,0.0,0.0,31785.411257,0.0,0.0,0.0,0.0,0.0
307,605.206547,250.0,150.0,100.0,105.20655,0.0,250.0,150.0,100.0,600.0,1000.0,51.5,51.5,7468.137325,0.0,11.9859,0.0,31168.13716,0.0,0.0,0.0,0.0,0.0
308,582.912579,250.0,150.0,100.0,82.912579,0.0,250.0,150.0,100.0,600.0,1000.0,51.5,51.5,6319.997818,0.0,22.293971,0.0,30019.997819,0.0,0.0,0.0,0.0,0.0
309,573.49442,250.0,150.0,100.0,73.49442,0.0,250.0,150.0,100.0,600.0,1000.0,51.5,51.5,5834.96263,0.0,9.418159,0.0,29534.962651,0.0,0.0,0.0,0.0,0.0
310,580.789785,250.0,150.0,100.0,80.789785,0.0,250.0,150.0,100.0,600.0,1000.0,51.5,51.5,6210.673928,7.295365,0.0,0.0,29910.673928,0.0,0.0,0.0,0.0,0.0
311,556.187626,250.0,150.0,100.0,56.187626,0.0,250.0,150.0,100.0,600.0,1000.0,51.5,51.5,4943.662739,0.0,24.602159,0.0,28643.662749,0.0,0.0,0.0,0.0,0.0
312,530.139373,250.0,150.0,100.0,30.139373,0.0,250.0,150.0,100.0,600.0,1000.0,51.5,51.5,3602.17771,0.0,26.048253,0.0,27302.177689,0.0,0.0,0.0,0.0,0.0
313,513.268261,250.0,150.0,100.0,13.268261,0.0,250.0,150.0,100.0,600.0,1000.0,51.5,51.5,2733.315442,0.0,16.871112,0.0,26433.315452,0.0,0.0,0.0,0.0,0.0
314,504.406293,250.0,150.0,100.0,4.406293,0.0,250.0,150.0,100.0,600.0,1000.0,51.5,51.5,2276.92409,0.0,8.861968,0.0,25976.92409,0.0,0.0,0.0,0.0,0.0
315,505.16642,250.0,150.0,100.0,5.16642,0.0,250.0,150.0,100.0,600.0,1000.0,51.5,51.5,2316.070651,0.760127,0.0,0.0,26016.070651,0.0,0.0,0.0,0.0,0.0
316,518.0515,250.0,150.0,100.0,18.0515,0.0,250.0,150.0,100.0,600.0,1000.0,51.5,51.5,2979.65225,12.88508,0.0,0.0,26679.652229,0.0,0.0,0.0,0.0,0.0
317,551.358039,250.0,150.0,100.0,51.358039,0.0,250.0,150.0,100.0,600.0,1000.0,51.5,51.5,4694.939008,33.306539,0.0,0.0,28394.939008,0.0,0.0,0.0,0.0,0.0
318,630.921087,250.0,150.0,100.0,130.92109,0.0,250.0,150.0,100.0,600.0,1000.0,51.5,51.5,8792.436135,79.563051,0.0,0.0,32492.435981,0.0,0.0,0.0,0.0,0.0
319,700.074103,250.0,150.0,100.0,200.0741,0.0,250.0,150.0,100.0,600.0,1000.0,51.5,51.5,12353.81615,69.15301,0.0,0.0,36053.816284,0.0,0.0,0.0,0.0,0.0
320,725.362229,250.0,150.0,100.0,225.36223,0.0,250.0,150.0,100.0,600.0,1000.0,51.5,51.5,13656.154845,25.28813,0.0,0.0,37356.154814,0.0,0.0,0.0,0.0,0.0
321,730.367944,250.0,150.0,100.0,230.36794,0.0,250.0,150.0,100.0,600.0,1000.0,51.5,51.5,13913.94891,5.00571,0.0,0.0,37613.949126,0.0,0.0,0.0,0.0,0.0
322,740.889214,250.0,150.0,100.0,240.88921,0.0,250.0,150.0,100.0,600.0,1000.0,51.5,51.5,14455.794315,10.52127,0.0,0.0,38155.7945,0.0,0.0,0.0,0.0,0.0
323,748.203119,250.0,150.0,100.0,248.20312,0.0,250.0,150.0,100.0,600.0,1000.0,51.5,51.5,14832.46068,7.31391,0.0,0.0,38532.460618,0.0,0.0,0.0,0.0,0.0
324,745.422166,250.0,150.0,100.0,245.42217,0.0,250.0,150.0,100.0,600.0,1000.0,51.5,51.5,14689.241755,0.0,2.78095,0.0,38389.241559,0.0,0.0,0.0,0.0,0.0
325,741.408325,250.0,150.0,100.0,241.40832,0.0,250.0,150.0,100.0,600.0,1000.0,51.5,51.5,14482.52848,0.0,4.01385,0.0,38182.528717,0.0,0.0,0.0,0.0,0.0
326,733.046928,250.0,150.0,100.0,233.04693,0.0,250.0,150.0,100.0,600.0,1000.0,51.5,51.5,14051.916895,0.0,8.36139,0.0,37751.916792,0.0,0.0,0.0,0.0,0.0
327,728.004134,250.0,150.0,100.0,228.00413,0.0,250.0,150.0,100.0,600.0,1000.0,51.5,51.5,13792.212695,0.0,5.0428,0.0,37492.212922,0.0,0.0,0.0,0.0,0.0
328,723.628769,250.0,150.0,100.0,223.62877,0.0,250.0,150.0,100.0,600.0,1000.0,51.5,51.5,13566.881655,0.0,4.37536,0.0,37266.881624,0.0,0.0,0.0,0.0,0.0
329,748.861277,250.0,150.0,100.0,248.86128,0.0,250.0,150.0,100.0,600.0,1000.0,51.5,51.5,14866.35592,25.23251,0.0,0.0,38566.355786,0.0,0.0,0.0,0.0,0.0
330,748.805658,250.0,150.0,100.0,248.80566,0.0,250.0,150.0,100.0,600.0,1000.0,51.5,51.5,14863.49149,0.0,0.05562,0.0,38563.491387,0.0,0.0,0.0,0.0,0.0
331,731.999436,250.0,150.0,100.0,231.99944,0.0,250.0,150.0,100.0,600.0,1000.0,51.5,51.5,13997.97116,0.0,16.80622,0.0,37697.970954,0.0,0.0,0.0,0.0,0.0
332,698.155246,250.0,150.0,100.0,198.15525,0.0,250.0,150.0,100.0,600.0,1000.0,51.5,51.5,12254.995375,0.0,33.84419,0.0,35954.995148,0.0,0.0,0.0,0.0,0.0
333,671.152198,250.0,150.0,100.0,171.1522,0.0,250.0,150.0,100.0,600.0,1000.0,51.5,51.5,10864.3383,0.0,27.00305,0.0,34564.338176,0.0,0.0,0.0,0.0,0.0
334,652.250992,250.0,150.0,100.0,152.25099,0.0,250.0,150.0,100.0,600.0,1000.0,51.5,51.5,9890.925985,0.0,18.90121,0.0,33590.926067,0.0,0.0,0.0,0.0,0.0
335,613.419626,250.0,150.0,100.0,113.41963,0.0,250.0,150.0,100.0,600.0,1000.0,51.5,51.5,7891.110945,0.0,38.83136,0.0,31591.11076,0.0,0.0,0.0,0.0,0.0
336,588.715499,250.0,150.0,100.0,88.715499,0.0,250.0,150.0,100.0,600.0,1000.0,51.5,51.5,6618.848198,0.0,24.704131,0.0,30318.848219,0.0,0.0,0.0,0.0,0.0
337,570.01823,250.0,150.0,100.0,70.01823,0.0,250.0,150.0,100.0,600.0,1000.0,51.5,51.5,5655.938845,0.0,18.697269,0.0,29355.938835,0.0,0.0,0.0,0.0,0.0
338,561.063563,250.0,150.0,100.0,61.063563,0.0,250.0,150.0,100.0,600.0,1000.0,51.5,51.5,5194.773494,0.0,8.954667,0.0,28894.773484,0.0,0.0,0.0,0.0,0.0
339,555.881722,250.0,150.0,100.0,55.881722,0.0,250.0,150.0,100.0,600.0,1000.0,51.5,51.5,4927.908683,0.0,5.181841,0.0,28627.908662,0.0,0.0,0.0,0.0,0.0
340,564.549023,250.0,150.0,100.0,64.549023,0.0,250.0,150.0,100.0,600.0,1000.0,51.5,51.5,5374.274684,8.667301,0.0,0.0,29074.274705,0.0,0.0,0.0,0.0,0.0
341,587.566039,250.0,150.0,100.0,87.566039,0.0,250.0,150.0,100.0,600.0,1000.0,51.5,51.5,6559.651008,23.017016,0.0,0.0,30259.651019,0.0,0.0,0.0,0.0,0.0
342,654.976325,250.0,150.0,100.0,154.97632,0.0,250.0,150.0,100.0,600.0,1000.0,51.5,51.5,10031.28048,67.410281,0.0,0.0,33731.280727,0.0,0.0,0.0,0.0,0.0
343,718.428388,250.0,150.0,100.0,218.42839,0.0,250.0,150.0,100.0,600.0,1000.0,51.5,51.5,13299.062085,63.45207,0.0,0.0,36999.061992,0.0,0.0,0.0,0.0,0.0
344,734.520833,250.0,150.0,100.0,234.52083,0.0,250.0,150.0,100.0,600.0,1000.0,51.5,51.5,14127.822745,16.09244,0.0,0.0,37827.822889,0.0,0.0,0.0,0.0,0.0
345,733.584579,250.0,150.0,100.0,233.58458,0.0,250.0,150.0,100.0,600.0,1000.0,51.5,51.5,14079.60587,0.0,0.93625,0.0,37779.605818,0.0,0.0,0.0,0.0,0.0
346,741.788389,250.0,150.0,100.0,241.78839,0.0,250.0,150.0,100.0,600.0,1000.0,51.5,51.5,14502.102085,8.20381,0.0,0.0,38202.102013,0.0,0.0,0.0,0.0,0.0
347,749.389658,250.0,150.0,100.0,249.38966,0.0,250.0,150.0,100.0,600.0,1000.0,51.5,51.5,14893.56749,7.60127,0.0,0.0,38593.567408,0.0,0.0,0.0,0.0,0.0
348,745.598293,250.0,150.0,100.0,245.59829,0.0,250.0,150.0,100.0,600.0,1000.0,51.5,51.5,14698.311935,0.0,3.79137,0.0,38398.3121,0.0,0.0,0.0,0.0,0.0
349,740.184706,250.0,150.0,100.0,240.18471,0.0,250.0,150.0,100.0,600.0,1000.0,51.5,51.5,14419.512565,0.0,5.41358,0.0,38119.512338,0.0,0.0,0.0,0.0,0.0
350,732.268261,250.0,150.0,100.0,232.26826,0.0,250.0,150.0,100.0,600.0,1000.0,51.5,51.5,14011.81539,0.0,7.91645,0.0,37711.815452,0.0,0.0,0.0,0.0,0.0
351,726.956642,250.0,150.0,100.0,226.95664,0.0,250.0,150.0,100.0,600.0,1000.0,51.5,51.5,13738.26696,0.0,5.31162,0.0,37438.267084,0.0,0.0,0.0,0.0,0.0
352,726.428261,250.0,150.0,100.0,226.42826,0.0,250.0,150.0,100.0,600.0,1000.0,51.5,51.5,13711.05539,0.0,0.52838,0.0,37411.055462,0.0,0.0,0.0,0.0,0.0
353,752.152071,250.0,150.0,100.0,252.15207,0.0,250.0,150.0,100.0,600.0,1000.0,51.5,51.5,15035.831605,25.72381,0.0,0.0,38735.831656,0.0,0.0,0.0,0.0,0.0
354,751.920325,250.0,150.0,100.0,251.92032,0.0,250.0,150.0,100.0,600.0,1000.0,51.5,51.5,15023.89648,0.0,0.23175,0.0,38723.896717,0.0,0.0,0.0,0.0,0.0
355,735.874229,250.0,150.0,100.0,235.87423,0.0,250.0,150.0,100.0,600.0,1000.0,51.5,51.5,14197.522845,0.0,16.04609,0.0,37897.522814,0.0,0.0,0.0,0.0,0.0
356,702.632579,250.0,150.0,100.0,202.63258,0.0,250.0,150.0,100.0,600.0,1000.0,51.5,51.5,12485.57787,0.0,33.24165,0.0,36185.577808,0.0,0.0,0.0,0.0,0.0
357,672.570484,250.0,150.0,100.0,172.57048,0.0,250.0,150.0,100.0,600.0,1000.0,51.5,51.5,10937.37972,0.0,30.0621,0.0,34637.379905,0.0,0.0,0.0,0.0,0.0
358,651.583563,250.0,150.0,100.0,151.58356,0.0,250.0,150.0,100.0,600.0,1000.0,51.5,51.5,9856.55334,0.0,20.98692,0.0,33556.553495,0.0,0.0,0.0,0.0,0.0
359,616.830928,250.0,150.0,100.0,116.83093,0.0,250.0,150.0,100.0,600.0,1000.0,51.5,51.5,8066.792895,0.0,34.75263,0.0,31766.792802,0.0,0.0,0.0,0.0,0.0
360,588.734039,250.0,150.0,100.0,88.734039,0.0,250.0,150.0,100.0,600.0,1000.0,51.5,51.5,6619.803008,0.0,28.096891,0.0,30319.803029,0.0,0.0,0.0,0.0,0.0
361,570.463182,250.0,150.0,100.0,70.463182,0.0,250.0,150.0,100.0,600.0,1000.0,51.5,51.5,5678.853873,0.0,18.270857,0.0,29378.853873,0.0,0.0,0.0,0.0,0.0
362,558.551436,250.0,150.0,100.0,58.551436,0.0,250.0,150.0,100.0,600.0,1000.0,51.5,51.5,5065.398954,0.0,11.911746,0.0,28765.398954,0.0,0.0,0.0,0.0,0.0
363,557.16096,250.0,150.0,100.0,57.16096,0.0,250.0,150.0,100.0,600.0,1000.0,51.5,51.5,4993.78944,0.0,1.390476,0.0,28693.78944,0.0,0.0,0.0,0.0,0.0
364,565.105214,250.0,150.0,100.0,65.105214,0.0,250.0,150.0,100.0,600.0,1000.0,51.5,51.5,5402.918521,7.944254,0.0,0.0,29102.918511,0.0,0.0,0.0,0.0,0.0
365,590.096706,250.0,150.0,100.0,90.096706,0.0,250.0,150.0,100.0,600.0,1000.0,51.5,51.5,6689.980359,24.991492,0.0,0.0,30389.980359,0.0,0.0,0.0,0.0,0.0
366,655.467626,250.0,150.0,100.0,155.46763,0.0,250.0,150.0,100.0,600.0,1000.0,51.5,51.5,10056.582945,65.370924,0.0,0.0,33756.58276,0.0,0.0,0.0,0.0,0.0
367,718.91042,250.0,150.0,100.0,218.91042,0.0,250.0,150.0,100.0,600.0,1000.0,51.5,51.5,13323.88663,63.44279,0.0,0.0,37023.886651,0.0,0.0,0.0,0.0,0.0
368,735.614674,250.0,150.0,100.0,235.61467,0.0,250.0,150.0,100.0,600.0,1000.0,51.5,51.5,14184.155505,16.70425,0.0,0.0,37884.155721,0.0,0.0,0.0,0.0,0.0
369,739.118674,250.0,150.0,100.0,239.11867,0.0,250.0,150.0,100.0,600.0,1000.0,51.5,51.5,14364.611505,3.504,0.0,0.0,38064.611721,0.0,0.0,0.0,0.0,0.0
370,748.638801,250.0,150.0,100.0,248.6388,0.0,250.0,150.0,100.0,600.0,1000.0,51.5,51.5,14854.8982,9.52013,0.0,0.0,38554.898251,0.0,0.0,0.0,0.0,0.0
371,754.914484,250.0,150.0,100.0,254.91448,0.0,250.0,150.0,100.0,600.0,1000.0,51.5,51.5,15178.09572,6.27568,0.0,0.0,38878.095905,0.0,0.0,0.0,0.0,0.0
372,749.26915,250.0,150.0,100.0,249.26915,0.0,250.0,150.0,100.0,600.0,1000.0,51.5,51.5,14887.361225,0.0,5.64533,0.0,38587.361235,0.0,0.0,0.0,0.0,0.0
373,745.904198,250.0,150.0,100.0,245.9042,0.0,250.0,150.0,100.0,600.0,1000.0,51.5,51.5,14714.0663,0.0,3.36495,0.0,38414.066187,0.0,0.0,0.0,0.0,0.0
374,735.559055,250.0,150.0,100.0,235.55905,0.0,250.0,150.0,100.0,600.0,1000.0,51.5,51.5,14181.291075,0.0,10.34515,0.0,37881.291322,0.0,0.0,0.0,0.0,0.0
375,728.2915,250.0,150.0,100.0,228.2915,0.0,250.0,150.0,100.0,600.0,1000.0,51.5,51.5,13807.01225,0.0,7.26755,0.0,37507.012229,0.0,0.0,0.0,0.0,0.0
376,725.742293,250.0,150.0,100.0,225.74229,0.0,250.0,150.0,100.0,600.0,1000.0,51.5,51.5,13675.727935,0.0,2.54921,0.0,37375.72811,0.0,0.0,0.0,0.0,0.0
377,752.541404,250.0,150.0,100.0,252.5414,0.0,250.0,150.0,100.0,600.0,1000.0,51.5,51.5,15055.8821,26.79911,0.0,0.0,38755.882327,0.0,0.0,0.0,0.0,0.0
378,752.76388,250.0,150.0,100.0,252.76388,0.0,250.0,150.0,100.0,600.0,1000.0,51.5,51.5,15067.33982,0.22248,0.0,0.0,38767.33983,0.0,0.0,0.0,0.0,0.0
379,737.746738,250.0,150.0,100.0,237.74674,0.0,250.0,150.0,100.0,600.0,1000.0,51.5,51.5,14293.95711,0.0,15.01714,0.0,37993.956986,0.0,0.0,0.0,0.0,0.0
380,699.786737,250.0,150.0,100.0,199.78674,0.0,250.0,150.0,100.0,600.0,1000.0,51.5,51.5,12339.01711,0.0,37.96,0.0,36039.016976,0.0,0.0,0.0,0.0,0.0
381,670.076896,250.0,150.0,100.0,170.0769,0.0,250.0,150.0,100.0,600.0,1000.0,51.5,51.5,10808.96035,0.0,29.70984,0.0,34508.960154,0.0,0.0,0.0,0.0,0.0
382,654.142039,250.0,150.0,100.0,154.14204,0.0,250.0,150.0,100.0,600.0,1000.0,51.5,51.5,9988.31506,0.0,15.93486,0.0,33688.315019,0.0,0.0,0.0,0.0,0.0
383,619.176198,250.0,150.0,100.0,119.1762,0.0,250.0,150.0,100.0,600.0,1000.0,51.5,51.5,8187.5743,0.0,34.96584,0.0,31887.574197,0.0,0.0,0.0,0.0,0.0
384,589.716643,250.0,150.0,100.0,89.716643,0.0,250.0,150.0,100.0,600.0,1000.0,51.5,51.5,6670.407114,0.0,29.459557,0.0,30370.407094,0.0,0.0,0.0,0.0,0.0
385,570.954484,250.0,150.0,100.0,70.954484,0.0,250.0,150.0,100.0,600.0,1000.0,51.5,51.5,5704.155926,0.0,18.762159,0.0,29404.155905,0.0,0.0,0.0,0.0,0.0
386,560.359055,250.0,150.0,100.0,60.359055,0.0,250.0,150.0,100.0,600.0,1000.0,51.5,51.5,5158.491332,0.0,10.595429,0.0,28858.491322,0.0,0.0,0.0,0.0,0.0
387,558.180643,250.0,150.0,100.0,58.180643,0.0,250.0,150.0,100.0,600.0,1000.0,51.5,51.5,5046.303114,0.0,2.178412,0.0,28746.303094,0.0,0.0,0.0,0.0,0.0
388,561.313849,250.0,150.0,100.0,61.313849,0.0,250.0,150.0,100.0,600.0,1000.0,51.5,51.5,5207.663224,3.133206,0.0,0.0,28907.663203,0.0,0.0,0.0,0.0,0.0
389,583.459499,250.0,150.0,100.0,83.459499,0.0,250.0,150.0,100.0,600.0,1000.0,51.5,51.5,6348.164198,22.14565,0.0,0.0,30048.164219,0.0,0.0,0.0,0.0,0.0
390,648.923119,250.0,150.0,100.0,148.92312,0.0,250.0,150.0,100.0,600.0,1000.0,51.5,51.5,9719.54068,65.463621,0.0,0.0,33419.540608,0.0,0.0,0.0,0.0,0.0
391,714.544325,250.0,150.0,100.0,214.54432,0.0,250.0,150.0,100.0,600.0,1000.0,51.5,51.5,13099.03248,65.6212,0.0,0.0,36799.032727,0.0,0.0,0.0,0.0,0.0
392,731.934547,250.0,150.0,100.0,231.93455,0.0,250.0,150.0,100.0,600.0,1000.0,51.5,51.5,13994.629325,17.39023,0.0,0.0,37694.629181,0.0,0.0,0.0,0.0,0.0
393,731.369087,250.0,150.0,100.0,231.36909,0.0,250.0,150.0,100.0,600.0,1000.0,51.5,51.5,13965.508135,0.0,0.56546,0.0,37665.50797,0.0,0.0,0.0,0.0,0.0
394,736.625087,250.0,150.0,100.0,236.62509,0.0,250.0,150.0,100.0,600.0,1000.0,51.5,51.5,14236.192135,5.256,0.0,0.0,37936.19197,0.0,0.0,0.0,0.0,0.0
395,748.017722,250.0,150.0,100.0,248.01772,0.0,250.0,150.0,100.0,600.0,1000.0,51.5,51.5,14822.91258,11.39263,0.0,0.0,38522.912673,0.0,0.0,0.0,0.0,0.0
396,741.538103,250.0,150.0,100.0,241.5381,0.0,250.0,150.0,100.0,600.0,1000.0,51.5,51.5,14489.21215,0.0,6.47962,0.0,38189.212294,0.0,0.0,0.0,0.0,0.0
397,736.217214,250.0,150.0,100.0,236.21721,0.0,250.0,150.0,100.0,600.0,1000.0,51.5,51.5,14215.186315,0.0,5.32089,0.0,37915.186521,0.0,0.0,0.0,0.0,0.0
398,728.541785,250.0,150.0,100.0,228.54179,0.0,250.0,150.0,100.0,600.0,1000.0,51.5,51.5,13819.902185,0.0,7.67542,0.0,37519.901948,0.0,0.0,0.0,0.0,0.0
399,724.277658,250.0,150.0,100.0,224.27766,0.0,250.0,150.0,100.0,600.0,1000.0,51.5,51.5,13600.29949,0.0,4.26413,0.0,37300.299387,0.0,0.0,0.0,0.0,0.0
400,720.616071,250.0,150.0,100.0,220.61607,0.0,250.0,150.0,100.0,600.0,1000.0,51.5,51.5,13411.727605,0.0,3.66159,0.0,37111.727656,0.0,0.0,0.0,0.0,0.0
401,748.268008,250.0,150.0,100.0,248.26801,0.0,250.0,150.0,100.0,600.0,1000.0,51.5,51.5,14835.802515,27.65194,0.0,0.0,38535.802391,0.0,0.0,0.0,0.0,0.0
402,751.846166,250.0,150.0,100.0,251.84617,0.0,250.0,150.0,100.0,600.0,1000.0,51.5,51.5,15020.077755,3.57816,0.0,0.0,38720.07757,0.0,0.0,0.0,0.0,0.0
403,735.2995,250.0,150.0,100.0,235.2995,0.0,250.0,150.0,100.0,600.0,1000.0,51.5,51.5,14167.92425,0.0,16.54667,0.0,37867.924229,0.0,0.0,0.0,0.0,0.0
404,698.49823,250.0,150.0,100.0,198.49823,0.0,250.0,150.0,100.0,600.0,1000.0,51.5,51.5,12272.658845,0.0,36.80127,0.0,35972.658824,0.0,0.0,0.0,0.0,0.0
405,674.452261,250.0,150.0,100.0,174.45226,0.0,250.0,150.0,100.0,600.0,1000.0,51.5,51.5,11034.29139,0.0,24.04597,0.0,34734.291452,0.0,0.0,0.0,0.0,0.0
406,656.366801,250.0,150.0,100.0,156.3668,0.0,250.0,150.0,100.0,600.0,1000.0,51.5,51.5,10102.8902,0.0,18.08546,0.0,33802.890241,0.0,0.0,0.0,0.0,0.0
407,621.743944,250.0,150.0,100.0,121.74394,0.0,250.0,150.0,100.0,600.0,1000.0,51.5,51.5,8319.81291,0.0,34.62286,0.0,32019.813126,0.0,0.0,0.0,0.0,0.0
408,591.728198,250.0,150.0,100.0,91.728198,0.0,250.0,150.0,100.0,600.0,1000.0,51.5,51.5,6774.002197,0.0,30.015742,0.0,30474.002187,0.0,0.0,0.0,0.0,0.0
409,573.967182,250.0,150.0,100.0,73.967182,0.0,250.0,150.0,100.0,600.0,1000.0,51.5,51.5,5859.309873,0.0,17.761016,0.0,29559.309873,0.0,0.0,0.0,0.0,0.0
410,561.79588,250.0,150.0,100.0,61.79588,0.0,250.0,150.0,100.0,600.0,1000.0,51.5,51.5,5232.48782,0.0,12.171302,0.0,28932.48783,0.0,0.0,0.0,0.0,0.0
411,557.077531,250.0,150.0,100.0,57.077531,0.0,250.0,150.0,100.0,600.0,1000.0,51.5,51.5,4989.492846,0.0,4.718349,0.0,28689.492857,0.0,0.0,0.0,0.0,0.0
412,561.86077,250.0,150.0,100.0,61.86077,0.0,250.0,150.0,100.0,600.0,1000.0,51.5,51.5,5235.829655,4.783239,0.0,0.0,28935.829634,0.0,0.0,0.0,0.0,0.0
413,586.092134,250.0,150.0,100.0,86.092134,0.0,250.0,150.0,100.0,600.0,1000.0,51.5,51.5,6483.744901,24.231364,0.0,0.0,30183.744922,0.0,0.0,0.0,0.0,0.0
414,651.286928,250.0,150.0,100.0,151.28693,0.0,250.0,150.0,100.0,600.0,1000.0,51.5,51.5,9841.276895,65.194796,0.0,0.0,33541.276782,0.0,0.0,0.0,0.0,0.0
415,715.109785,250.0,150.0,100.0,215.10979,0.0,250.0,150.0,100.0,600.0,1000.0,51.5,51.5,13128.154185,63.82286,0.0,0.0,36828.153938,0.0,0.0,0.0,0.0,0.0
416,733.788515,250.0,150.0,100.0,233.78852,0.0,250.0,150.0,100.0,600.0,1000.0,51.5,51.5,14090.10878,18.67873,0.0,0.0,37790.108543,0.0,0.0,0.0,0.0,0.0
417,739.025975,250.0,150.0,100.0,239.02598,0.0,250.0,150.0,100.0,600.0,1000.0,51.5,51.5,14359.83797,5.23746,0.0,0.0,38059.837733,0.0,0.0,0.0,0.0,0.0
418,746.710674,250.0,150.0,100.0,246.71067,0.0,250.0,150.0,100.0,600.0,1000.0,51.5,51.5,14755.599505,7.68469,0.0,0.0,38455.599711,0.0,0.0,0.0,0.0,0.0
419,747.387373,250.0,150.0,100.0,247.38737,0.0,250.0,150.0,100.0,600.0,1000.0,51.5,51.5,14790.449555,0.6767,0.0,0.0,38490.449689,0.0,0.0,0.0,0.0,0.0
420,739.619246,250.0,150.0,100.0,239.61925,0.0,250.0,150.0,100.0,600.0,1000.0,51.5,51.5,14390.391375,0.0,7.76812,0.0,38090.391159,0.0,0.0,0.0,0.0,0.0
421,726.140896,250.0,150.0,100.0,226.1409,0.0,250.0,150.0,100.0,600.0,1000.0,51.5,51.5,13696.25635,0.0,13.47835,0.0,37396.256154,0.0,0.0,0.0,0.0,0.0
422,712.949912,250.0,150.0,100.0,212.94991,0.0,250.0,150.0,100.0,600.0,1000.0,51.5,51.5,13016.920365,0.0,13.19099,0.0,36716.920489,0.0,0.0,0.0,0.0,0.0
423,704.097214,250.0,150.0,100.0,204.09721,0.0,250.0,150.0,100.0,600.0,1000.0,51.5,51.5,12561.006315,0.0,8.8527,0.0,36261.0065,0.0,0.0,0.0,0.0,0.0
424,707.638293,250.0,150.0,100.0,207.63829,0.0,250.0,150.0,100.0,600.0,1000.0,51.5,51.5,12743.371935,3.54108,0.0,0.0,36443.37209,0.0,0.0,0.0,0.0,0.0
425,735.039944,250.0,150.0,100.0,235.03994,0.0,250.0,150.0,100.0,600.0,1000.0,51.5,51.5,14154.55691,27.40165,0.0,0.0,37854.557106,0.0,0.0,0.0,0.0,0.0
426,731.563753,250.0,150.0,100.0,231.56375,0.0,250.0,150.0,100.0,600.0,1000.0,51.5,51.5,13975.533125,0.0,3.47619,0.0,37675.53329,0.0,0.0,0.0,0.0,0.0
427,710.78077,250.0,150.0,100.0,210.78077,0.0,250.0,150.0,100.0,600.0,1000.0,51.5,51.5,12905.209655,0.0,20.78298,0.0,36605.209634,0.0,0.0,0.0,0.0,0.0
428,675.879817,250.0,150.0,100.0,175.87982,0.0,250.0,150.0,100.0,600.0,1000.0,51.5,51.5,11107.81073,0.0,34.90095,0.0,34807.810586,0.0,0.0,0.0,0.0,0.0
429,646.225595,250.0,150.0,100.0,146.22559,0.0,250.0,150.0,100.0,600.0,1000.0,51.5,51.5,9580.617885,0.0,29.65423,0.0,33280.618132,0.0,0.0,0.0,0.0,0.0
430,636.251246,250.0,150.0,100.0,136.25125,0.0,250.0,150.0,100.0,600.0,1000.0,51.5,51.5,9066.939375,0.0,9.97434,0.0,32766.939159,0.0,0.0,0.0,0.0,0.0
431,605.382674,250.0,150.0,100.0,105.38267,0.0,250.0,150.0,100.0,600.0,1000.0,51.5,51.5,7477.207505,0.0,30.86858,0.0,31177.207701,0.0,0.0,0.0,0.0,0.0
432,580.789785,250.0,150.0,100.0,80.789785,0.0,250.0,150.0,100.0,600.0,1000.0,51.5,51.5,6210.673928,0.0,24.592885,0.0,29910.673928,0.0,0.0,0.0,0.0,0.0
433,559.50623,250.0,150.0,100.0,59.50623,0.0,250.0,150.0,100.0,600.0,1000.0,51.5,51.5,5114.570845,0.0,21.283555,0.0,28814.570835,0.0,0.0,0.0,0.0,0.0
434,546.111309,250.0,150.0,100.0,46.111309,0.0,250.0,150.0,100.0,600.0,1000.0,51.5,51.5,4424.732414,0.0,13.394921,0.0,28124.732414,0.0,0.0,0.0,0.0,0.0
435,533.652643,250.0,150.0,100.0,33.652643,0.0,250.0,150.0,100.0,600.0,1000.0,51.5,51.5,3783.111114,0.0,12.458666,0.0,27483.111094,0.0,0.0,0.0,0.0,0.0
436,526.626103,250.0,150.0,100.0,26.626103,0.0,250.0,150.0,100.0,600.0,1000.0,51.5,51.5,3421.244304,0.0,7.02654,0.0,27121.244284,0.0,0.0,0.0,0.0,0.0
437,519.293658,250.0,150.0,100.0,19.293658,0.0,250.0,150.0,100.0,600.0,1000.0,51.5,51.5,3043.623387,0.0,7.332445,0.0,26743.623387,0.0,0.0,0.0,0.0,0.0
438,514.695817,250.0,150.0,100.0,14.695817,0.0,250.0,150.0,100.0,600.0,1000.0,51.5,51.5,2806.834576,0.0,4.597841,0.0,26506.834586,0.0,0.0,0.0,0.0,0.0
439,547.427626,250.0,150.0,100.0,47.427626,0.0,250.0,150.0,100.0,600.0,1000.0,51.5,51.5,4492.522739,32.731809,0.0,0.0,28192.522749,0.0,0.0,0.0,0.0,0.0
440,579.158293,250.0,150.0,100.0,79.158293,0.0,250.0,150.0,100.0,600.0,1000.0,51.5,51.5,6126.652089,31.730667,0.0,0.0,29826.6521,0.0,0.0,0.0,0.0,0.0
441,609.822928,250.0,150.0,100.0,109.82293,0.0,250.0,150.0,100.0,600.0,1000.0,51.5,51.5,7705.880895,30.664637,0.0,0.0,31405.880802,0.0,0.0,0.0,0.0,0.0
442,627.528325,250.0,150.0,100.0,127.52832,0.0,250.0,150.0,100.0,600.0,1000.0,51.5,51.5,8617.70848,17.70539,0.0,0.0,32317.708717,0.0,0.0,0.0,0.0,0.0
443,638.364769,250.0,150.0,100.0,138.36477,0.0,250.0,150.0,100.0,600.0,1000.0,51.5,51.5,9175.785655,10.83645,0.0,0.0,32875.785614,0.0,0.0,0.0,0.0,0.0
444,631.236262,250.0,150.0,100.0,131.23626,0.0,250.0,150.0,100.0,600.0,1000.0,51.5,51.5,8808.66739,0.0,7.12851,0.0,32508.667472,0.0,0.0,0.0,0.0,0.0
445,615.51461,250.0,150.0,100.0,115.51461,0.0,250.0,150.0,100.0,600.0,1000.0,51.5,51.5,7999.002415,0.0,15.72165,0.0,31699.002436,0.0,0.0,0.0,0.0,0.0
446,602.369975,250.0,150.0,100.0,102.36998,0.0,250.0,150.0,100.0,600.0,1000.0,51.5,51.5,7322.05397,0.0,13.14463,0.0,31022.053733,0.0,0.0,0.0,0.0,0.0
447,603.816071,250.0,150.0,100.0,103.81607,0.0,250.0,150.0,100.0,600.0,1000.0,51.5,51.5,7396.527605,1.44609,0.0,0.0,31096.527646,0.0,0.0,0.0,0.0,0.0
448,607.588896,250.0,150.0,100.0,107.5889,0.0,250.0,150.0,100.0,600.0,1000.0,51.5,51.5,7590.82835,3.77283,0.0,0.0,31290.828144,0.0,0.0,0.0,0.0,0.0
449,648.292769,250.0,150.0,100.0,148.29277,0.0,250.0,150.0,100.0,600.0,1000.0,51.5,51.5,9687.077655,40.70387,0.0,0.0,33387.077624,0.0,0.0,0.0,0.0,0.0
450,656.922992,250.0,150.0,100.0,156.92299,0.0,250.0,150.0,100.0,600.0,1000.0,51.5,51.5,10131.533985,8.63022,0.0,0.0,33831.534078,0.0,0.0,0.0,0.0,0.0
451,635.806293,250.0,150.0,100.0,135.80629,0.0,250.0,150.0,100.0,600.0,1000.0,51.5,51.5,9044.023935,0.0,21.1167,0.0,32744.02409,0.0,0.0,0.0,0.0,0.0
452,599.589023,250.0,150.0,100.0,99.589023,0.0,250.0,150.0,100.0,600.0,1000.0,51.5,51.5,7178.834684,0.0,36.217267,0.0,30878.834705,0.0,0.0,0.0,0.0,0.0
453,585.693531,250.0,150.0,100.0,85.693531,0.0,250.0,150.0,100.0,600.0,1000.0,51.5,51.5,6463.216846,0.0,13.895492,0.0,30163.216846,0.0,0.0,0.0,0.0,0.0
454,588.08515,250.0,150.0,100.0,88.08515,0.0,250.0,150.0,100.0,600.0,1000.0,51.5,51.5,6586.385225,2.391619,0.0,0.0,30286.385235,0.0,0.0,0.0,0.0,0.0
455,569.230293,250.0,150.0,100.0,69.230293,0.0,250.0,150.0,100.0,600.0,1000.0,51.5,51.5,5615.36009,0.0,18.854857,0.0,29315.36009,0.0,0.0,0.0,0.0,0.0
456,548.808833,250.0,150.0,100.0,48.808833,0.0,250.0,150.0,100.0,600.0,1000.0,51.5,51.5,4563.654899,0.0,20.42146,0.0,28263.654889,0.0,0.0,0.0,0.0,0.0
457,530.612134,250.0,150.0,100.0,30.612134,0.0,250.0,150.0,100.0,600.0,1000.0,51.5,51.5,3626.524901,0.0,18.196699,0.0,27326.524911,0.0,0.0,0.0,0.0,0.0
458,516.27169,250.0,150.0,100.0,16.27169,0.0,250.0,150.0,100.0,600.0,1000.0,51.5,51.5,2887.992035,0.0,14.340444,0.0,26587.992045,0.0,0.0,0.0,0.0,0.0
459,506.380769,250.0,150.0,100.0,6.380769,0.0,250.0,150.0,100.0,600.0,1000.0,51.5,51.5,2378.609624,0.0,9.890921,0.0,26078.609624,0.0,0.0,0.0,0.0,0.0
460,500.346103,250.0,150.0,100.0,0.346103,0.0,250.0,150.0,100.0,600.0,1000.0,51.5,51.5,2067.824284,0.0,6.034667,0.0,25767.824284,0.0,0.0,0.0,0.0,0.0
461,493.977722,250.0,150.0,93.977722,0.0,0.0,250.0,150.0,100.0,600.0,1000.0,15.0,15.0,1959.66583,0.0,6.368381,0.0,7409.665827,0.0,0.0,0.0,0.0,0.0
462,479.45188,250.0,150.0,79.45188,0.0,0.0,250.0,150.0,100.0,600.0,1000.0,15.0,15.0,1741.7782,0.0,14.525842,0.0,7191.778203,0.0,0.0,0.0,0.0,0.0
463,492.707753,250.0,150.0,92.707753,0.0,0.0,250.0,150.0,100.0,600.0,1000.0,15.0,15.0,1940.616295,13.255873,0.0,0.0,7390.616301,0.0,0.0,0.0,0.0,0.0
464,523.214801,250.0,150.0,100.0,23.214801,0.0,250.0,150.0,100.0,600.0,1000.0,51.5,51.5,3245.562252,30.507048,0.0,0.0,26945.562241,0.0,0.0,0.0,0.0,0.0
465,553.582801,250.0,150.0,100.0,53.582801,0.0,250.0,150.0,100.0,600.0,1000.0,51.5,51.5,4809.514252,30.368,0.0,0.0,28509.514262,0.0,0.0,0.0,0.0,0.0
466,578.935817,250.0,150.0,100.0,78.935817,0.0,250.0,150.0,100.0,600.0,1000.0,51.5,51.5,6115.194576,25.353016,0.0,0.0,29815.194565,0.0,0.0,0.0,0.0,0.0
467,600.94242,250.0,150.0,100.0,100.94242,0.0,250.0,150.0,100.0,600.0,1000.0,51.5,51.5,7248.53463,22.006603,0.0,0.0,30948.53463,0.0,0.0,0.0,0.0,0.0
468,601.155626,250.0,150.0,100.0,101.15563,0.0,250.0,150.0,100.0,600.0,1000.0,51.5,51.5,7259.514945,0.21321,0.0,0.0,30959.51476,0.0,0.0,0.0,0.0,0.0
469,586.055055,250.0,150.0,100.0,86.055055,0.0,250.0,150.0,100.0,600.0,1000.0,51.5,51.5,6481.835332,0.0,15.100575,0.0,30181.835333,0.0,0.0,0.0,0.0,0.0
470,573.142166,250.0,150.0,100.0,73.142166,0.0,250.0,150.0,100.0,600.0,1000.0,51.5,51.5,5816.821549,0.0,12.912889,0.0,29516.82157,0.0,0.0,0.0,0.0,0.0
471,565.828261,250.0,150.0,100.0,65.828261,0.0,250.0,150.0,100.0,600.0,1000.0,51.5,51.5,5440.155442,0.0,7.313905,0.0,29140.155452,0.0,0.0,0.0,0.0,0.0
472,571.14915,250.0,150.0,100.0,71.14915,0.0,250.0,150.0,100.0,600.0,1000.0,51.5,51.5,5714.181225,5.320889,0.0,0.0,29414.181225,0.0,0.0,0.0,0.0,0.0
473,612.464833,250.0,150.0,100.0,112.46483,0.0,250.0,150.0,100.0,600.0,1000.0,51.5,51.5,7841.938745,41.31568,0.0,0.0,31541.938879,0.0,0.0,0.0,0.0,0.0
474,627.055563,250.0,150.0,100.0,127.05556,0.0,250.0,150.0,100.0,600.0,1000.0,51.5,51.5,8593.36134,14.59073,0.0,0.0,32293.361494,0.0,0.0,0.0,0.0,0.0
475,614.35588,250.0,150.0,100.0,114.35588,0.0,250.0,150.0,100.0,600.0,1000.0,51.5,51.5,7939.32782,0.0,12.69968,0.0,31639.32783,0.0,0.0,0.0,0.0,0.0
476,590.606547,250.0,150.0,100.0,90.606547,0.0,250.0,150.0,100.0,600.0,1000.0,51.5,51.5,6716.237171,0.0,23.749333,0.0,30416.23717,0.0,0.0,0.0,0.0,0.0
477,583.719055,250.0,150.0,100.0,83.719055,0.0,250.0,150.0,100.0,600.0,1000.0,51.5,51.5,6361.531332,0.0,6.887492,0.0,30061.531343,0.0,0.0,0.0,0.0,0.0
478,591.811627,250.0,150.0,100.0,91.811627,0.0,250.0,150.0,100.0,600.0,1000.0,51.5,51.5,6778.29879,8.092572,0.0,0.0,30478.29877,0.0,0.0,0.0,0.0,0.0
479,569.156134,250.0,150.0,100.0,69.156134,0.0,250.0,150.0,100.0,600.0,1000.0,51.5,51.5,5611.540901,0.0,22.655493,0.0,29311.540911,0.0,0.0,0.0,0.0,0.0
480,546.750928,250.0,150.0,100.0,46.750928,0.0,250.0,150.0,100.0,600.0,1000.0,51.5,51.5,4457.672792,0.0,22.405206,0.0,28157.672802,0.0,0.0,0.0,0.0,0.0
481,529.305087,250.0,150.0,100.0,29.305087,0.0,250.0,150.0,100.0,600.0,1000.0,51.5,51.5,3559.21198,0.0,17.445841,0.0,27259.21198,0.0,0.0,0.0,0.0,0.0
482,527.525277,250.0,150.0,100.0,27.525277,0.0,250.0,150.0,100.0,600.0,1000.0,51.5,51.5,3467.551766,0.0,1.77981,0.0,27167.551765,0.0,0.0,0.0,0.0,0.0
483,526.459246,250.0,150.0,100.0,26.459246,0.0,250.0,150.0,100.0,600.0,1000.0,51.5,51.5,3412.651169,0.0,1.066031,0.0,27112.651148,0.0,0.0,0.0,0.0,0.0
484,533.736071,250.0,150.0,100.0,33.736071,0.0,250.0,150.0,100.0,600.0,1000.0,51.5,51.5,3787.407656,7.276825,0.0,0.0,27487.407646,0.0,0.0,0.0,0.0,0.0
485,564.131881,250.0,150.0,100.0,64.131881,0.0,250.0,150.0,100.0,600.0,1000.0,51.5,51.5,5352.791872,30.39581,0.0,0.0,29052.791851,0.0,0.0,0.0,0.0,0.0
486,632.858483,250.0,150.0,100.0,132.85848,0.0,250.0,150.0,100.0,600.0,1000.0,51.5,51.5,8892.21172,68.726599,0.0,0.0,32592.211895,0.0,0.0,0.0,0.0,0.0
487,696.282737,250.0,150.0,100.0,196.28274,0.0,250.0,150.0,100.0,600.0,1000.0,51.5,51.5,12158.56111,63.42426,0.0,0.0,35858.560976,0.0,0.0,0.0,0.0,0.0
488,718.437658,250.0,150.0,100.0,218.43766,0.0,250.0,150.0,100.0,600.0,1000.0,51.5,51.5,13299.53949,22.15492,0.0,0.0,36999.539397,0.0,0.0,0.0,0.0,0.0
489,720.458483,250.0,150.0,100.0,220.45848,0.0,250.0,150.0,100.0,600.0,1000.0,51.5,51.5,13403.61172,2.02082,0.0,0.0,37103.611895,0.0,0.0,0.0,0.0,0.0
490,730.488452,250.0,150.0,100.0,230.48845,0.0,250.0,150.0,100.0,600.0,1000.0,51.5,51.5,13920.155175,10.02997,0.0,0.0,37620.155268,0.0,0.0,0.0,0.0,0.0
491,739.674865,250.0,150.0,100.0,239.67486,0.0,250.0,150.0,100.0,600.0,1000.0,51.5,51.5,14393.25529,9.18641,0.0,0.0,38093.255527,0.0,0.0,0.0,0.0,0.0
492,737.116388,250.0,150.0,100.0,237.11639,0.0,250.0,150.0,100.0,600.0,1000.0,51.5,51.5,14261.494085,0.0,2.55847,0.0,37961.494003,0.0,0.0,0.0,0.0,0.0
493,733.278674,250.0,150.0,100.0,233.27867,0.0,250.0,150.0,100.0,600.0,1000.0,51.5,51.5,14063.851505,0.0,3.83772,0.0,37763.851701,0.0,0.0,0.0,0.0,0.0
494,723.841976,250.0,150.0,100.0,223.84198,0.0,250.0,150.0,100.0,600.0,1000.0,51.5,51.5,13577.86197,0.0,9.43669,0.0,37277.861754,0.0,0.0,0.0,0.0,0.0
495,715.41569,250.0,150.0,100.0,215.41569,0.0,250.0,150.0,100.0,600.0,1000.0,51.5,51.5,13143.908035,0.0,8.42629,0.0,36843.908025,0.0,0.0,0.0,0.0,0.0
496,709.269785,250.0,150.0,100.0,209.26979,0.0,250.0,150.0,100.0,600.0,1000.0,51.5,51.5,12827.394185,0.0,6.1459,0.0,36527.393948,0.0,0.0,0.0,0.0,0.0
497,737.311055,250.0,150.0,100.0,237.31105,0.0,250.0,150.0,100.0,600.0,1000.0,51.5,51.5,14271.519075,28.04126,0.0,0.0,37971.519322,0.0,0.0,0.0,0.0,0.0
498,741.853277,250.0,150.0,100.0,241.85328,0.0,250.0,150.0,100.0,600.0,1000.0,51.5,51.5,14505.44392,4.54223,0.0,0.0,38205.443786,0.0,0.0,0.0,0.0,0.0
499,727.058611,250.0,150.0,100.0,227.05861,0.0,250.0,150.0,100.0,600.0,1000.0,51.5,51.5,13743.518415,0.0,14.79467,0.0,37443.518446,0.0,0.0,0.0,0.0,0.0
500,693.78915,250.0,150.0,100.0,193.78915,0.0,250.0,150.0,100.0,600.0,1000.0,51.5,51.5,12030.141225,0.0,33.26946,0.0,35730.141225,0.0,0.0,0.0,0.0,0.0
501,667.064198,250.0,150.0,100.0,167.0642,0.0,250.0,150.0,100.0,600.0,1000.0,51.5,51.5,10653.8063,0.0,26.72495,0.0,34353.806187,0.0,0.0,0.0,0.0,0.0
502,650.971753,250.0,150.0,100.0,150.97175,0.0,250.0,150.0,100.0,600.0,1000.0,51.5,51.5,9825.045125,0.0,16.09245,0.0,33525.04529,0.0,0.0,0.0,0.0,0.0
503,615.208706,250.0,150.0,100.0,115.20871,0.0,250.0,150.0,100.0,600.0,1000.0,51.5,51.5,7983.248565,0.0,35.76304,0.0,31683.248349,0.0,0.0,0.0,0.0,0.0
504,589.633214,250.0,150.0,100.0,89.633214,0.0,250.0,150.0,100.0,600.0,1000.0,51.5,51.5,6666.110521,0.0,25.575496,0.0,30366.110511,0.0,0.0,0.0,0.0,0.0
505,572.048325,250.0,150.0,100.0,72.048325,0.0,250.0,150.0,100.0,600.0,1000.0,51.5,51.5,5760.488738,0.0,17.584889,0.0,29460.488738,0.0,0.0,0.0,0.0,0.0
506,561.684643,250.0,150.0,100.0,61.684643,0.0,250.0,150.0,100.0,600.0,1000.0,51.5,51.5,5226.759115,0.0,10.363682,0.0,28926.759094,0.0,0.0,0.0,0.0,0.0
507,559.626737,250.0,150.0,100.0,59.626737,0.0,250.0,150.0,100.0,600.0,1000.0,51.5,51.5,5120.776956,0.0,2.057906,0.0,28820.776976,0.0,0.0,0.0,0.0,0.0
508,567.561722,250.0,150.0,100.0,67.561722,0.0,250.0,150.0,100.0,600.0,1000.0,51.5,51.5,5529.428683,7.934985,0.0,0.0,29229.428673,0.0,0.0,0.0,0.0,0.0
509,590.346992,250.0,150.0,100.0,90.346992,0.0,250.0,150.0,100.0,600.0,1000.0,51.5,51.5,6702.870088,22.78527,0.0,0.0,30402.870078,0.0,0.0,0.0,0.0,0.0
510,653.168706,250.0,150.0,100.0,153.16871,0.0,250.0,150.0,100.0,600.0,1000.0,51.5,51.5,9938.188565,62.821718,0.0,0.0,33638.188359,0.0,0.0,0.0,0.0,0.0
511,716.908135,250.0,150.0,100.0,216.90813,0.0,250.0,150.0,100.0,600.0,1000.0,51.5,51.5,13220.768695,63.73942,0.0,0.0,36920.768932,0.0,0.0,0.0,0.0,0.0
512,734.69696,250.0,150.0,100.0,234.69696,0.0,250.0,150.0,100.0,600.0,1000.0,51.5,51.5,14136.89344,17.78883,0.0,0.0,37836.89343,0.0,0.0,0.0,0.0,0.0
513,740.314484,250.0,150.0,100.0,240.31448,0.0,250.0,150.0,100.0,600.0,1000.0,51.5,51.5,14426.19572,5.61752,0.0,0.0,38126.195916,0.0,0.0,0.0,0.0,0.0
514,751.744198,250.0,150.0,100.0,251.7442,0.0,250.0,150.0,100.0,600.0,1000.0,51.5,51.5,15014.8263,11.42972,0.0,0.0,38714.826176,0.0,0.0,0.0,0.0,0.0
515,757.639817,250.0,150.0,100.0,257.63982,0.0,250.0,150.0,100.0,600.0,1000.0,51.5,51.5,15318.45073,5.89562,0.0,0.0,39018.450565,0.0,0.0,0.0,0.0,0.0
516,752.281849,250.0,150.0,100.0,252.28185,0.0,250.0,150.0,100.0,600.0,1000.0,51.5,51.5,15042.515275,0.0,5.35797,0.0,38742.515203,0.0,0.0,0.0,0.0,0.0
517,749.760452,250.0,150.0,100.0,249.76045,0.0,250.0,150.0,100.0,600.0,1000.0,51.5,51.5,14912.663175,0.0,2.5214,0.0,38612.663268,0.0,0.0,0.0,0.0,0.0
518,738.432706,250.0,150.0,100.0,238.43271,0.0,250.0,150.0,100.0,600.0,1000.0,51.5,51.5,14329.284565,0.0,11.32774,0.0,38029.284338,0.0,0.0,0.0,0.0,0.0
519,732.574166,250.0,150.0,100.0,232.57417,0.0,250.0,150.0,100.0,600.0,1000.0,51.5,51.5,14027.569755,0.0,5.85854,0.0,37727.56957,0.0,0.0,0.0,0.0,0.0
520,725.797912,250.0,150.0,100.0,225.79791,0.0,250.0,150.0,100.0,600.0,1000.0,51.5,51.5,13678.592365,0.0,6.77626,0.0,37378.592478,0.0,0.0,0.0,0.0,0.0
521,750.576198,250.0,150.0,100.0,250.5762,0.0,250.0,150.0,100.0,600.0,1000.0,51.5,51.5,14954.6743,24.77829,0.0,0.0,38654.674197,0.0,0.0,0.0,0.0,0.0
522,753.264452,250.0,150.0,100.0,253.26445,0.0,250.0,150.0,100.0,600.0,1000.0,51.5,51.5,15093.119175,2.68825,0.0,0.0,38793.119268,0.0,0.0,0.0,0.0,0.0
523,737.385214,250.0,150.0,100.0,237.38521,0.0,250.0,150.0,100.0,600.0,1000.0,51.5,51.5,14275.338315,0.0,15.87924,0.0,37975.3385,0.0,0.0,0.0,0.0,0.0
524,701.501658,250.0,150.0,100.0,201.50166,0.0,250.0,150.0,100.0,600.0,1000.0,51.5,51.5,12427.33549,0.0,35.88355,0.0,36127.335387,0.0,0.0,0.0,0.0,0.0
525,675.564643,250.0,150.0,100.0,175.56464,0.0,250.0,150.0,100.0,600.0,1000.0,51.5,51.5,11091.57896,0.0,25.93702,0.0,34791.579094,0.0,0.0,0.0,0.0,0.0
526,656.172134,250.0,150.0,100.0,156.17213,0.0,250.0,150.0,100.0,600.0,1000.0,51.5,51.5,10092.864695,0.0,19.39251,0.0,33792.864922,0.0,0.0,0.0,0.0,0.0
527,623.356896,250.0,150.0,100.0,123.3569,0.0,250.0,150.0,100.0,600.0,1000.0,51.5,51.5,8402.88035,0.0,32.81523,0.0,32102.880144,0.0,0.0,0.0,0.0,0.0
528,602.314357,250.0,150.0,100.0,102.31436,0.0,250.0,150.0,100.0,600.0,1000.0,51.5,51.5,7319.18954,0.0,21.04254,0.0,31019.189365,0.0,0.0,0.0,0.0,0.0
529,583.190674,250.0,150.0,100.0,83.190674,0.0,250.0,150.0,100.0,600.0,1000.0,51.5,51.5,6334.319711,0.0,19.123686,0.0,30034.319721,0.0,0.0,0.0,0.0,0.0
530,572.205912,250.0,150.0,100.0,72.205912,0.0,250.0,150.0,100.0,600.0,1000.0,51.5,51.5,5768.604468,0.0,10.984762,0.0,29468.604468,0.0,0.0,0.0,0.0,0.0
531,569.601087,250.0,150.0,100.0,69.601087,0.0,250.0,150.0,100.0,600.0,1000.0,51.5,51.5,5634.455981,0.0,2.604825,0.0,29334.45598,0.0,0.0,0.0,0.0,0.0
532,577.239436,250.0,150.0,100.0,77.239436,0.0,250.0,150.0,100.0,600.0,1000.0,51.5,51.5,6027.830954,7.638349,0.0,0.0,29727.830964,0.0,0.0,0.0,0.0,0.0
533,603.074483,250.0,150.0,100.0,103.07448,0.0,250.0,150.0,100.0,600.0,1000.0,51.5,51.5,7358.33572,25.835044,0.0,0.0,31058.335895,0.0,0.0,0.0,0.0,0.0
534,667.611119,250.0,150.0,100.0,167.61112,0.0,250.0,150.0,100.0,600.0,1000.0,51.5,51.5,10681.97268,64.53664,0.0,0.0,34381.972618,0.0,0.0,0.0,0.0,0.0
535,728.022674,250.0,150.0,100.0,228.02267,0.0,250.0,150.0,100.0,600.0,1000.0,51.5,51.5,13793.167505,60.41155,0.0,0.0,37493.167701,0.0,0.0,0.0,0.0,0.0
536,743.744325,250.0,150.0,100.0,243.74433,0.0,250.0,150.0,100.0,600.0,1000.0,51.5,51.5,14602.832995,15.72166,0.0,0.0,38302.832738,0.0,0.0,0.0,0.0,0.0
537,744.161468,250.0,150.0,100.0,244.16147,0.0,250.0,150.0,100.0,600.0,1000.0,51.5,51.5,14624.315705,0.41714,0.0,0.0,38324.315592,0.0,0.0,0.0,0.0,0.0
538,750.094166,250.0,150.0,100.0,250.09417,0.0,250.0,150.0,100.0,600.0,1000.0,51.5,51.5,14929.849755,5.9327,0.0,0.0,38629.84957,0.0,0.0,0.0,0.0,0.0
539,757.009468,250.0,150.0,100.0,257.00947,0.0,250.0,150.0,100.0,600.0,1000.0,51.5,51.5,15285.987705,6.9153,0.0,0.0,38985.987581,0.0,0.0,0.0,0.0,0.0
540,754.413912,250.0,150.0,100.0,254.41391,0.0,250.0,150.0,100.0,600.0,1000.0,51.5,51.5,15152.316365,0.0,2.59556,0.0,38852.316468,0.0,0.0,0.0,0.0,0.0
541,749.176452,250.0,150.0,100.0,249.17645,0.0,250.0,150.0,100.0,600.0,1000.0,51.5,51.5,14882.587175,0.0,5.23746,0.0,38582.587278,0.0,0.0,0.0,0.0,0.0
542,739.406039,250.0,150.0,100.0,239.40604,0.0,250.0,150.0,100.0,600.0,1000.0,51.5,51.5,14379.41106,0.0,9.77041,0.0,38079.411029,0.0,0.0,0.0,0.0,0.0
543,734.798928,250.0,150.0,100.0,234.79893,0.0,250.0,150.0,100.0,600.0,1000.0,51.5,51.5,14142.144895,0.0,4.60711,0.0,37842.144792,0.0,0.0,0.0,0.0,0.0
544,730.812896,250.0,150.0,100.0,230.8129,0.0,250.0,150.0,100.0,600.0,1000.0,51.5,51.5,13936.86435,0.0,3.98603,0.0,37636.864165,0.0,0.0,0.0,0.0,0.0
545,758.177468,250.0,150.0,100.0,258.17747,0.0,250.0,150.0,100.0,600.0,1000.0,51.5,51.5,15346.139705,27.36457,0.0,0.0,39046.139592,0.0,0.0,0.0,0.0,0.0
546,761.755627,250.0,150.0,100.0,261.75563,0.0,250.0,150.0,100.0,600.0,1000.0,51.5,51.5,15530.414945,3.57816,0.0,0.0,39230.41477,0.0,0.0,0.0,0.0,0.0
547,745.449976,250.0,150.0,100.0,245.44998,0.0,250.0,150.0,100.0,600.0,1000.0,51.5,51.5,14690.67397,0.0,16.30565,0.0,38390.673743,0.0,0.0,0.0,0.0,0.0
548,709.844515,250.0,150.0,100.0,209.84452,0.0,250.0,150.0,100.0,600.0,1000.0,51.5,51.5,12856.99278,0.0,35.60546,0.0,36556.992533,0.0,0.0,0.0,0.0,0.0
549,685.61315,250.0,150.0,100.0,185.61315,0.0,250.0,150.0,100.0,600.0,1000.0,51.5,51.5,11609.077225,0.0,24.23137,0.0,35309.077246,0.0,0.0,0.0,0.0,0.0
550,670.253023,250.0,150.0,100.0,170.25302,0.0,250.0,150.0,100.0,600.0,1000.0,51.5,51.5,10818.03053,0.0,15.36013,0.0,34518.030695,0.0,0.0,0.0,0.0,0.0
551,632.793595,250.0,150.0,100.0,132.79359,0.0,250.0,150.0,100.0,600.0,1000.0,51.5,51.5,8888.869885,0.0,37.45943,0.0,32588.870122,0.0,0.0,0.0,0.0,0.0
552,607.34788,250.0,150.0,100.0,107.34788,0.0,250.0,150.0,100.0,600.0,1000.0,51.5,51.5,7578.41582,0.0,25.44571,0.0,31278.41583,0.0,0.0,0.0,0.0,0.0
553,587.668007,250.0,150.0,100.0,87.668007,0.0,250.0,150.0,100.0,600.0,1000.0,51.5,51.5,6564.90236,0.0,19.679873,0.0,30264.902381,0.0,0.0,0.0,0.0,0.0
554,577.248706,250.0,150.0,100.0,77.248706,0.0,250.0,150.0,100.0,600.0,1000.0,51.5,51.5,6028.308359,0.0,10.419301,0.0,29728.308338,0.0,0.0,0.0,0.0,0.0
555,573.716896,250.0,150.0,100.0,73.716896,0.0,250.0,150.0,100.0,600.0,1000.0,51.5,51.5,5846.420144,0.0,3.53181,0.0,29546.420154,0.0,0.0,0.0,0.0,0.0
556,579.723754,250.0,150.0,100.0,79.723754,0.0,250.0,150.0,100.0,600.0,1000.0,51.5,51.5,6155.773331,6.006858,0.0,0.0,29855.77331,0.0,0.0,0.0,0.0,0.0
557,600.719944,250.0,150.0,100.0,100.71994,0.0,250.0,150.0,100.0,600.0,1000.0,51.5,51.5,7237.07691,20.996186,0.0,0.0,30937.077126,0.0,0.0,0.0,0.0,0.0
558,665.256579,250.0,150.0,100.0,165.25658,0.0,250.0,150.0,100.0,600.0,1000.0,51.5,51.5,10560.71387,64.53664,0.0,0.0,34260.713818,0.0,0.0,0.0,0.0,0.0
559,730.099118,250.0,150.0,100.0,230.09912,0.0,250.0,150.0,100.0,600.0,1000.0,51.5,51.5,13900.10468,64.84254,0.0,0.0,37600.104598,0.0,0.0,0.0,0.0,0.0
560,749.065214,250.0,150.0,100.0,249.06521,0.0,250.0,150.0,100.0,600.0,1000.0,51.5,51.5,14876.858315,18.96609,0.0,0.0,38576.858511,0.0,0.0,0.0,0.0,0.0
561,749.463817,250.0,150.0,100.0,249.46382,0.0,250.0,150.0,100.0,600.0,1000.0,51.5,51.5,14897.38673,0.39861,0.0,0.0,38597.386586,0.0,0.0,0.0,0.0,0.0
562,753.755753,250.0,150.0,100.0,253.75575,0.0,250.0,150.0,100.0,600.0,1000.0,51.5,51.5,15118.421125,4.29193,0.0,0.0,38818.4213,0.0,0.0,0.0,0.0,0.0
563,760.36515,250.0,150.0,100.0,260.36515,0.0,250.0,150.0,100.0,600.0,1000.0,51.5,51.5,15458.805225,6.6094,0.0,0.0,39158.805225,0.0,0.0,0.0,0.0,0.0
564,759.80896,250.0,150.0,100.0,259.80896,0.0,250.0,150.0,100.0,600.0,1000.0,51.5,51.5,15430.16144,0.0,0.55619,0.0,39130.161419,0.0,0.0,0.0,0.0,0.0
565,755.609722,250.0,150.0,100.0,255.60972,0.0,250.0,150.0,100.0,600.0,1000.0,51.5,51.5,15213.90058,0.0,4.19924,0.0,38913.900662,0.0,0.0,0.0,0.0,0.0
566,746.265722,250.0,150.0,100.0,246.26572,0.0,250.0,150.0,100.0,600.0,1000.0,51.5,51.5,14732.68458,0.0,9.344,0.0,38432.684673,0.0,0.0,0.0,0.0,0.0
567,739.146484,250.0,150.0,100.0,239.14648,0.0,250.0,150.0,100.0,600.0,1000.0,51.5,51.5,14366.04372,0.0,7.11924,0.0,38066.043905,0.0,0.0,0.0,0.0,0.0
568,732.129214,250.0,150.0,100.0,232.12921,0.0,250.0,150.0,100.0,600.0,1000.0,51.5,51.5,14004.654315,0.0,7.01727,0.0,37704.6545,0.0,0.0,0.0,0.0,0.0
569,760.874992,250.0,150.0,100.0,260.87499,0.0,250.0,150.0,100.0,600.0,1000.0,51.5,51.5,15485.061985,28.74578,0.0,0.0,39185.062067,0.0,0.0,0.0,0.0,0.0
570,763.859881,250.0,150.0,100.0,263.85988,0.0,250.0,150.0,100.0,600.0,1000.0,51.5,51.5,15638.78382,2.98489,0.0,0.0,39338.783851,0.0,0.0,0.0,0.0,0.0
571,747.220516,250.0,150.0,100.0,247.22052,0.0,250.0,150.0,100.0,600.0,1000.0,51.5,51.5,14781.85678,0.0,16.63936,0.0,38481.856553,0.0,0.0,0.0,0.0,0.0
572,709.779626,250.0,150.0,100.0,209.77963,0.0,250.0,150.0,100.0,600.0,1000.0,51.5,51.5,12853.650945,0.0,37.44089,0.0,36553.65076,0.0,0.0,0.0,0.0,0.0
573,682.934166,250.0,150.0,100.0,182.93417,0.0,250.0,150.0,100.0,600.0,1000.0,51.5,51.5,11471.109755,0.0,26.84546,0.0,35171.109549,0.0,0.0,0.0,0.0,0.0
574,667.954103,250.0,150.0,100.0,167.9541,0.0,250.0,150.0,100.0,600.0,1000.0,51.5,51.5,10699.63615,0.0,14.98007,0.0,34399.636294,0.0,0.0,0.0,0.0,0.0
575,635.657975,250.0,150.0,100.0,135.65798,0.0,250.0,150.0,100.0,600.0,1000.0,51.5,51.5,9036.38597,0.0,32.29612,0.0,32736.385733,0.0,0.0,0.0,0.0,0.0
576,608.497341,250.0,150.0,100.0,108.49734,0.0,250.0,150.0,100.0,600.0,1000.0,51.5,51.5,7637.61301,0.0,27.16064,0.0,31337.613062,0.0,0.0,0.0,0.0,0.0
577,588.798928,250.0,150.0,100.0,88.798928,0.0,250.0,150.0,100.0,600.0,1000.0,51.5,51.5,6623.144792,0.0,19.698412,0.0,30323.144802,0.0,0.0,0.0,0.0,0.0
578,576.803753,250.0,150.0,100.0,76.803753,0.0,250.0,150.0,100.0,600.0,1000.0,51.5,51.5,6005.39328,0.0,11.995175,0.0,29705.3933,0.0,0.0,0.0,0.0,0.0
579,572.845531,250.0,150.0,100.0,72.845531,0.0,250.0,150.0,100.0,600.0,1000.0,51.5,51.5,5801.544846,0.0,3.958222,0.0,29501.544857,0.0,0.0,0.0,0.0,0.0
580,580.094547,250.0,150.0,100.0,80.094547,0.0,250.0,150.0,100.0,600.0,1000.0,51.5,51.5,6174.86917,7.249016,0.0,0.0,29874.869171,0.0,0.0,0.0,0.0,0.0
581,601.823055,250.0,150.0,100.0,101.82306,0.0,250.0,150.0,100.0,600.0,1000.0,51.5,51.5,7293.88759,21.728513,0.0,0.0,30993.887332,0.0,0.0,0.0,0.0,0.0
582,663.346991,250.0,150.0,100.0,163.34699,0.0,250.0,150.0,100.0,600.0,1000.0,51.5,51.5,10462.369985,61.52393,0.0,0.0,34162.370057,0.0,0.0,0.0,0.0,0.0
583,730.238166,250.0,150.0,100.0,230.23817,0.0,250.0,150.0,100.0,600.0,1000.0,51.5,51.5,13907.265755,66.89118,0.0,0.0,37607.265549,0.0,0.0,0.0,0.0,0.0
584,748.416325,250.0,150.0,100.0,248.41632,0.0,250.0,150.0,100.0,600.0,1000.0,51.5,51.5,14843.44048,18.17815,0.0,0.0,38543.440717,0.0,0.0,0.0,0.0,0.0
585,750.770864,250.0,150.0,100.0,250.77086,0.0,250.0,150.0,100.0,600.0,1000.0,51.5,51.5,14964.69929,2.35454,0.0,0.0,38664.699517,0.0,0.0,0.0,0.0,0.0
586,754.858865,250.0,150.0,100.0,254.85886,0.0,250.0,150.0,100.0,600.0,1000.0,51.5,51.5,15175.23129,4.088,0.0,0.0,38875.231537,0.0,0.0,0.0,0.0,0.0
587,758.427754,250.0,150.0,100.0,258.42775,0.0,250.0,150.0,100.0,600.0,1000.0,51.5,51.5,15359.029125,3.56889,0.0,0.0,39059.02931,0.0,0.0,0.0,0.0,0.0
588,753.598166,250.0,150.0,100.0,253.59817,0.0,250.0,150.0,100.0,600.0,1000.0,51.5,51.5,15110.305755,0.0,4.82958,0.0,38810.30557,0.0,0.0,0.0,0.0,0.0
589,741.964516,250.0,150.0,100.0,241.96452,0.0,250.0,150.0,100.0,600.0,1000.0,51.5,51.5,14511.17278,0.0,11.63365,0.0,38211.172553,0.0,0.0,0.0,0.0,0.0
590,731.563753,250.0,150.0,100.0,231.56375,0.0,250.0,150.0,100.0,600.0,1000.0,51.5,51.5,13975.533125,0.0,10.40077,0.0,37675.53329,0.0,0.0,0.0,0.0,0.0
591,724.036642,250.0,150.0,100.0,224.03664,0.0,250.0,150.0,100.0,600.0,1000.0,51.5,51.5,13587.88696,0.0,7.52711,0.0,37287.887073,0.0,0.0,0.0,0.0,0.0
592,721.802611,250.0,150.0,100.0,221.80261,0.0,250.0,150.0,100.0,600.0,1000.0,51.5,51.5,13472.834415,0.0,2.23403,0.0,37172.834446,0.0,0.0,0.0,0.0,0.0
593,749.380388,250.0,150.0,100.0,249.38039,0.0,250.0,150.0,100.0,600.0,1000.0,51.5,51.5,14893.090085,27.57778,0.0,0.0,38593.090003,0.0,0.0,0.0,0.0,0.0
594,750.344452,250.0,150.0,100.0,250.34445,0.0,250.0,150.0,100.0,600.0,1000.0,51.5,51.5,14942.739175,0.96406,0.0,0.0,38642.739257,0.0,0.0,0.0,0.0,0.0
595,729.135055,250.0,150.0,100.0,229.13506,0.0,250.0,150.0,100.0,600.0,1000.0,51.5,51.5,13850.45559,0.0,21.20939,0.0,37550.455343,0.0,0.0,0.0,0.0,0.0
596,690.127563,250.0,150.0,100.0,190.12756,0.0,250.0,150.0,100.0,600.0,1000.0,51.5,51.5,11841.56934,0.0,39.0075,0.0,35541.569494,0.0,0.0,0.0,0.0,0.0
597,663.893912,250.0,150.0,100.0,163.89391,0.0,250.0,150.0,100.0,600.0,1000.0,51.5,51.5,10490.536365,0.0,26.23365,0.0,34190.536489,0.0,0.0,0.0,0.0,0.0
598,653.317023,250.0,150.0,100.0,153.31702,0.0,250.0,150.0,100.0,600.0,1000.0,51.5,51.5,9945.82653,0.0,10.57689,0.0,33645.826684,0.0,0.0,0.0,0.0,0.0
599,629.196896,250.0,150.0,100.0,129.1969,0.0,250.0,150.0,100.0,600.0,1000.0,51.5,51.5,8703.64035,0.0,24.12012,0.0,32403.640165,0.0,0.0,0.0,0.0,0.0
600,600.599436,250.0,150.0,100.0,100.59944,0.0,250.0,150.0,100.0,600.0,1000.0,51.5,51.5,7230.87116,0.0,28.59746,0.0,30930.870954,0.0,0.0,0.0,0.0,0.0
601,575.607944,250.0,150.0,100.0,75.607944,0.0,250.0,150.0,100.0,600.0,1000.0,51.5,51.5,5943.809116,0.0,24.991496,0.0,29643.809106,0.0,0.0,0.0,0.0,0.0
602,558.699754,250.0,150.0,100.0,58.699754,0.0,250.0,150.0,100.0,600.0,1000.0,51.5,51.5,5073.037331,0.0,16.90819,0.0,28773.03731,0.0,0.0,0.0,0.0,0.0
603,548.660515,250.0,150.0,100.0,48.660515,0.0,250.0,150.0,100.0,600.0,1000.0,51.5,51.5,4556.016522,0.0,10.039239,0.0,28256.016533,0.0,0.0,0.0,0.0,0.0
604,543.246928,250.0,150.0,100.0,43.246928,0.0,250.0,150.0,100.0,600.0,1000.0,51.5,51.5,4277.216792,0.0,5.413587,0.0,27977.216802,0.0,0.0,0.0,0.0,0.0
605,533.606293,250.0,150.0,100.0,33.606293,0.0,250.0,150.0,100.0,600.0,1000.0,51.5,51.5,3780.72409,0.0,9.640635,0.0,27480.7241,0.0,0.0,0.0,0.0,0.0
606,523.743182,250.0,150.0,100.0,23.743182,0.0,250.0,150.0,100.0,600.0,1000.0,51.5,51.5,3272.773873,0.0,9.863111,0.0,26972.773863,0.0,0.0,0.0,0.0,0.0
607,553.786738,250.0,150.0,100.0,53.786738,0.0,250.0,150.0,100.0,600.0,1000.0,51.5,51.5,4820.017007,30.043556,0.0,0.0,28520.016986,0.0,0.0,0.0,0.0,0.0
608,585.610103,250.0,150.0,100.0,85.610103,0.0,250.0,150.0,100.0,600.0,1000.0,51.5,51.5,6458.920304,31.823365,0.0,0.0,30158.920294,0.0,0.0,0.0,0.0,0.0
609,618.777595,250.0,150.0,100.0,118.77759,0.0,250.0,150.0,100.0,600.0,1000.0,51.5,51.5,8167.045885,33.167487,0.0,0.0,31867.046122,0.0,0.0,0.0,0.0,0.0
610,640.283626,250.0,150.0,100.0,140.28363,0.0,250.0,150.0,100.0,600.0,1000.0,51.5,51.5,9274.606945,21.50604,0.0,0.0,32974.606749,0.0,0.0,0.0,0.0,0.0
611,643.759817,250.0,150.0,100.0,143.75982,0.0,250.0,150.0,100.0,600.0,1000.0,51.5,51.5,9453.63073,3.47619,0.0,0.0,33153.630565,0.0,0.0,0.0,0.0,0.0
612,637.882738,250.0,150.0,100.0,137.88274,0.0,250.0,150.0,100.0,600.0,1000.0,51.5,51.5,9150.96111,0.0,5.87708,0.0,32850.960986,0.0,0.0,0.0,0.0,0.0
613,623.11588,250.0,150.0,100.0,123.11588,0.0,250.0,150.0,100.0,600.0,1000.0,51.5,51.5,8390.46782,0.0,14.76686,0.0,32090.46783,0.0,0.0,0.0,0.0,0.0
614,610.28642,250.0,150.0,100.0,110.28642,0.0,250.0,150.0,100.0,600.0,1000.0,51.5,51.5,7729.75063,0.0,12.82946,0.0,31429.750651,0.0,0.0,0.0,0.0,0.0
615,601.952833,250.0,150.0,100.0,101.95283,0.0,250.0,150.0,100.0,600.0,1000.0,51.5,51.5,7300.570745,0.0,8.33359,0.0,31000.570879,0.0,0.0,0.0,0.0,0.0
616,602.991055,250.0,150.0,100.0,102.99106,0.0,250.0,150.0,100.0,600.0,1000.0,51.5,51.5,7354.03959,1.03823,0.0,0.0,31054.039343,0.0,0.0,0.0,0.0,0.0
617,643.787626,250.0,150.0,100.0,143.78763,0.0,250.0,150.0,100.0,600.0,1000.0,51.5,51.5,9455.062945,40.79657,0.0,0.0,33155.062749,0.0,0.0,0.0,0.0,0.0
618,656.737595,250.0,150.0,100.0,156.73759,0.0,250.0,150.0,100.0,600.0,1000.0,51.5,51.5,10121.985885,12.94996,0.0,0.0,33821.986132,0.0,0.0,0.0,0.0,0.0
619,634.693912,250.0,150.0,100.0,134.69391,0.0,250.0,150.0,100.0,600.0,1000.0,51.5,51.5,8986.736365,0.0,22.04368,0.0,32686.736478,0.0,0.0,0.0,0.0,0.0
620,595.018991,250.0,150.0,100.0,95.018991,0.0,250.0,150.0,100.0,600.0,1000.0,51.5,51.5,6943.478036,0.0,39.674919,0.0,30643.478057,0.0,0.0,0.0,0.0,0.0
621,575.283499,250.0,150.0,100.0,75.283499,0.0,250.0,150.0,100.0,600.0,1000.0,51.5,51.5,5927.100198,0.0,19.735492,0.0,29627.100209,0.0,0.0,0.0,0.0,0.0
622,579.213912,250.0,150.0,100.0,79.213912,0.0,250.0,150.0,100.0,600.0,1000.0,51.5,51.5,6129.516468,3.930413,0.0,0.0,29829.516468,0.0,0.0,0.0,0.0,0.0
623,559.255944,250.0,150.0,100.0,59.255944,0.0,250.0,150.0,100.0,600.0,1000.0,51.5,51.5,5101.681116,0.0,19.957968,0.0,28801.681116,0.0,0.0,0.0,0.0,0.0
624,537.29569,250.0,150.0,100.0,37.29569,0.0,250.0,150.0,100.0,600.0,1000.0,51.5,51.5,3970.728035,0.0,21.960254,0.0,27670.728045,0.0,0.0,0.0,0.0,0.0
625,517.727055,250.0,150.0,100.0,17.727055,0.0,250.0,150.0,100.0,600.0,1000.0,51.5,51.5,2962.943332,0.0,19.568635,0.0,26662.943332,0.0,0.0,0.0,0.0,0.0
626,503.952071,250.0,150.0,100.0,3.952071,0.0,250.0,150.0,100.0,600.0,1000.0,51.5,51.5,2253.531646,0.0,13.774984,0.0,25953.531646,0.0,0.0,0.0,0.0,0.0
627,495.82242,250.0,150.0,95.82242,0.0,0.0,250.0,150.0,100.0,600.0,1000.0,15.0,15.0,1987.3363,0.0,8.129651,0.0,7437.3363,0.0,0.0,0.0,0.0,0.0
628,491.71588,250.0,150.0,91.71588,0.0,0.0,250.0,150.0,100.0,600.0,1000.0,15.0,15.0,1925.7382,0.0,4.10654,0.0,7375.738203,0.0,0.0,0.0,0.0,0.0
629,486.46915,250.0,150.0,86.46915,0.0,0.0,250.0,150.0,100.0,600.0,1000.0,15.0,15.0,1847.03725,0.0,5.24673,0.0,7297.037253,0.0,0.0,0.0,0.0,0.0
630,474.511055,250.0,150.0,74.511055,0.0,0.0,250.0,150.0,100.0,600.0,1000.0,15.0,15.0,1667.665825,0.0,11.958095,0.0,7117.665822,0.0,0.0,0.0,0.0,0.0
631,490.102928,250.0,150.0,90.102928,0.0,0.0,250.0,150.0,100.0,600.0,1000.0,15.0,15.0,1901.54392,15.591873,0.0,0.0,7351.543917,0.0,0.0,0.0,0.0,0.0
632,518.338865,250.0,150.0,100.0,18.338865,0.0,250.0,150.0,100.0,600.0,1000.0,51.5,51.5,2994.451548,28.235937,0.0,0.0,26694.451537,0.0,0.0,0.0,0.0,0.0
633,550.384706,250.0,150.0,100.0,50.384706,0.0,250.0,150.0,100.0,600.0,1000.0,51.5,51.5,4644.812359,32.045841,0.0,0.0,28344.812349,0.0,0.0,0.0,0.0,0.0
634,578.982166,250.0,150.0,100.0,78.982166,0.0,250.0,150.0,100.0,600.0,1000.0,51.5,51.5,6117.581549,28.59746,0.0,0.0,29817.581559,0.0,0.0,0.0,0.0,0.0
635,605.197277,250.0,150.0,100.0,105.19728,0.0,250.0,150.0,100.0,600.0,1000.0,51.5,51.5,7467.65992,26.215114,0.0,0.0,31167.659786,0.0,0.0,0.0,0.0,0.0
636,603.436007,250.0,150.0,100.0,103.43601,0.0,250.0,150.0,100.0,600.0,1000.0,51.5,51.5,7376.954515,0.0,1.76127,0.0,31076.954381,0.0,0.0,0.0,0.0,0.0
637,583.700515,250.0,150.0,100.0,83.700515,0.0,250.0,150.0,100.0,600.0,1000.0,51.5,51.5,6360.576522,0.0,19.735495,0.0,30060.576533,0.0,0.0,0.0,0.0,0.0
638,569.183944,250.0,150.0,100.0,69.183944,0.0,250.0,150.0,100.0,600.0,1000.0,51.5,51.5,5612.973116,0.0,14.516571,0.0,29312.973126,0.0,0.0,0.0,0.0,0.0
639,558.89442,250.0,150.0,100.0,58.89442,0.0,250.0,150.0,100.0,600.0,1000.0,51.5,51.5,5083.06263,0.0,10.289524,0.0,28783.06263,0.0,0.0,0.0,0.0,0.0
640,558.004516,250.0,150.0,100.0,58.004516,0.0,250.0,150.0,100.0,600.0,1000.0,51.5,51.5,5037.232574,0.0,0.889904,0.0,28737.232553,0.0,0.0,0.0,0.0,0.0
641,594.657468,250.0,150.0,100.0,94.657468,0.0,250.0,150.0,100.0,600.0,1000.0,51.5,51.5,6924.859602,36.652952,0.0,0.0,30624.859602,0.0,0.0,0.0,0.0,0.0
642,616.376706,250.0,150.0,100.0,116.37671,0.0,250.0,150.0,100.0,600.0,1000.0,51.5,51.5,8043.400565,21.719242,0.0,0.0,31743.400359,0.0,0.0,0.0,0.0,0.0
643,605.586611,250.0,150.0,100.0,105.58661,0.0,250.0,150.0,100.0,600.0,1000.0,51.5,51.5,7487.710415,0.0,10.7901,0.0,31187.710456,0.0,0.0,0.0,0.0,0.0
644,582.013404,250.0,150.0,100.0,82.013404,0.0,250.0,150.0,100.0,600.0,1000.0,51.5,51.5,6273.690306,0.0,23.573206,0.0,29973.690306,0.0,0.0,0.0,0.0,0.0
645,570.361214,250.0,150.0,100.0,70.361214,0.0,250.0,150.0,100.0,600.0,1000.0,51.5,51.5,5673.602521,0.0,11.65219,0.0,29373.602511,0.0,0.0,0.0,0.0,0.0
646,574.495563,250.0,150.0,100.0,74.495563,0.0,250.0,150.0,100.0,600.0,1000.0,51.5,51.5,5886.521495,4.134349,0.0,0.0,29586.521494,0.0,0.0,0.0,0.0,0.0
647,548.855182,250.0,150.0,100.0,48.855182,0.0,250.0,150.0,100.0,600.0,1000.0,51.5,51.5,4566.041873,0.0,25.640381,0.0,28266.041883,0.0,0.0,0.0,0.0,0.0
648,526.978357,250.0,150.0,100.0,26.978357,0.0,250.0,150.0,100.0,600.0,1000.0,51.5,51.5,3439.385385,0.0,21.876825,0.0,27139.385365,0.0,0.0,0.0,0.0,0.0
649,513.296071,250.0,150.0,100.0,13.296071,0.0,250.0,150.0,100.0,600.0,1000.0,51.5,51.5,2734.747656,0.0,13.682286,0.0,26434.747636,0.0,0.0,0.0,0.0,0.0
650,507.011119,250.0,150.0,100.0,7.011119,0.0,250.0,150.0,100.0,600.0,1000.0,51.5,51.5,2411.072608,0.0,6.284952,0.0,26111.072608,0.0,0.0,0.0,0.0,0.0
651,507.5395,250.0,150.0,100.0,7.5395,0.0,250.0,150.0,100.0,600.0,1000.0,51.5,51.5,2438.284229,0.528381,0.0,0.0,26138.284229,0.0,0.0,0.0,0.0,0.0
652,520.804642,250.0,150.0,100.0,20.804642,0.0,250.0,150.0,100.0,600.0,1000.0,51.5,51.5,3121.439063,13.265142,0.0,0.0,26821.439073,0.0,0.0,0.0,0.0,0.0
653,551.29315,250.0,150.0,100.0,51.29315,0.0,250.0,150.0,100.0,600.0,1000.0,51.5,51.5,4691.597225,30.488508,0.0,0.0,28391.597235,0.0,0.0,0.0,0.0,0.0
654,625.831944,250.0,150.0,100.0,125.83194,0.0,250.0,150.0,100.0,600.0,1000.0,51.5,51.5,8530.34491,74.53879,0.0,0.0,32230.345116,0.0,0.0,0.0,0.0,0.0
655,695.318674,250.0,150.0,100.0,195.31867,0.0,250.0,150.0,100.0,600.0,1000.0,51.5,51.5,12108.911505,69.48673,0.0,0.0,35808.911721,0.0,0.0,0.0,0.0,0.0
656,714.099373,250.0,150.0,100.0,214.09937,0.0,250.0,150.0,100.0,600.0,1000.0,51.5,51.5,13076.117555,18.7807,0.0,0.0,36776.117689,0.0,0.0,0.0,0.0,0.0
657,718.650865,250.0,150.0,100.0,218.65086,0.0,250.0,150.0,100.0,600.0,1000.0,51.5,51.5,13310.51929,4.55149,0.0,0.0,37010.519527,0.0,0.0,0.0,0.0,0.0
658,725.037785,250.0,150.0,100.0,225.03779,0.0,250.0,150.0,100.0,600.0,1000.0,51.5,51.5,13639.446185,6.38693,0.0,0.0,37339.445948,0.0,0.0,0.0,0.0,0.0
659,733.816325,250.0,150.0,100.0,233.81632,0.0,250.0,150.0,100.0,600.0,1000.0,51.5,51.5,14091.54048,8.77853,0.0,0.0,37791.540727,0.0,0.0,0.0,0.0,0.0
660,725.677404,250.0,150.0,100.0,225.6774,0.0,250.0,150.0,100.0,600.0,1000.0,51.5,51.5,13672.3861,0.0,8.13892,0.0,37372.386306,0.0,0.0,0.0,0.0,0.0
661,723.999563,250.0,150.0,100.0,223.99956,0.0,250.0,150.0,100.0,600.0,1000.0,51.5,51.5,13585.97734,0.0,1.67784,0.0,37285.977484,0.0,0.0,0.0,0.0,0.0
662,715.842103,250.0,150.0,100.0,215.8421,0.0,250.0,150.0,100.0,600.0,1000.0,51.5,51.5,13165.86815,0.0,8.15746,0.0,36865.868284,0.0,0.0,0.0,0.0,0.0
663,707.406547,250.0,150.0,100.0,207.40655,0.0,250.0,150.0,100.0,600.0,1000.0,51.5,51.5,12731.437325,0.0,8.43555,0.0,36431.437181,0.0,0.0,0.0,0.0,0.0
664,698.368452,250.0,150.0,100.0,198.36845,0.0,250.0,150.0,100.0,600.0,1000.0,51.5,51.5,12265.975175,0.0,9.0381,0.0,35965.975278,0.0,0.0,0.0,0.0,0.0
665,724.898738,250.0,150.0,100.0,224.89874,0.0,250.0,150.0,100.0,600.0,1000.0,51.5,51.5,13632.28511,26.53029,0.0,0.0,37332.284997,0.0,0.0,0.0,0.0,0.0
666,735.012134,250.0,150.0,100.0,235.01213,0.0,250.0,150.0,100.0,600.0,1000.0,51.5,51.5,14153.124695,10.11339,0.0,0.0,37853.124922,0.0,0.0,0.0,0.0,0.0
667,720.161849,250.0,150.0,100.0,220.16185,0.0,250.0,150.0,100.0,600.0,1000.0,51.5,51.5,13388.335275,0.0,14.85028,0.0,37088.335213,0.0,0.0,0.0,0.0,0.0
668,683.119563,250.0,150.0,100.0,183.11956,0.0,250.0,150.0,100.0,600.0,1000.0,51.5,51.5,11480.65734,0.0,37.04229,0.0,35180.657494,0.0,0.0,0.0,0.0,0.0
669,656.99715,250.0,150.0,100.0,156.99715,0.0,250.0,150.0,100.0,600.0,1000.0,51.5,51.5,10135.353225,0.0,26.12241,0.0,33835.353225,0.0,0.0,0.0,0.0,0.0
670,642.091246,250.0,150.0,100.0,142.09125,0.0,250.0,150.0,100.0,600.0,1000.0,51.5,51.5,9367.699375,0.0,14.9059,0.0,33067.699148,0.0,0.0,0.0,0.0,0.0
671,600.729214,250.0,150.0,100.0,100.72921,0.0,250.0,150.0,100.0,600.0,1000.0,51.5,51.5,7237.554315,0.0,41.36204,0.0,30937.5545,0.0,0.0,0.0,0.0,0.0
672,563.974293,250.0,150.0,100.0,63.974293,0.0,250.0,150.0,100.0,600.0,1000.0,51.5,51.5,5344.67609,0.0,36.754917,0.0,29044.67609,0.0,0.0,0.0,0.0,0.0
673,541.652515,250.0,150.0,100.0,41.652515,0.0,250.0,150.0,100.0,600.0,1000.0,51.5,51.5,4195.104522,0.0,22.321778,0.0,27895.104533,0.0,0.0,0.0,0.0,0.0
674,532.957404,250.0,150.0,100.0,32.957404,0.0,250.0,150.0,100.0,600.0,1000.0,51.5,51.5,3747.306306,0.0,8.695111,0.0,27447.306306,0.0,0.0,0.0,0.0,0.0
675,529.064071,250.0,150.0,100.0,29.064071,0.0,250.0,150.0,100.0,600.0,1000.0,51.5,51.5,3546.799656,0.0,3.893333,0.0,27246.799636,0.0,0.0,0.0,0.0,0.0
676,535.330484,250.0,150.0,100.0,35.330484,0.0,250.0,150.0,100.0,600.0,1000.0,51.5,51.5,3869.519926,6.266413,0.0,0.0,27569.519916,0.0,0.0,0.0,0.0,0.0
677,557.680071,250.0,150.0,100.0,57.680071,0.0,250.0,150.0,100.0,600.0,1000.0,51.5,51.5,5020.523656,22.349587,0.0,0.0,28720.523656,0.0,0.0,0.0,0.0,0.0
678,622.874864,250.0,150.0,100.0,122.87486,0.0,250.0,150.0,100.0,600.0,1000.0,51.5,51.5,8378.05529,65.194789,0.0,0.0,32078.055517,0.0,0.0,0.0,0.0,0.0
679,689.914357,250.0,150.0,100.0,189.91436,0.0,250.0,150.0,100.0,600.0,1000.0,51.5,51.5,11830.58954,67.0395,0.0,0.0,35530.589365,0.0,0.0,0.0,0.0,0.0
680,709.445912,250.0,150.0,100.0,209.44591,0.0,250.0,150.0,100.0,600.0,1000.0,51.5,51.5,12836.464365,19.53155,0.0,0.0,36536.464489,0.0,0.0,0.0,0.0,0.0
681,709.58496,250.0,150.0,100.0,209.58496,0.0,250.0,150.0,100.0,600.0,1000.0,51.5,51.5,12843.62544,0.13905,0.0,0.0,36543.62544,0.0,0.0,0.0,0.0,0.0
682,716.713468,250.0,150.0,100.0,216.71347,0.0,250.0,150.0,100.0,600.0,1000.0,51.5,51.5,13210.743705,7.12851,0.0,0.0,36910.743581,0.0,0.0,0.0,0.0,0.0
683,729.904452,250.0,150.0,100.0,229.90445,0.0,250.0,150.0,100.0,600.0,1000.0,51.5,51.5,13890.079175,13.19098,0.0,0.0,37590.079278,0.0,0.0,0.0,0.0,0.0
684,727.355246,250.0,150.0,100.0,227.35525,0.0,250.0,150.0,100.0,600.0,1000.0,51.5,51.5,13758.795375,0.0,2.5492,0.0,37458.795159,0.0,0.0,0.0,0.0,0.0
685,722.312452,250.0,150.0,100.0,222.31245,0.0,250.0,150.0,100.0,600.0,1000.0,51.5,51.5,13499.091175,0.0,5.0428,0.0,37199.091257,0.0,0.0,0.0,0.0,0.0
686,715.628896,250.0,150.0,100.0,215.6289,0.0,250.0,150.0,100.0,600.0,1000.0,51.5,51.5,13154.88835,0.0,6.68355,0.0,36854.888154,0.0,0.0,0.0,0.0,0.0
687,710.206039,250.0,150.0,100.0,210.20604,0.0,250.0,150.0,100.0,600.0,1000.0,51.5,51.5,12875.61106,0.0,5.42286,0.0,36575.611019,0.0,0.0,0.0,0.0,0.0
688,705.098357,250.0,150.0,100.0,205.09836,0.0,250.0,150.0,100.0,600.0,1000.0,51.5,51.5,12612.56554,0.0,5.10768,0.0,36312.565375,0.0,0.0,0.0,0.0,0.0
689,725.213912,250.0,150.0,100.0,225.21391,0.0,250.0,150.0,100.0,600.0,1000.0,51.5,51.5,13648.516365,20.11555,0.0,0.0,37348.516489,0.0,0.0,0.0,0.0,0.0
690,729.848833,250.0,150.0,100.0,229.84883,0.0,250.0,150.0,100.0,600.0,1000.0,51.5,51.5,13887.214745,4.63492,0.0,0.0,37587.214879,0.0,0.0,0.0,0.0,0.0
691,715.721595,250.0,150.0,100.0,215.72159,0.0,250.0,150.0,100.0,600.0,1000.0,51.5,51.5,13159.661885,0.0,14.12724,0.0,36859.662142,0.0,0.0,0.0,0.0,0.0
692,678.660769,250.0,150.0,100.0,178.66077,0.0,250.0,150.0,100.0,600.0,1000.0,51.5,51.5,11251.029655,0.0,37.06082,0.0,34951.029614,0.0,0.0,0.0,0.0,0.0
693,649.813023,250.0,150.0,100.0,149.81302,0.0,250.0,150.0,100.0,600.0,1000.0,51.5,51.5,9765.37053,0.0,28.84775,0.0,33465.370685,0.0,0.0,0.0,0.0,0.0
694,627.593214,250.0,150.0,100.0,127.59321,0.0,250.0,150.0,100.0,600.0,1000.0,51.5,51.5,8621.050315,0.0,22.21981,0.0,32321.050521,0.0,0.0,0.0,0.0,0.0
695,586.017976,250.0,150.0,100.0,86.017976,0.0,250.0,150.0,100.0,600.0,1000.0,51.5,51.5,6479.925764,0.0,41.575234,0.0,30179.925743,0.0,0.0,0.0,0.0,0.0
696,549.383563,250.0,150.0,100.0,49.383563,0.0,250.0,150.0,100.0,600.0,1000.0,51.5,51.5,4593.253495,0.0,36.634413,0.0,28293.253505,0.0,0.0,0.0,0.0,0.0
697,525.133658,250.0,150.0,100.0,25.133658,0.0,250.0,150.0,100.0,600.0,1000.0,51.5,51.5,3344.383387,0.0,24.249905,0.0,27044.383408,0.0,0.0,0.0,0.0,0.0
698,512.313468,250.0,150.0,100.0,12.313468,0.0,250.0,150.0,100.0,600.0,1000.0,51.5,51.5,2684.143602,0.0,12.82019,0.0,26384.143602,0.0,0.0,0.0,0.0,0.0
699,512.7955,250.0,150.0,100.0,12.7955,0.0,250.0,150.0,100.0,600.0,1000.0,51.5,51.5,2708.96825,0.482032,0.0,0.0,26408.968229,0.0,0.0,0.0,0.0,0.0
700,522.278547,250.0,150.0,100.0,22.278547,0.0,250.0,150.0,100.0,600.0,1000.0,51.5,51.5,3197.34517,9.483047,0.0,0.0,26897.34517,0.0,0.0,0.0,0.0,0.0
701,550.338356,250.0,150.0,100.0,50.338356,0.0,250.0,150.0,100.0,600.0,1000.0,51.5,51.5,4642.425334,28.059809,0.0,0.0,28342.425355,0.0,0.0,0.0,0.0,0.0
702,615.588769,250.0,150.0,100.0,115.58877,0.0,250.0,150.0,100.0,600.0,1000.0,51.5,51.5,8002.821655,65.250414,0.0,0.0,31702.821614,0.0,0.0,0.0,0.0,0.0
703,680.542547,250.0,150.0,100.0,180.54255,0.0,250.0,150.0,100.0,600.0,1000.0,51.5,51.5,11347.941325,64.95378,0.0,0.0,35047.94116,0.0,0.0,0.0,0.0,0.0
704,696.356896,250.0,150.0,100.0,196.3569,0.0,250.0,150.0,100.0,600.0,1000.0,51.5,51.5,12162.38035,15.81435,0.0,0.0,35862.380154,0.0,0.0,0.0,0.0,0.0
705,699.008071,250.0,150.0,100.0,199.00807,0.0,250.0,150.0,100.0,600.0,1000.0,51.5,51.5,12298.915605,2.65117,0.0,0.0,35998.915636,0.0,0.0,0.0,0.0,0.0
706,704.264071,250.0,150.0,100.0,204.26407,0.0,250.0,150.0,100.0,600.0,1000.0,51.5,51.5,12569.599605,5.256,0.0,0.0,36269.599636,0.0,0.0,0.0,0.0,0.0
707,709.279055,250.0,150.0,100.0,209.27905,0.0,250.0,150.0,100.0,600.0,1000.0,51.5,51.5,12827.871075,5.01498,0.0,0.0,36527.871322,0.0,0.0,0.0,0.0,0.0
708,704.384579,250.0,150.0,100.0,204.38458,0.0,250.0,150.0,100.0,600.0,1000.0,51.5,51.5,12575.80587,0.0,4.89447,0.0,36275.805808,0.0,0.0,0.0,0.0,0.0
709,707.934928,250.0,150.0,100.0,207.93493,0.0,250.0,150.0,100.0,600.0,1000.0,51.5,51.5,12758.648895,3.55035,0.0,0.0,36458.648802,0.0,0.0,0.0,0.0,0.0
710,707.415817,250.0,150.0,100.0,207.41582,0.0,250.0,150.0,100.0,600.0,1000.0,51.5,51.5,12731.91473,0.0,0.51911,0.0,36431.914586,0.0,0.0,0.0,0.0,0.0
711,702.345214,250.0,150.0,100.0,202.34521,0.0,250.0,150.0,100.0,600.0,1000.0,51.5,51.5,12470.778315,0.0,5.07061,0.0,36170.7785,0.0,0.0,0.0,0.0,0.0
712,696.774039,250.0,150.0,100.0,196.77404,0.0,250.0,150.0,100.0,600.0,1000.0,51.5,51.5,12183.86306,0.0,5.57117,0.0,35883.863009,0.0,0.0,0.0,0.0,0.0
713,716.398293,250.0,150.0,100.0,216.39829,0.0,250.0,150.0,100.0,600.0,1000.0,51.5,51.5,13194.511935,19.62425,0.0,0.0,36894.51209,0.0,0.0,0.0,0.0,0.0
714,721.088833,250.0,150.0,100.0,221.08883,0.0,250.0,150.0,100.0,600.0,1000.0,51.5,51.5,13436.074745,4.69054,0.0,0.0,37136.074879,0.0,0.0,0.0,0.0,0.0
715,702.196896,250.0,150.0,100.0,202.1969,0.0,250.0,150.0,100.0,600.0,1000.0,51.5,51.5,12463.14035,0.0,18.89193,0.0,36163.140144,0.0,0.0,0.0,0.0,0.0
716,667.648198,250.0,150.0,100.0,167.6482,0.0,250.0,150.0,100.0,600.0,1000.0,51.5,51.5,10683.8823,0.0,34.5487,0.0,34383.882176,0.0,0.0,0.0,0.0,0.0
717,639.226865,250.0,150.0,100.0,139.22686,0.0,250.0,150.0,100.0,600.0,1000.0,51.5,51.5,9220.18329,0.0,28.42134,0.0,32920.183537,0.0,0.0,0.0,0.0,0.0
718,614.532007,250.0,150.0,100.0,114.53201,0.0,250.0,150.0,100.0,600.0,1000.0,51.5,51.5,7948.398515,0.0,24.69485,0.0,31648.398371,0.0,0.0,0.0,0.0,0.0
719,565.142293,250.0,150.0,100.0,65.142293,0.0,250.0,150.0,100.0,600.0,1000.0,51.5,51.5,5404.82809,0.0,49.389717,0.0,29104.8281,0.0,0.0,0.0,0.0,0.0
720,529.12896,250.0,150.0,100.0,29.12896,0.0,250.0,150.0,100.0,600.0,1000.0,51.5,51.5,3550.14144,0.0,36.013333,0.0,27250.14144,0.0,0.0,0.0,0.0,0.0
721,509.439817,250.0,150.0,100.0,9.439817,0.0,250.0,150.0,100.0,600.0,1000.0,51.5,51.5,2536.150586,0.0,19.689143,0.0,26236.150586,0.0,0.0,0.0,0.0,0.0
722,500.077277,250.0,150.0,100.0,0.077277,0.0,250.0,150.0,100.0,600.0,1000.0,51.5,51.5,2053.979786,0.0,9.36254,0.0,25753.979786,0.0,0.0,0.0,0.0,0.0
723,505.370357,250.0,150.0,100.0,5.370357,0.0,250.0,150.0,100.0,600.0,1000.0,51.5,51.5,2326.573375,5.293079,0.0,0.0,26026.573375,0.0,0.0,0.0,0.0,0.0
724,517.560198,250.0,150.0,100.0,17.560198,0.0,250.0,150.0,100.0,600.0,1000.0,51.5,51.5,2954.350197,12.189841,0.0,0.0,26654.350197,0.0,0.0,0.0,0.0,0.0
725,544.368579,250.0,150.0,100.0,44.368579,0.0,250.0,150.0,100.0,600.0,1000.0,51.5,51.5,4334.981818,26.808381,0.0,0.0,28034.981818,0.0,0.0,0.0,0.0,0.0
726,607.014166,250.0,150.0,100.0,107.01417,0.0,250.0,150.0,100.0,600.0,1000.0,51.5,51.5,7561.229755,62.645591,0.0,0.0,31261.229559,0.0,0.0,0.0,0.0,0.0
727,664.172008,250.0,150.0,100.0,164.17201,0.0,250.0,150.0,100.0,600.0,1000.0,51.5,51.5,10504.858515,57.15784,0.0,0.0,34204.858391,0.0,0.0,0.0,0.0,0.0
728,679.652642,250.0,150.0,100.0,179.65264,0.0,250.0,150.0,100.0,600.0,1000.0,51.5,51.5,11302.11096,15.48063,0.0,0.0,35002.111084,0.0,0.0,0.0,0.0,0.0
729,681.719817,250.0,150.0,100.0,181.71982,0.0,250.0,150.0,100.0,600.0,1000.0,51.5,51.5,11408.57073,2.06718,0.0,0.0,35108.570576,0.0,0.0,0.0,0.0,0.0
730,688.357023,250.0,150.0,100.0,188.35702,0.0,250.0,150.0,100.0,600.0,1000.0,51.5,51.5,11750.38653,6.6372,0.0,0.0,35450.386684,0.0,0.0,0.0,0.0,0.0
731,708.98242,250.0,150.0,100.0,208.98242,0.0,250.0,150.0,100.0,600.0,1000.0,51.5,51.5,12812.59463,20.6254,0.0,0.0,36512.59464,0.0,0.0,0.0,0.0,0.0
732,710.224579,250.0,150.0,100.0,210.22458,0.0,250.0,150.0,100.0,600.0,1000.0,51.5,51.5,12876.56587,1.24216,0.0,0.0,36576.565798,0.0,0.0,0.0,0.0,0.0
733,707.758801,250.0,150.0,100.0,207.7588,0.0,250.0,150.0,100.0,600.0,1000.0,51.5,51.5,12749.5782,0.0,2.46578,0.0,36449.578262,0.0,0.0,0.0,0.0,0.0
734,692.463563,250.0,150.0,100.0,192.46356,0.0,250.0,150.0,100.0,600.0,1000.0,51.5,51.5,11961.87334,0.0,15.29524,0.0,35661.873484,0.0,0.0,0.0,0.0,0.0
735,685.668769,250.0,150.0,100.0,185.66877,0.0,250.0,150.0,100.0,600.0,1000.0,51.5,51.5,11611.941655,0.0,6.79479,0.0,35311.941614,0.0,0.0,0.0,0.0,0.0
736,680.023436,250.0,150.0,100.0,180.02344,0.0,250.0,150.0,100.0,600.0,1000.0,51.5,51.5,11321.20716,0.0,5.64533,0.0,35021.206944,0.0,0.0,0.0,0.0,0.0
737,699.712579,250.0,150.0,100.0,199.71258,0.0,250.0,150.0,100.0,600.0,1000.0,51.5,51.5,12335.19787,19.68914,0.0,0.0,36035.197798,0.0,0.0,0.0,0.0,0.0
738,711.642865,250.0,150.0,100.0,211.64286,0.0,250.0,150.0,100.0,600.0,1000.0,51.5,51.5,12949.60729,11.93028,0.0,0.0,36649.607527,0.0,0.0,0.0,0.0,0.0
739,699.332515,250.0,150.0,100.0,199.33252,0.0,250.0,150.0,100.0,600.0,1000.0,51.5,51.5,12315.62478,0.0,12.31034,0.0,36015.624533,0.0,0.0,0.0,0.0,0.0
740,662.151182,250.0,150.0,100.0,162.15118,0.0,250.0,150.0,100.0,600.0,1000.0,51.5,51.5,10400.78577,0.0,37.18134,0.0,34100.785863,0.0,0.0,0.0,0.0,0.0
741,637.122611,250.0,150.0,100.0,137.12261,0.0,250.0,150.0,100.0,600.0,1000.0,51.5,51.5,9111.814415,0.0,25.02857,0.0,32811.814456,0.0,0.0,0.0,0.0,0.0
742,615.885404,250.0,150.0,100.0,115.8854,0.0,250.0,150.0,100.0,600.0,1000.0,51.5,51.5,8018.0981,0.0,21.23721,0.0,31718.098327,0.0,0.0,0.0,0.0,0.0
743,568.414547,250.0,150.0,100.0,68.414547,0.0,250.0,150.0,100.0,600.0,1000.0,51.5,51.5,5573.34917,0.0,47.470853,0.0,29273.34916,0.0,0.0,0.0,0.0,0.0
744,530.973658,250.0,150.0,100.0,30.973658,0.0,250.0,150.0,100.0,600.0,1000.0,51.5,51.5,3645.143387,0.0,37.440889,0.0,27345.143397,0.0,0.0,0.0,0.0,0.0
