Hour,Demand (MWh),Plant 1 (MWh),Plant 2 (MWh),Plant 3 (MWh),Plant 4 (MWh),Plant 5 (MWh),Plant 1 Available (MWh),Plant 2 Available (MWh),Plant 3 Available (MWh),Plant 4 Available (MWh),Plant 5 Available (MWh),Clearing Price ($/MWh),Highest Running Cost ($/MWh),Production Cost ($),Ramp Up (MWh),Ramp Down (MWh),Ramp Cost ($),Market Cost ($),Unserved Energy (MWh),Unserved Cost ($),Spill (MWh),Spill Cost ($),Curtailment (MWh)
1,435.457214,0.0,180.0,80.649651,174.80756,0.0,0.0,180.0,100.0,600.0,1000.0,15.0,41.6,9365.961992,0.0,0.0,0.0,6531.85821,0.0,0.0,0.0,0.0,0.0
2,422.303309,0.0,150.0,97.495746,174.80756,0.0,0.0,150.0,100.0,600.0,1000.0,21.5,41.6,9668.153035,16.846095,30.0,109.499617,9079.521139,0.0,0.0,0.0,0.0,0.0
3,409.807563,0.0,135.0,100.0,174.80756,0.0,0.0,135.0,100.0,600.0,1000.0,147.7,41.6,9691.994496,2.504254,15.0,16.277651,60528.577055,0.0,0.0,0.0,0.0,0.0
4,405.181912,0.0,135.0,100.0,170.18191,0.0,0.0,135.0,100.0,600.0,1000.0,41.6,41.6,9499.567456,0.0,4.62565,274.76361,16855.567548,0.0,0.0,0.0,0.0,0.0
5,400.07423,0.0,135.0,99.868826,165.2054,0.0,0.0,135.0,100.0,600.0,1000.0,8.5,41.6,9289.724399,0.0,5.107684,296.457325,3400.630953,0.0,0.0,0.0,0.0,0.0
6,385.205404,0.0,120.0,100.0,165.2054,0.0,0.0,120.0,100.0,600.0,1000.0,74.7,41.6,9262.54464,0.131174,15.0,0.852631,28774.843694,0.0,0.0,0.0,0.0,0.0
7,384.491626,50.0,120.0,100.0,114.49163,0.0,50.0,120.0,100.0,600.0,1000.0,41.6,41.6,7202.851808,50.0,50.71377,3012.397938,15994.85165,0.0,0.0,0.0,0.0,0.0
8,391.629404,100.0,120.0,100.0,71.629404,0.0,100.0,120.0,100.0,600.0,1000.0,41.6,41.6,5469.783206,50.0,42.862226,2546.016224,16291.783223,0.0,0.0,0.0,0.0,0.0
9,411.856198,150.0,120.0,100.0,41.856198,0.0,150.0,120.0,100.0,600.0,1000.0,41.6,41.6,4281.217837,50.0,29.773206,1768.528436,17133.21782,0.0,0.0,0.0,0.0,0.0
10,436.133912,250.0,105.0,81.133912,0.0,0.0,250.0,105.0,100.0,600.0,1000.0,21.5,21.5,2204.379108,100.0,75.722286,2608.887733,9376.879117,0.0,0.0,0.0,0.0,0.0
11,464.981658,300.0,105.0,59.981658,0.0,0.0,300.0,105.0,100.0,600.0,1000.0,21.5,21.5,1799.605647,50.0,21.152254,137.489651,9997.105647,0.0,0.0,0.0,0.0,0.0
12,477.829658,375.0,90.0,12.829658,0.0,0.0,375.0,90.0,100.0,600.0,1000.0,21.5,21.5,830.837647,75.0,62.152,306.488,10273.337656,0.0,0.0,0.0,0.0,0.0
13,478.265341,450.0,28.265341,0.0,0.0,0.0,450.0,90.0,100.0,600.0,1000.0,2.0,2.0,506.530682,75.0,74.564317,83.392777,956.530681,0.0,0.0,0.0,0.0,61.734659
14,477.857468,350.0,77.857468,50.0,0.0,0.0,350.0,90.0,100.0,600.0,1000.0,2.0,21.5,1580.714936,99.592127,100.0,325.0,955.714936,0.0,0.0,0.0,0.0,12.142532
15,483.345214,300.0,75.0,100.0,8.345214,0.0,300.0,75.0,100.0,600.0,1000.0,41.6,41.6,2947.160886,58.345214,52.857468,820.705688,20107.160886,0.0,0.0,0.0,0.0,0.0
16,502.904579,250.0,75.0,100.0,77.904579,0.0,250.0,75.0,100.0,600.0,1000.0,41.6,41.6,5790.830486,69.559365,50.0,4131.826305,20920.830478,0.0,0.0,0.0,0.0,0.0
17,532.280706,200.0,60.0,100.0,172.28071,0.0,200.0,60.0,100.0,600.0,1000.0,41.6,41.6,9636.877536,94.376131,65.0,5605.942181,22142.87737,0.0,0.0,0.0,0.0,0.0
18,544.646674,150.0,45.0,100.0,249.64667,0.0,150.0,45.0,100.0,600.0,1000.0,41.6,41.6,12775.301472,77.36596,65.0,4595.538024,22657.301647,0.0,0.0,0.0,0.0,0.0
19,535.53442,50.0,60.0,100.0,325.53442,0.0,50.0,60.0,100.0,600.0,1000.0,41.6,41.6,15862.231872,90.88775,100.0,4507.73235,22278.23188,0.0,0.0,0.0,0.0,0.0
20,517.625087,0.0,60.0,100.0,357.62509,0.0,0.0,60.0,100.0,600.0,1000.0,160.4,41.6,17147.203744,32.09067,50.0,1906.185798,83027.063923,0.0,0.0,0.0,0.0,0.0
21,508.10496,0.0,90.0,100.0,318.10496,0.0,0.0,90.0,100.0,600.0,1000.0,41.6,41.6,15563.166336,30.0,39.52013,2347.495722,21137.166336,0.0,0.0,0.0,0.0,0.0
22,507.391182,0.0,120.0,100.0,287.39118,0.0,0.0,120.0,100.0,600.0,1000.0,41.6,41.6,14345.473088,30.0,30.71378,1824.398532,21107.473171,0.0,0.0,0.0,0.0,0.0
23,477.227119,0.0,150.0,100.0,227.22712,0.0,0.0,150.0,100.0,600.0,1000.0,41.6,41.6,11902.648192,30.0,60.16406,3573.745164,19852.648134,0.0,0.0,0.0,0.0,0.0
24,449.491753,0.0,198.69156,50.0,200.8002,0.0,0.0,225.0,100.0,600.0,1000.0,2.0,41.6,9825.67144,48.69156,76.42692,1894.759048,898.983506,0.0,0.0,0.0,0.0,26.30844
25,432.240579,0.0,180.0,51.440381,200.8002,0.0,0.0,180.0,100.0,600.0,1000.0,21.5,41.6,9819.256512,1.440381,18.69156,9.362477,9293.172449,0.0,0.0,0.0,0.0,0.0
26,426.048325,0.0,150.0,75.248127,200.8002,0.0,0.0,150.0,100.0,600.0,1000.0,21.5,41.6,10271.12305,23.807746,30.0,154.750349,9160.038979,0.0,0.0,0.0,0.0,0.0
27,427.309023,0.0,135.0,91.508825,200.8002,0.0,0.0,135.0,100.0,600.0,1000.0,21.5,41.6,10590.728058,16.260698,15.0,105.694537,9187.143994,0.0,0.0,0.0,0.0,0.0
28,435.800198,0.0,135.0,100.0,200.8002,0.0,0.0,135.0,100.0,600.0,1000.0,22.7,41.6,10773.28832,8.491175,0.0,55.192637,9892.66449,0.0,0.0,0.0,0.0,0.0
29,454.145214,0.0,135.0,100.0,219.14521,0.0,0.0,135.0,100.0,600.0,1000.0,41.6,41.6,11536.440736,18.34501,0.0,1089.693594,18892.440902,0.0,0.0,0.0,0.0,0.0
30,497.518801,0.0,120.0,100.0,277.5188,0.0,0.0,120.0,100.0,600.0,1000.0,160.4,41.6,13934.78208,58.37359,15.0,3467.391246,79802.015712,0.0,0.0,0.0,0.0,0.0
31,546.000071,50.0,120.0,100.0,276.00007,0.0,50.0,120.0,100.0,600.0,1000.0,41.6,41.6,13921.602912,50.0,1.51873,90.212562,22713.602945,0.0,0.0,0.0,0.0,0.0
32,577.869785,100.0,120.0,100.0,257.86979,0.0,100.0,120.0,100.0,600.0,1000.0,41.6,41.6,13217.383264,50.0,18.13028,1076.938632,24039.383073,0.0,0.0,0.0,0.0,0.0
33,590.838293,150.0,120.0,100.0,220.83829,0.0,150.0,120.0,100.0,600.0,1000.0,41.6,41.6,11726.872864,50.0,37.0315,2199.6711,24578.873005,0.0,0.0,0.0,0.0,0.0
34,604.872833,250.0,105.0,100.0,149.87283,0.0,250.0,105.0,100.0,600.0,1000.0,41.6,41.6,8844.709728,100.0,85.96546,4215.348324,25162.709844,0.0,0.0,0.0,0.0,0.0
35,617.32223,300.0,105.0,88.856254,123.46598,0.0,300.0,105.0,100.0,600.0,1000.0,41.0,41.6,7556.594229,50.0,37.550596,1641.001239,25310.211422,0.0,0.0,0.0,0.0,0.0
36,623.069531,375.0,85.747302,38.856254,123.46598,0.0,375.0,90.0,100.0,600.0,1000.0,2.0,41.6,6518.088833,75.0,69.252698,325.0,1246.139063,0.0,0.0,0.0,0.0,4.252698
37,618.073087,450.0,44.607111,0.0,123.46598,0.0,450.0,90.0,100.0,600.0,1000.0,2.0,41.6,5675.39899,75.0,79.996445,252.565651,1236.146173,0.0,0.0,0.0,0.0,45.392889
38,613.465976,350.0,90.0,50.0,123.46598,0.0,350.0,90.0,100.0,600.0,1000.0,2.6,41.6,6741.184768,95.392889,100.0,325.0,1595.011537,0.0,0.0,0.0,0.0,0.0
39,611.751055,300.0,75.0,100.0,136.75106,0.0,300.0,75.0,100.0,600.0,1000.0,41.6,41.6,8288.844096,63.28508,65.0,1114.133752,25448.843896,0.0,0.0,0.0,0.0,0.0
40,622.911944,250.0,75.0,100.0,197.91194,0.0,250.0,75.0,100.0,600.0,1000.0,41.6,41.6,10783.136704,61.16088,50.0,3632.956272,25913.136862,0.0,0.0,0.0,0.0,0.0
41,651.481595,200.0,60.0,100.0,291.48159,0.0,200.0,60.0,100.0,600.0,1000.0,41.6,41.6,14595.634144,93.56965,65.0,5558.03721,27101.634344,0.0,0.0,0.0,0.0,0.0
42,652.31588,150.0,45.0,100.0,357.31588,0.0,150.0,45.0,100.0,600.0,1000.0,41.6,41.6,17254.340608,65.83429,65.0,3910.556826,27136.340625,0.0,0.0,0.0,0.0,0.0
43,635.092516,50.0,60.0,100.0,425.09252,0.0,50.0,60.0,100.0,600.0,1000.0,41.6,41.6,20003.848832,82.77664,100.0,4025.932416,26419.848649,0.0,0.0,0.0,0.0,0.0
44,598.180007,0.0,60.0,100.0,438.18001,0.0,0.0,60.0,100.0,600.0,1000.0,160.4,41.6,20498.288416,13.08749,50.0,777.396906,95948.073187,0.0,0.0,0.0,0.0,0.0
45,573.281214,0.0,90.0,100.0,383.28121,0.0,0.0,90.0,100.0,600.0,1000.0,41.6,41.6,18274.498336,30.0,54.8988,3260.98872,23848.498502,0.0,0.0,0.0,0.0,0.0
46,561.489976,0.0,120.0,100.0,341.48998,0.0,0.0,120.0,100.0,600.0,1000.0,41.6,41.6,16595.983168,30.0,41.79123,2482.399062,23357.982985,0.0,0.0,0.0,0.0,0.0
47,523.641214,0.0,150.0,100.0,273.64121,0.0,0.0,150.0,100.0,600.0,1000.0,41.6,41.6,13833.474336,30.0,67.84877,4030.216938,21783.474486,0.0,0.0,0.0,0.0,0.0
48,492.624325,0.0,209.77829,50.0,232.84604,0.0,0.0,225.0,100.0,600.0,1000.0,2.0,41.6,11180.951844,59.77829,90.79517,2748.233098,985.248649,0.0,0.0,0.0,0.0,15.22171
49,471.757912,0.0,180.0,58.911873,232.84604,0.0,0.0,180.0,100.0,600.0,1000.0,21.5,41.6,11313.000534,8.911873,29.77829,57.927174,10142.795112,0.0,0.0,0.0,0.0,0.0
50,460.439436,0.0,150.0,77.593397,232.84604,0.0,0.0,150.0,100.0,600.0,1000.0,21.5,41.6,11654.6533,18.681524,30.0,121.429906,9899.447874,0.0,0.0,0.0,0.0,0.0
51,458.140516,0.0,135.0,90.294476,232.84604,0.0,0.0,135.0,100.0,600.0,1000.0,21.5,41.6,11897.726498,12.701079,15.0,82.557014,9850.021085,0.0,0.0,0.0,0.0,0.0
52,467.846039,0.0,135.0,100.0,232.84604,0.0,0.0,135.0,100.0,600.0,1000.0,22.7,41.6,12106.395264,9.705524,0.0,63.085906,10620.105094,0.0,0.0,0.0,0.0,0.0
53,484.874738,0.0,135.0,100.0,249.87474,0.0,0.0,135.0,100.0,600.0,1000.0,41.6,41.6,12814.789184,17.0287,0.0,1011.50478,20170.789092,0.0,0.0,0.0,0.0,0.0
54,523.455817,0.0,120.0,100.0,303.45582,0.0,0.0,120.0,100.0,600.0,1000.0,160.4,41.6,15013.762112,53.58108,15.0,3182.716152,83962.313079,0.0,0.0,0.0,0.0,0.0
55,570.630039,50.0,120.0,100.0,300.63004,0.0,50.0,120.0,100.0,600.0,1000.0,41.6,41.6,14946.209664,50.0,2.82578,167.851332,23738.209622,0.0,0.0,0.0,0.0,0.0
56,597.679436,100.0,120.0,100.0,277.67944,0.0,100.0,120.0,100.0,600.0,1000.0,41.6,41.6,14041.464704,50.0,22.9506,1363.26564,24863.464529,0.0,0.0,0.0,0.0,0.0
57,613.855309,150.0,120.0,100.0,243.85531,0.0,150.0,120.0,100.0,600.0,1000.0,41.6,41.6,12684.380896,50.0,33.82413,2009.153322,25536.380863,0.0,0.0,0.0,0.0,0.0
58,631.838801,250.0,105.0,100.0,176.8388,0.0,250.0,105.0,100.0,600.0,1000.0,41.6,41.6,9966.49408,100.0,82.01651,3980.780694,26284.494113,0.0,0.0,0.0,0.0,0.0
59,649.025087,300.0,105.0,100.0,144.02509,0.0,300.0,105.0,100.0,600.0,1000.0,41.6,41.6,8651.443744,50.0,32.81371,1949.134374,26999.443611,0.0,0.0,0.0,0.0,0.0
60,650.137468,375.0,85.171174,50.0,139.96629,0.0,375.0,90.0,100.0,600.0,1000.0,2.0,41.6,7442.940012,75.0,73.887626,566.09272,1300.274935,0.0,0.0,0.0,0.0,4.828826
61,642.610357,450.0,52.644063,0.0,139.96629,0.0,450.0,90.0,100.0,600.0,1000.0,2.0,41.6,6377.88579,75.0,82.527111,325.0,1285.220713,0.0,0.0,0.0,0.0,37.355937
62,629.966293,350.0,90.0,50.0,139.96629,0.0,350.0,90.0,100.0,600.0,1000.0,2.0,41.6,7427.597664,87.355937,100.0,325.0,1259.932586,0.0,0.0,0.0,0.0,0.0
63,623.959436,300.0,75.0,100.0,148.95944,0.0,300.0,75.0,100.0,600.0,1000.0,41.6,41.6,8796.712704,58.99315,65.0,859.19311,25956.712529,0.0,0.0,0.0,0.0,0.0
64,629.873595,250.0,75.0,100.0,204.8736,0.0,250.0,75.0,100.0,600.0,1000.0,41.6,41.6,11072.74176,55.91416,50.0,3321.301104,26202.741552,0.0,0.0,0.0,0.0,0.0
65,651.036643,200.0,60.0,100.0,291.03664,0.0,200.0,60.0,100.0,600.0,1000.0,41.6,41.6,14577.124224,86.16304,65.0,5118.084576,27083.124332,0.0,0.0,0.0,0.0,0.0
66,649.015817,150.0,45.0,100.0,354.01582,0.0,150.0,45.0,100.0,600.0,1000.0,41.6,41.6,17117.058112,62.97918,65.0,3740.963292,26999.057979,0.0,0.0,0.0,0.0,0.0
67,629.039309,50.0,60.0,100.0,419.03931,0.0,50.0,60.0,100.0,600.0,1000.0,41.6,41.6,19752.035296,80.02349,100.0,3862.395306,26168.035246,0.0,0.0,0.0,0.0,0.0
68,592.312198,0.0,60.0,100.0,432.3122,0.0,0.0,60.0,100.0,600.0,1000.0,160.4,41.6,20254.18752,13.27289,50.0,788.409666,95006.876495,0.0,0.0,0.0,0.0,0.0
69,571.362356,0.0,90.0,100.0,381.36236,0.0,0.0,90.0,100.0,600.0,1000.0,41.6,41.6,18194.674176,30.0,50.94984,3026.420496,23768.674026,0.0,0.0,0.0,0.0,0.0
70,556.623309,0.0,120.0,100.0,336.62331,0.0,0.0,120.0,100.0,600.0,1000.0,41.6,41.6,16393.529696,30.0,44.73905,2657.49957,23155.529654,0.0,0.0,0.0,0.0,0.0
71,514.176706,0.0,150.0,100.0,264.17671,0.0,0.0,150.0,100.0,600.0,1000.0,41.6,41.6,13439.751136,30.0,72.4466,4303.32804,21389.750953,0.0,0.0,0.0,0.0,0.0
72,482.835373,0.0,204.70768,50.0,228.12769,0.0,0.0,225.0,100.0,600.0,1000.0,2.0,41.6,10974.527264,54.70768,86.04902,2466.311788,965.670745,0.0,0.0,0.0,0.0,20.29232
73,457.788262,0.0,180.0,49.660572,228.12769,0.0,0.0,180.0,100.0,600.0,1000.0,8.5,41.6,10917.814202,0.0,25.047108,2.206282,3891.200224,0.0,0.0,0.0,0.0,0.0
74,448.268134,0.0,150.0,70.140444,228.12769,0.0,0.0,150.0,100.0,600.0,1000.0,21.5,41.6,11298.13145,20.479872,30.0,133.119168,9637.764885,0.0,0.0,0.0,0.0,0.0
75,451.985341,0.0,135.0,88.857651,228.12769,0.0,0.0,135.0,100.0,600.0,1000.0,21.5,41.6,11670.5514,18.717207,15.0,121.661846,9717.684823,0.0,0.0,0.0,0.0,0.0
76,463.12769,0.0,135.0,100.0,228.12769,0.0,0.0,135.0,100.0,600.0,1000.0,35.7,41.6,11910.111904,11.142349,0.0,72.425268,16533.658526,0.0,0.0,0.0,0.0,0.0
77,486.765785,0.0,135.0,100.0,251.76579,0.0,0.0,135.0,100.0,600.0,1000.0,41.6,41.6,12893.456864,23.6381,0.0,1404.10314,20249.456673,0.0,0.0,0.0,0.0,0.0
78,533.884388,0.0,120.0,100.0,313.88439,0.0,0.0,120.0,100.0,600.0,1000.0,160.4,41.6,15447.590624,62.1186,15.0,3689.84484,85635.055899,0.0,0.0,0.0,0.0,0.0
79,583.283372,50.0,120.0,100.0,313.28337,0.0,50.0,120.0,100.0,600.0,1000.0,41.6,41.6,15472.588192,50.0,0.60102,35.700588,24264.588292,0.0,0.0,0.0,0.0,0.0
80,615.866864,100.0,120.0,100.0,295.86686,0.0,100.0,120.0,100.0,600.0,1000.0,41.6,41.6,14798.061376,50.0,17.41651,1034.540694,25620.061559,0.0,0.0,0.0,0.0,0.0
81,633.69277,150.0,120.0,100.0,263.69277,0.0,150.0,120.0,100.0,600.0,1000.0,41.6,41.6,13509.619232,50.0,32.17409,1911.140946,26361.619215,0.0,0.0,0.0,0.0,0.0
82,650.721468,250.0,105.0,100.0,195.72147,0.0,250.0,105.0,100.0,600.0,1000.0,41.6,41.6,10752.013152,100.0,82.9713,4037.49522,27070.013069,0.0,0.0,0.0,0.0,0.0
83,667.342293,300.0,105.0,100.0,162.34229,0.0,300.0,105.0,100.0,600.0,1000.0,41.6,41.6,9413.439264,50.0,33.37918,1982.723292,27761.439389,0.0,0.0,0.0,0.0,0.0
84,665.441975,375.0,90.0,50.0,150.44198,0.0,375.0,90.0,100.0,600.0,1000.0,2.6,41.6,7888.386368,75.0,76.90031,1031.878414,1730.149136,0.0,0.0,0.0,0.0,0.0
85,645.33569,450.0,44.893714,0.0,150.44198,0.0,450.0,90.0,100.0,600.0,1000.0,2.0,41.6,6798.173796,75.0,95.106286,325.0,1290.67138,0.0,0.0,0.0,0.0,45.106286
86,627.79715,350.0,81.479619,45.875556,150.44198,0.0,350.0,90.0,100.0,600.0,1000.0,2.0,41.6,7757.67006,82.461461,100.0,298.191114,1255.594301,0.0,0.0,0.0,0.0,8.520381
87,621.317531,300.0,75.0,95.875556,150.44198,0.0,300.0,75.0,100.0,600.0,1000.0,41.0,41.6,8769.710822,50.0,56.479619,325.0,25474.018787,0.0,0.0,0.0,0.0,0.0
88,626.703309,250.0,75.0,100.0,201.70331,0.0,250.0,75.0,100.0,600.0,1000.0,41.6,41.6,10940.857696,55.385774,50.0,3071.731888,26070.857654,0.0,0.0,0.0,0.0,0.0
89,643.129468,200.0,60.0,100.0,283.12947,0.0,200.0,60.0,100.0,600.0,1000.0,41.6,41.6,14248.185952,81.42616,65.0,4836.713904,26754.185852,0.0,0.0,0.0,0.0,0.0
90,637.521214,150.0,45.0,100.0,342.52121,0.0,150.0,45.0,100.0,600.0,1000.0,41.6,41.6,16638.882336,59.39174,65.0,3527.869356,26520.882486,0.0,0.0,0.0,0.0,0.0
91,616.617722,50.0,60.0,100.0,406.61772,0.0,50.0,60.0,100.0,600.0,1000.0,41.6,41.6,19235.297152,79.09651,100.0,3807.332694,25651.297227,0.0,0.0,0.0,0.0,0.0
92,580.678547,0.0,60.0,100.0,420.67855,0.0,0.0,60.0,100.0,600.0,1000.0,160.4,41.6,19770.22768,14.06083,50.0,835.213302,93140.838907,0.0,0.0,0.0,0.0,0.0
93,558.30115,0.0,90.0,100.0,368.30115,0.0,0.0,90.0,100.0,600.0,1000.0,41.6,41.6,17651.32784,30.0,52.3774,3111.21756,23225.327848,0.0,0.0,0.0,0.0,0.0
94,543.812389,0.0,120.0,100.0,323.81239,0.0,0.0,120.0,100.0,600.0,1000.0,41.6,41.6,15860.595424,30.0,44.48876,2642.632344,22622.595366,0.0,0.0,0.0,0.0,0.0
95,511.0435,0.0,150.0,100.0,261.0435,0.0,0.0,150.0,100.0,600.0,1000.0,41.6,41.6,13309.4096,30.0,62.76889,3728.472066,21259.409583,0.0,0.0,0.0,0.0,0.0
96,476.383563,0.0,207.89651,50.0,218.48705,0.0,0.0,225.0,100.0,600.0,1000.0,2.0,41.6,10579.8543,57.89651,92.55645,2852.85313,952.767126,0.0,0.0,0.0,0.0,17.10349
97,456.286547,0.0,180.0,57.799492,218.48705,0.0,0.0,180.0,100.0,600.0,1000.0,21.5,41.6,10691.750358,7.799492,27.89651,50.696698,9810.160756,0.0,0.0,0.0,0.0,0.0
98,445.895055,0.0,150.0,77.408,218.48705,0.0,0.0,150.0,100.0,600.0,1000.0,21.5,41.6,11053.33328,19.608508,30.0,127.455302,9586.743682,0.0,0.0,0.0,0.0,0.0
99,447.34115,0.0,135.0,93.854096,218.48705,0.0,0.0,135.0,100.0,600.0,1000.0,21.5,41.6,11376.924344,16.446096,15.0,106.899624,9617.834734,0.0,0.0,0.0,0.0,0.0
100,453.487055,0.0,135.0,100.0,218.48705,0.0,0.0,135.0,100.0,600.0,1000.0,22.7,41.6,11509.06128,6.145904,0.0,39.948376,10294.156144,0.0,0.0,0.0,0.0,0.0
101,455.164896,0.0,135.0,100.0,220.1649,0.0,0.0,135.0,100.0,600.0,1000.0,41.6,41.6,11578.85984,1.67785,0.0,99.66429,18934.859674,0.0,0.0,0.0,0.0,0.0
102,458.372261,0.0,120.0,100.0,238.37226,0.0,0.0,120.0,100.0,600.0,1000.0,160.4,41.6,12306.286016,18.20736,15.0,1081.517184,73522.910729,0.0,0.0,0.0,0.0,0.0
103,484.939627,50.0,120.0,100.0,214.93963,0.0,50.0,120.0,100.0,600.0,1000.0,41.6,41.6,11381.488608,50.0,23.43263,1391.898222,20173.488467,0.0,0.0,0.0,0.0,0.0
104,519.553214,100.0,120.0,100.0,199.55321,0.0,100.0,120.0,100.0,600.0,1000.0,41.6,41.6,10791.413536,50.0,15.38642,913.953348,21613.413694,0.0,0.0,0.0,0.0,0.0
105,551.358039,150.0,120.0,100.0,181.35804,0.0,150.0,120.0,100.0,600.0,1000.0,41.6,41.6,10084.494464,50.0,18.19517,1080.793098,22936.494422,0.0,0.0,0.0,0.0,0.0
106,577.276516,250.0,105.0,100.0,122.27652,0.0,250.0,105.0,100.0,600.0,1000.0,41.6,41.6,7696.703232,100.0,74.08152,3509.442288,24014.703049,0.0,0.0,0.0,0.0,0.0
107,595.195118,300.0,105.0,100.0,90.195118,0.0,300.0,105.0,100.0,600.0,1000.0,41.6,41.6,6412.116909,50.0,32.081402,1905.635279,24760.116925,0.0,0.0,0.0,0.0,0.0
108,597.160325,375.0,86.385524,50.0,85.774801,0.0,375.0,90.0,100.0,600.0,1000.0,2.0,41.6,5191.00277,75.0,73.034793,587.56683,1194.32065,0.0,0.0,0.0,0.0,3.614476
109,587.019119,450.0,51.244318,0.0,85.774801,0.0,450.0,90.0,100.0,600.0,1000.0,2.0,41.6,4120.720358,75.0,85.141206,325.0,1174.038238,0.0,0.0,0.0,0.0,38.755682
110,575.774801,350.0,90.0,50.0,85.774801,0.0,350.0,90.0,100.0,600.0,1000.0,2.0,41.6,5173.231722,88.755682,100.0,325.0,1151.549602,0.0,0.0,0.0,0.0,0.0
111,575.22788,300.0,75.0,100.0,100.22788,0.0,300.0,75.0,100.0,600.0,1000.0,41.6,41.6,6769.479808,64.453079,65.0,1183.512893,23929.479825,0.0,0.0,0.0,0.0,0.0
112,589.642484,250.0,75.0,100.0,164.64248,0.0,250.0,75.0,100.0,600.0,1000.0,41.6,41.6,9399.127168,64.4146,50.0,3826.22724,24529.127326,0.0,0.0,0.0,0.0,0.0
113,618.582928,200.0,60.0,100.0,258.58293,0.0,200.0,60.0,100.0,600.0,1000.0,41.6,41.6,13227.049888,93.94045,65.0,5580.06273,25733.049813,0.0,0.0,0.0,0.0,0.0
114,622.53188,150.0,45.0,100.0,327.53188,0.0,150.0,45.0,100.0,600.0,1000.0,41.6,41.6,16015.326208,68.94895,65.0,4095.56763,25897.326225,0.0,0.0,0.0,0.0,0.0
115,606.003754,50.0,60.0,100.0,396.00375,0.0,50.0,60.0,100.0,600.0,1000.0,41.6,41.6,18793.756,83.47187,100.0,4067.229078,25209.75615,0.0,0.0,0.0,0.0,0.0
116,575.83042,0.0,60.0,100.0,415.83042,0.0,0.0,60.0,100.0,600.0,1000.0,160.4,41.6,19568.545472,19.82667,50.0,1177.704198,92363.1994,0.0,0.0,0.0,0.0,0.0
117,556.808706,0.0,90.0,100.0,366.80871,0.0,0.0,90.0,100.0,600.0,1000.0,41.6,41.6,17589.242336,30.0,49.02171,2911.889574,23163.24217,0.0,0.0,0.0,0.0,0.0
118,553.267627,0.0,120.0,100.0,333.26763,0.0,0.0,120.0,100.0,600.0,1000.0,41.6,41.6,16253.933408,30.0,33.54108,1992.340152,23015.933267,0.0,0.0,0.0,0.0,0.0
119,522.185849,0.0,150.0,100.0,272.18585,0.0,0.0,150.0,100.0,600.0,1000.0,41.6,41.6,13772.93136,30.0,61.08178,3628.257732,21722.93131,0.0,0.0,0.0,0.0,0.0
120,481.305848,0.0,222.19987,50.0,209.10598,0.0,0.0,225.0,100.0,600.0,1000.0,2.0,41.6,10218.208508,72.19987,113.07987,4071.944278,962.611697,0.0,0.0,0.0,0.0,2.80013
121,452.995753,0.0,180.0,63.889778,209.10598,0.0,0.0,180.0,100.0,600.0,1000.0,21.5,41.6,10432.438995,13.889778,42.19987,90.283557,9739.408694,0.0,0.0,0.0,0.0,0.0
122,442.873087,0.0,150.0,83.767111,209.10598,0.0,0.0,150.0,100.0,600.0,1000.0,21.5,41.6,10799.801654,19.877333,30.0,129.202664,9521.771362,0.0,0.0,0.0,0.0,0.0
123,443.206801,0.0,135.0,99.100826,209.10598,0.0,0.0,135.0,100.0,600.0,1000.0,21.5,41.6,11099.476527,15.333715,15.0,99.669147,9528.946226,0.0,0.0,0.0,0.0,0.0
124,444.105976,0.0,135.0,100.0,209.10598,0.0,0.0,135.0,100.0,600.0,1000.0,141.5,41.6,11118.808768,0.899174,0.0,5.844631,62840.995547,0.0,0.0,0.0,0.0,0.0
125,436.912579,0.0,135.0,93.852698,208.05988,0.0,0.0,135.0,100.0,600.0,1000.0,8.5,41.6,10943.124015,0.0,7.193402,102.095803,3713.756918,0.0,0.0,0.0,0.0,0.0
126,428.05988,0.0,120.0,100.0,208.05988,0.0,0.0,120.0,100.0,600.0,1000.0,74.7,41.6,11045.291008,6.147302,15.0,39.957463,31976.073066,0.0,0.0,0.0,0.0,0.0
127,440.416579,50.0,120.0,100.0,170.41658,0.0,50.0,120.0,100.0,600.0,1000.0,41.6,41.6,9529.329728,50.0,37.6433,2236.01202,18321.32967,0.0,0.0,0.0,0.0,0.0
128,466.761468,100.0,120.0,100.0,146.76147,0.0,100.0,120.0,100.0,600.0,1000.0,41.6,41.6,8595.277152,50.0,23.65511,1405.113534,19417.277069,0.0,0.0,0.0,0.0,0.0
129,496.350801,150.0,120.0,100.0,126.3508,0.0,150.0,120.0,100.0,600.0,1000.0,41.6,41.6,7796.19328,50.0,20.41067,1212.393798,20648.193322,0.0,0.0,0.0,0.0,0.0
130,521.870674,250.0,105.0,100.0,66.870674,0.0,250.0,105.0,100.0,600.0,1000.0,41.6,41.6,5391.820038,100.0,74.480126,3533.119484,21709.820047,0.0,0.0,0.0,0.0,0.0
131,550.15296,300.0,105.0,100.0,45.15296,0.0,300.0,105.0,100.0,600.0,1000.0,41.6,41.6,4538.363136,50.0,21.717714,1290.032212,22886.363136,0.0,0.0,0.0,0.0,0.0
132,553.230547,375.0,90.0,50.0,38.230547,0.0,375.0,90.0,100.0,600.0,1000.0,2.0,41.6,3220.390755,75.0,71.922413,736.191332,1106.461094,0.0,0.0,0.0,0.0,0.0
133,536.758039,450.0,48.527492,0.0,38.230547,0.0,450.0,90.0,100.0,600.0,1000.0,2.0,41.6,2137.445739,75.0,91.472508,325.0,1073.516078,0.0,0.0,0.0,0.0,41.472508
134,525.272706,350.0,87.042159,50.0,38.230547,0.0,350.0,90.0,100.0,600.0,1000.0,2.0,41.6,3189.475073,88.514667,100.0,325.0,1050.545412,0.0,0.0,0.0,0.0,2.957841
135,526.125531,300.0,75.0,100.0,51.125531,0.0,300.0,75.0,100.0,600.0,1000.0,41.6,41.6,4726.82209,62.894984,62.042159,1090.96205,21886.82209,0.0,0.0,0.0,0.0,0.0
136,547.594484,250.0,75.0,100.0,122.59448,0.0,250.0,75.0,100.0,600.0,1000.0,41.6,41.6,7649.930368,71.468949,50.0,4245.255571,22779.930526,0.0,0.0,0.0,0.0,0.0
137,580.317023,200.0,60.0,100.0,220.31702,0.0,200.0,60.0,100.0,600.0,1000.0,41.6,41.6,11635.188032,97.72254,65.0,5804.718876,24141.188173,0.0,0.0,0.0,0.0,0.0
138,592.228769,150.0,45.0,100.0,297.22877,0.0,150.0,45.0,100.0,600.0,1000.0,41.6,41.6,14754.716832,76.91175,65.0,4568.55795,24636.716807,0.0,0.0,0.0,0.0,0.0
139,581.957785,50.0,60.0,100.0,371.95779,0.0,50.0,60.0,100.0,600.0,1000.0,41.6,41.6,17793.444064,89.72902,100.0,4438.903788,24209.443864,0.0,0.0,0.0,0.0,0.0
140,560.405404,0.0,60.0,100.0,400.4054,0.0,0.0,60.0,100.0,600.0,1000.0,160.4,41.6,18926.86464,28.44761,50.0,1689.788034,89889.026834,0.0,0.0,0.0,0.0,0.0
141,550.431055,0.0,90.0,100.0,360.43106,0.0,0.0,90.0,100.0,600.0,1000.0,41.6,41.6,17323.932096,30.0,39.97434,2374.475796,22897.931896,0.0,0.0,0.0,0.0,0.0
142,551.367309,0.0,120.0,100.0,331.36731,0.0,0.0,120.0,100.0,600.0,1000.0,41.6,41.6,16174.880096,30.0,29.06375,1726.38675,22936.880054,0.0,0.0,0.0,0.0,0.0
143,516.503436,0.0,150.0,100.0,266.50344,0.0,0.0,150.0,100.0,600.0,1000.0,41.6,41.6,13536.543104,30.0,64.86387,3852.913878,21486.542938,0.0,0.0,0.0,0.0,0.0
144,484.031182,0.0,182.71962,50.0,251.31156,0.0,0.0,225.0,100.0,600.0,1000.0,2.0,41.6,11895.000136,32.71962,65.19188,1227.397672,968.062364,0.0,0.0,0.0,0.0,42.28038
145,464.963119,0.0,180.0,33.651555,251.31156,0.0,0.0,180.0,100.0,600.0,1000.0,8.5,41.6,11538.069328,0.0,19.068065,106.264892,3952.186508,0.0,0.0,0.0,0.0,0.0
146,461.171753,0.0,150.0,59.86019,251.31156,0.0,0.0,150.0,100.0,600.0,1000.0,21.5,41.6,12041.554981,26.208635,30.0,170.356128,9915.192698,0.0,0.0,0.0,0.0,0.0
147,467.048833,0.0,135.0,80.737269,251.31156,0.0,0.0,135.0,100.0,600.0,1000.0,21.5,41.6,12460.41218,20.877079,15.0,135.701013,10041.549901,0.0,0.0,0.0,0.0,0.0
148,486.311563,0.0,135.0,100.0,251.31156,0.0,0.0,135.0,100.0,600.0,1000.0,35.7,41.6,12874.560896,19.262731,0.0,125.207752,17361.322806,0.0,0.0,0.0,0.0,0.0
149,524.957531,0.0,135.0,100.0,289.95753,0.0,0.0,135.0,100.0,600.0,1000.0,41.6,41.6,14482.233248,38.64597,0.0,2295.570618,21838.233306,0.0,0.0,0.0,0.0,0.0
150,601.415182,0.0,120.0,100.0,381.41518,0.0,0.0,120.0,100.0,600.0,1000.0,41.6,41.6,18256.871488,91.45765,15.0,5432.58441,25018.87158,0.0,0.0,0.0,0.0,0.0
151,674.452261,50.0,120.0,100.0,404.45226,0.0,50.0,120.0,100.0,600.0,1000.0,160.4,41.6,19265.214016,73.03708,0.0,1368.402552,108182.142696,0.0,0.0,0.0,0.0,0.0
152,698.980261,100.0,120.0,100.0,378.98026,0.0,100.0,120.0,100.0,600.0,1000.0,41.6,41.6,18255.578816,50.0,25.472,1513.0368,29077.578866,0.0,0.0,0.0,0.0,0.0
153,704.226992,150.0,120.0,100.0,334.22699,0.0,150.0,120.0,100.0,600.0,1000.0,41.6,41.6,16443.842784,50.0,44.75327,2658.344238,29295.842859,0.0,0.0,0.0,0.0,0.0
154,711.123754,250.0,105.0,100.0,256.12375,0.0,250.0,105.0,100.0,600.0,1000.0,41.6,41.6,13264.748,100.0,93.10324,4639.332456,29582.74815,0.0,0.0,0.0,0.0,0.0
155,721.811881,300.0,105.0,99.757587,217.05429,0.0,300.0,105.0,100.0,600.0,1000.0,41.0,41.6,11684.246584,50.0,39.311873,2322.301608,29594.287105,0.0,0.0,0.0,0.0,0.0
156,718.734293,375.0,76.922413,49.757587,217.05429,0.0,375.0,90.0,100.0,600.0,1000.0,2.0,41.6,10628.091411,75.0,78.077587,325.0,1437.468587,0.0,0.0,0.0,0.0,13.077587
157,716.110928,450.0,49.056635,0.0,217.05429,0.0,450.0,90.0,100.0,600.0,1000.0,2.0,41.6,9577.571734,75.0,77.623365,323.424316,1432.221856,0.0,0.0,0.0,0.0,40.943365
158,707.054293,350.0,90.0,50.0,217.05429,0.0,350.0,90.0,100.0,600.0,1000.0,2.6,41.6,10634.458464,90.943365,100.0,325.0,1838.341162,0.0,0.0,0.0,0.0,0.0
159,702.169087,300.0,75.0,100.0,227.16909,0.0,300.0,75.0,100.0,600.0,1000.0,41.6,41.6,12050.234144,60.1148,65.0,925.81912,29210.234003,0.0,0.0,0.0,0.0,0.0
160,708.027626,250.0,75.0,100.0,283.02763,0.0,250.0,75.0,100.0,600.0,1000.0,41.6,41.6,14323.949408,55.85854,50.0,3317.997276,29453.949258,0.0,0.0,0.0,0.0,0.0
161,729.839563,200.0,60.0,100.0,369.83956,0.0,200.0,60.0,100.0,600.0,1000.0,41.6,41.6,17855.325696,86.81193,65.0,5156.628642,30361.325829,0.0,0.0,0.0,0.0,0.0
162,727.281087,150.0,45.0,100.0,432.28109,0.0,150.0,45.0,100.0,600.0,1000.0,41.6,41.6,20372.893344,62.44153,65.0,3709.026882,30254.893219,0.0,0.0,0.0,0.0,0.0
163,709.881595,50.0,60.0,100.0,499.88159,0.0,50.0,60.0,100.0,600.0,1000.0,41.6,41.6,23115.074144,82.6005,100.0,4015.4697,29531.074335,0.0,0.0,0.0,0.0,0.0
164,673.219372,0.0,60.0,100.0,513.21937,0.0,0.0,60.0,100.0,600.0,1000.0,160.4,41.6,23619.925792,13.33778,50.0,792.264132,107984.387301,0.0,0.0,0.0,0.0,0.0
165,642.934801,0.0,90.0,100.0,452.9348,0.0,0.0,90.0,100.0,600.0,1000.0,41.6,41.6,21172.08768,30.0,60.28457,3580.903458,26746.08773,0.0,0.0,0.0,0.0,0.0
166,617.92477,0.0,120.0,100.0,397.92477,0.0,0.0,120.0,100.0,600.0,1000.0,41.6,41.6,18943.670432,30.0,55.01003,3267.595782,25705.670415,0.0,0.0,0.0,0.0,0.0
167,571.260388,0.0,150.0,100.0,321.26039,0.0,0.0,150.0,100.0,600.0,1000.0,41.6,41.6,15814.432224,30.0,76.66438,4553.864172,23764.432149,0.0,0.0,0.0,0.0,0.0
168,536.656071,0.0,194.29765,50.0,292.35842,0.0,0.0,225.0,100.0,600.0,1000.0,2.0,41.6,13625.705572,44.29765,78.90197,2041.777018,1073.312142,0.0,0.0,0.0,0.0,30.70235
169,516.327309,0.0,180.0,43.968889,292.35842,0.0,0.0,180.0,100.0,600.0,1000.0,8.5,41.6,13467.441386,0.0,20.328761,39.202222,4388.782126,0.0,0.0,0.0,0.0,0.0
170,510.338992,0.0,150.0,67.980572,292.35842,0.0,0.0,150.0,100.0,600.0,1000.0,21.5,41.6,13923.69257,24.011683,30.0,156.075939,10972.288319,0.0,0.0,0.0,0.0,0.0
171,515.724769,0.0,135.0,88.366349,292.35842,0.0,0.0,135.0,100.0,600.0,1000.0,21.5,41.6,14331.986776,20.385777,15.0,132.507551,11088.082538,0.0,0.0,0.0,0.0,0.0
172,527.35842,0.0,135.0,100.0,292.35842,0.0,0.0,135.0,100.0,600.0,1000.0,35.7,41.6,14582.110272,11.633651,0.0,75.618732,18826.695594,0.0,0.0,0.0,0.0,0.0
173,552.989531,0.0,135.0,100.0,317.98953,0.0,0.0,135.0,100.0,600.0,1000.0,41.6,41.6,15648.364448,25.63111,0.0,1522.487934,23004.364506,0.0,0.0,0.0,0.0,0.0
174,622.096198,0.0,120.0,100.0,402.0962,0.0,0.0,120.0,100.0,600.0,1000.0,41.6,41.6,19117.20192,84.10667,15.0,4995.936198,25879.20182,0.0,0.0,0.0,0.0,0.0
175,687.124135,50.0,120.0,100.0,417.12413,0.0,50.0,120.0,100.0,600.0,1000.0,160.4,41.6,19792.363808,65.02793,0.0,892.659042,110214.71119,0.0,0.0,0.0,0.0,0.0
176,702.808706,100.0,120.0,100.0,382.80871,0.0,100.0,120.0,100.0,600.0,1000.0,41.6,41.6,18414.842336,50.0,34.31542,2038.335948,29236.842161,0.0,0.0,0.0,0.0,0.0
177,700.769341,150.0,120.0,100.0,330.76934,0.0,150.0,120.0,100.0,600.0,1000.0,41.6,41.6,16300.004544,50.0,52.03937,3091.138578,29152.004569,0.0,0.0,0.0,0.0,0.0
178,710.72515,250.0,105.0,100.0,255.72515,0.0,250.0,105.0,100.0,600.0,1000.0,41.6,41.6,13248.16624,100.0,90.04419,4457.624886,29566.166248,0.0,0.0,0.0,0.0,0.0
179,727.438674,300.0,105.0,99.859556,222.57912,0.0,300.0,105.0,100.0,600.0,1000.0,41.0,41.6,11916.271846,50.0,33.286474,1969.787068,29824.985634,0.0,0.0,0.0,0.0,0.0
180,724.073722,375.0,76.635048,49.859556,222.57912,0.0,375.0,90.0,100.0,600.0,1000.0,2.0,41.6,10859.541942,75.0,78.364952,325.0,1448.147443,0.0,0.0,0.0,0.0,13.364952
181,720.801468,450.0,48.22235,0.0,222.57912,0.0,450.0,90.0,100.0,600.0,1000.0,2.0,41.6,9805.736092,75.0,78.272254,324.087114,1441.602936,0.0,0.0,0.0,0.0,41.77765
182,712.579118,350.0,90.0,50.0,222.57912,0.0,350.0,90.0,100.0,600.0,1000.0,2.6,41.6,10864.291392,91.77765,100.0,325.0,1852.705708,0.0,0.0,0.0,0.0,0.0
183,708.797023,300.0,75.0,100.0,233.79702,0.0,300.0,75.0,100.0,600.0,1000.0,41.6,41.6,12325.956032,61.2179,65.0,991.34326,29485.956165,0.0,0.0,0.0,0.0,0.0
184,710.437785,250.0,75.0,100.0,285.43778,0.0,250.0,75.0,100.0,600.0,1000.0,41.6,41.6,14424.211648,51.64076,50.0,3067.461144,29554.211856,0.0,0.0,0.0,0.0,0.0
185,731.971627,200.0,60.0,100.0,371.97163,0.0,200.0,60.0,100.0,600.0,1000.0,41.6,41.6,17944.019808,86.53385,65.0,5140.11069,30450.019667,0.0,0.0,0.0,0.0,0.0
186,729.45023,150.0,45.0,100.0,434.45023,0.0,150.0,45.0,100.0,600.0,1000.0,41.6,41.6,20463.129568,62.4786,65.0,3711.22884,30345.12956,0.0,0.0,0.0,0.0,0.0
187,711.346229,50.0,60.0,100.0,501.34623,0.0,50.0,60.0,100.0,600.0,1000.0,41.6,41.6,23176.003168,81.896,100.0,3973.6224,29592.003143,0.0,0.0,0.0,0.0,0.0
188,676.639944,0.0,60.0,100.0,516.63994,0.0,0.0,60.0,100.0,600.0,1000.0,160.4,41.6,23762.221504,15.29371,50.0,908.446374,108533.047018,0.0,0.0,0.0,0.0,0.0
189,647.10623,0.0,90.0,100.0,457.10623,0.0,0.0,90.0,100.0,600.0,1000.0,41.6,41.6,21345.619168,30.0,59.53371,3536.302374,26919.61916,0.0,0.0,0.0,0.0,0.0
190,624.738103,0.0,120.0,100.0,404.7381,0.0,0.0,120.0,100.0,600.0,1000.0,41.6,41.6,19227.10496,30.0,52.36813,3110.666922,25989.105068,0.0,0.0,0.0,0.0,0.0
191,576.377341,0.0,150.0,100.0,326.37734,0.0,0.0,150.0,100.0,600.0,1000.0,41.6,41.6,16027.297344,30.0,78.36076,4654.629144,23977.297369,0.0,0.0,0.0,0.0,0.0
192,541.615436,0.0,189.63492,50.0,301.98052,0.0,0.0,225.0,100.0,600.0,1000.0,2.0,41.6,14016.659472,39.63492,74.39682,1774.171108,1083.230872,0.0,0.0,0.0,0.0,35.36508
193,525.124388,0.0,180.0,43.143873,301.98052,0.0,0.0,180.0,100.0,600.0,1000.0,8.5,41.6,13849.982902,0.0,16.491047,44.564826,4463.557301,0.0,0.0,0.0,0.0,0.0
194,517.384071,0.0,150.0,65.403555,301.98052,0.0,0.0,150.0,100.0,600.0,1000.0,21.5,41.6,14268.566064,22.259682,30.0,144.687933,11123.757526,0.0,0.0,0.0,0.0,0.0
195,521.49988,0.0,135.0,84.519365,301.98052,0.0,0.0,135.0,100.0,600.0,1000.0,21.5,41.6,14649.55598,19.11581,15.0,124.252765,11212.247424,0.0,0.0,0.0,0.0,0.0
196,536.980516,0.0,135.0,100.0,301.98052,0.0,0.0,135.0,100.0,600.0,1000.0,35.7,41.6,14982.389632,15.480635,0.0,100.624128,19170.204407,0.0,0.0,0.0,0.0,0.0
197,564.16896,0.0,135.0,100.0,329.16896,0.0,0.0,135.0,100.0,600.0,1000.0,41.6,41.6,16113.428736,27.18844,0.0,1614.993336,23469.428736,0.0,0.0,0.0,0.0,0.0
198,634.517785,0.0,120.0,100.0,414.51779,0.0,0.0,120.0,100.0,600.0,1000.0,41.6,41.6,19633.940064,85.34883,15.0,5069.720502,26395.939864,0.0,0.0,0.0,0.0,0.0
199,699.341785,50.0,120.0,100.0,429.34179,0.0,50.0,120.0,100.0,600.0,1000.0,160.4,41.6,20300.618464,64.824,0.0,880.5456,112174.422346,0.0,0.0,0.0,0.0,0.0
200,722.785214,100.0,120.0,100.0,402.78521,0.0,100.0,120.0,100.0,600.0,1000.0,41.6,41.6,19245.864736,50.0,26.55658,1577.460852,30067.864894,0.0,0.0,0.0,0.0,0.0
201,718.400579,150.0,120.0,100.0,348.40058,0.0,150.0,120.0,100.0,600.0,1000.0,41.6,41.6,17033.464128,50.0,54.38463,3230.447022,29885.464078,0.0,0.0,0.0,0.0,0.0
202,726.919563,250.0,105.0,100.0,271.91956,0.0,250.0,105.0,100.0,600.0,1000.0,41.6,41.6,13921.853696,100.0,91.48102,4542.972588,30239.853821,0.0,0.0,0.0,0.0,0.0
203,739.758293,300.0,105.0,100.0,234.75829,0.0,300.0,105.0,100.0,600.0,1000.0,41.6,41.6,12425.944864,50.0,37.16127,2207.379438,30773.945005,0.0,0.0,0.0,0.0,0.0
204,732.555626,375.0,75.994032,50.0,231.56159,0.0,375.0,90.0,100.0,600.0,1000.0,2.0,41.6,11234.950208,75.0,82.202668,514.88398,1465.111253,0.0,0.0,0.0,0.0,14.005968
205,730.544071,450.0,48.982476,0.0,231.56159,0.0,450.0,90.0,100.0,600.0,1000.0,2.0,41.6,10180.927096,75.0,77.011556,325.0,1461.088141,0.0,0.0,0.0,0.0,41.017524
206,721.561595,350.0,90.0,50.0,231.56159,0.0,350.0,90.0,100.0,600.0,1000.0,2.0,41.6,11237.962144,91.017524,100.0,325.0,1443.12319,0.0,0.0,0.0,0.0,0.0
207,715.601087,300.0,75.0,100.0,240.60109,0.0,300.0,75.0,100.0,600.0,1000.0,41.6,41.6,12609.005344,59.0395,65.0,861.9463,29769.005211,0.0,0.0,0.0,0.0,0.0
208,717.436516,250.0,75.0,100.0,292.43652,0.0,250.0,75.0,100.0,600.0,1000.0,41.6,41.6,14715.359232,51.83543,50.0,3079.024542,29845.359049,0.0,0.0,0.0,0.0,0.0
209,733.176706,200.0,60.0,100.0,373.17671,0.0,200.0,60.0,100.0,600.0,1000.0,41.6,41.6,17994.151136,80.74019,65.0,4795.967286,30500.150953,0.0,0.0,0.0,0.0,0.0
210,725.862801,150.0,45.0,100.0,430.8628,0.0,150.0,45.0,100.0,600.0,1000.0,41.6,41.6,20313.89248,57.68609,65.0,3426.553746,30195.892522,0.0,0.0,0.0,0.0,0.0
211,704.458738,50.0,60.0,100.0,494.45874,0.0,50.0,60.0,100.0,600.0,1000.0,41.6,41.6,22889.483584,78.59594,100.0,3777.598836,29305.483484,0.0,0.0,0.0,0.0,0.0
212,665.367817,0.0,60.0,100.0,505.36782,0.0,0.0,60.0,100.0,600.0,1000.0,160.4,41.6,23293.301312,10.90908,50.0,647.999352,106724.997879,0.0,0.0,0.0,0.0,0.0
213,632.756515,0.0,90.0,100.0,442.75652,0.0,0.0,90.0,100.0,600.0,1000.0,41.6,41.6,20748.671232,30.0,62.6113,3719.11122,26322.671032,0.0,0.0,0.0,0.0,0.0
214,609.999055,0.0,120.0,100.0,389.99906,0.0,0.0,120.0,100.0,600.0,1000.0,41.6,41.6,18613.960896,30.0,52.75746,3133.793124,25375.960696,0.0,0.0,0.0,0.0,0.0
215,562.426229,0.0,150.0,100.0,312.42623,0.0,0.0,150.0,100.0,600.0,1000.0,41.6,41.6,15446.931168,30.0,77.57283,4607.826102,23396.931143,0.0,0.0,0.0,0.0,0.0
216,530.055944,0.0,199.27556,50.0,280.78039,0.0,0.0,225.0,100.0,600.0,1000.0,2.0,41.6,13154.015344,49.27556,81.64584,2204.762896,1060.111888,0.0,0.0,0.0,0.0,25.72444
217,513.676135,0.0,180.0,52.895746,280.78039,0.0,0.0,180.0,100.0,600.0,1000.0,21.5,41.6,13177.722763,2.895746,19.27556,18.822349,11044.036894,0.0,0.0,0.0,0.0,0.0
218,505.045912,0.0,150.0,74.265524,280.78039,0.0,0.0,150.0,100.0,600.0,1000.0,21.5,41.6,13577.17299,21.369778,30.0,138.903557,10858.487112,0.0,0.0,0.0,0.0,0.0
219,508.438674,0.0,135.0,92.658285,280.78039,0.0,0.0,135.0,100.0,600.0,1000.0,21.5,41.6,13942.617352,18.392761,15.0,119.552947,10931.431491,0.0,0.0,0.0,0.0,0.0
220,515.780389,0.0,135.0,100.0,280.78039,0.0,0.0,135.0,100.0,600.0,1000.0,22.7,41.6,14100.464224,7.341715,0.0,47.721147,11708.214821,0.0,0.0,0.0,0.0,0.0
221,539.863436,0.0,135.0,100.0,304.86344,0.0,0.0,135.0,100.0,600.0,1000.0,41.6,41.6,15102.319104,24.08305,0.0,1430.53317,22458.318929,0.0,0.0,0.0,0.0,0.0
222,609.452134,0.0,120.0,100.0,389.45213,0.0,0.0,120.0,100.0,600.0,1000.0,41.6,41.6,18591.208608,84.58869,15.0,5024.568186,25353.208783,0.0,0.0,0.0,0.0,0.0
223,678.503182,50.0,120.0,100.0,408.50318,0.0,50.0,120.0,100.0,600.0,1000.0,160.4,41.6,19433.732288,69.05105,0.0,1131.63237,108831.910425,0.0,0.0,0.0,0.0,0.0
224,700.24096,100.0,120.0,100.0,380.24096,0.0,100.0,120.0,100.0,600.0,1000.0,41.6,41.6,18308.023936,50.0,28.26222,1678.775868,29130.023919,0.0,0.0,0.0,0.0,0.0
225,700.713722,150.0,120.0,100.0,330.71372,0.0,150.0,120.0,100.0,600.0,1000.0,41.6,41.6,16297.690752,50.0,49.52724,2941.918056,29149.690827,0.0,0.0,0.0,0.0,0.0
226,707.156261,250.0,105.0,100.0,252.15626,0.0,250.0,105.0,100.0,600.0,1000.0,41.6,41.6,13099.700416,100.0,93.55746,4666.313124,29417.700474,0.0,0.0,0.0,0.0,0.0
227,715.322992,300.0,105.0,95.261714,215.06128,0.0,300.0,105.0,100.0,600.0,1000.0,41.0,41.6,11504.676099,50.0,41.833266,2234.240671,29328.242656,0.0,0.0,0.0,0.0,0.0
228,711.540896,375.0,76.217905,45.261714,215.06128,0.0,375.0,90.0,100.0,600.0,1000.0,2.0,41.6,10447.111909,75.0,78.782095,325.0,1423.081793,0.0,0.0,0.0,0.0,13.782095
229,708.834103,450.0,43.772825,0.0,215.06128,0.0,450.0,90.0,100.0,600.0,1000.0,2.0,41.6,9484.094898,75.0,77.706794,294.201141,1417.668205,0.0,0.0,0.0,0.0,46.227175
230,705.061277,350.0,90.0,50.0,215.06128,0.0,350.0,90.0,100.0,600.0,1000.0,2.6,41.6,10551.549248,96.227175,100.0,325.0,1833.159321,0.0,0.0,0.0,0.0,0.0
231,704.134293,300.0,75.0,100.0,229.13429,0.0,300.0,75.0,100.0,600.0,1000.0,41.6,41.6,12131.986464,64.07301,65.0,1160.936794,29291.986589,0.0,0.0,0.0,0.0,0.0
232,708.175944,250.0,75.0,100.0,283.17594,0.0,250.0,75.0,100.0,600.0,1000.0,41.6,41.6,14330.119104,54.04165,50.0,3210.07401,29460.11927,0.0,0.0,0.0,0.0,0.0
233,730.979753,200.0,60.0,100.0,370.97975,0.0,200.0,60.0,100.0,600.0,1000.0,41.6,41.6,17902.7576,87.80381,65.0,5215.546314,30408.757741,0.0,0.0,0.0,0.0,0.0
234,728.30077,150.0,45.0,100.0,433.30077,0.0,150.0,45.0,100.0,600.0,1000.0,41.6,41.6,20415.312032,62.32102,65.0,3701.868588,30297.312015,0.0,0.0,0.0,0.0,0.0
235,713.876896,50.0,60.0,100.0,503.8769,0.0,50.0,60.0,100.0,600.0,1000.0,41.6,41.6,23281.27904,85.57613,100.0,4192.222122,29697.278882,0.0,0.0,0.0,0.0,0.0
236,679.838039,0.0,60.0,100.0,519.83804,0.0,0.0,60.0,100.0,600.0,1000.0,160.4,41.6,23895.262464,15.96114,50.0,948.091716,109046.02152,0.0,0.0,0.0,0.0,0.0
237,649.590547,0.0,90.0,100.0,459.59055,0.0,0.0,90.0,100.0,600.0,1000.0,41.6,41.6,21448.96688,30.0,60.24749,3578.700906,27022.966764,0.0,0.0,0.0,0.0,0.0
238,629.252515,0.0,120.0,100.0,409.25252,0.0,0.0,120.0,100.0,600.0,1000.0,41.6,41.6,19414.904832,30.0,50.33803,2990.078982,26176.904632,0.0,0.0,0.0,0.0,0.0
239,584.859245,0.0,150.0,100.0,334.85925,0.0,0.0,150.0,100.0,600.0,1000.0,41.6,41.6,16380.1448,30.0,74.39327,4418.960238,24330.144609,0.0,0.0,0.0,0.0,0.0
240,554.760071,0.0,208.81422,50.0,295.94585,0.0,0.0,225.0,100.0,600.0,1000.0,2.0,41.6,13803.9758,58.81422,88.9134,2636.45596,1109.520142,0.0,0.0,0.0,0.0,16.18578
241,535.376833,0.0,180.0,59.430984,295.94585,0.0,0.0,180.0,100.0,600.0,1000.0,21.5,41.6,13949.113516,9.430984,28.81422,61.301396,11510.601901,0.0,0.0,0.0,0.0,0.0
242,524.243753,0.0,150.0,78.297905,295.94585,0.0,0.0,150.0,100.0,600.0,1000.0,21.5,41.6,14294.752318,18.866921,30.0,122.634986,11271.240698,0.0,0.0,0.0,0.0,0.0
243,524.253023,0.0,135.0,93.307175,295.94585,0.0,0.0,135.0,100.0,600.0,1000.0,21.5,41.6,14587.451622,15.00927,15.0,97.560255,11271.440003,0.0,0.0,0.0,0.0,0.0
244,530.945849,0.0,135.0,100.0,295.94585,0.0,0.0,135.0,100.0,600.0,1000.0,22.7,41.6,14731.34736,6.692825,0.0,43.503362,12052.470768,0.0,0.0,0.0,0.0,0.0
245,552.980261,0.0,135.0,100.0,317.98026,0.0,0.0,135.0,100.0,600.0,1000.0,41.6,41.6,15647.978816,22.03441,0.0,1308.843954,23003.978874,0.0,0.0,0.0,0.0,0.0
246,618.592198,0.0,120.0,100.0,398.5922,0.0,0.0,120.0,100.0,600.0,1000.0,41.6,41.6,18971.43552,80.61194,15.0,4788.349236,25733.43542,0.0,0.0,0.0,0.0,0.0
247,685.761468,50.0,120.0,100.0,415.76147,0.0,50.0,120.0,100.0,600.0,1000.0,160.4,41.6,19735.677152,67.16927,0.0,1019.854638,109996.139467,0.0,0.0,0.0,0.0,0.0
248,710.688071,100.0,120.0,100.0,390.68807,0.0,100.0,120.0,100.0,600.0,1000.0,41.6,41.6,18742.623712,50.0,25.0734,1489.35996,29564.623745,0.0,0.0,0.0,0.0,0.0
249,707.944198,150.0,120.0,100.0,337.9442,0.0,150.0,120.0,100.0,600.0,1000.0,41.6,41.6,16598.47872,50.0,52.74387,3132.985878,29450.47862,0.0,0.0,0.0,0.0,0.0
250,715.146865,250.0,105.0,100.0,260.14686,0.0,250.0,105.0,100.0,600.0,1000.0,41.6,41.6,13432.109376,100.0,92.79734,4621.161996,29750.109567,0.0,0.0,0.0,0.0,0.0
251,722.896452,300.0,105.0,100.0,217.89645,0.0,300.0,105.0,100.0,600.0,1000.0,41.6,41.6,11724.49232,50.0,42.25041,2509.674354,30072.492403,0.0,0.0,0.0,0.0,0.0
252,718.446928,375.0,90.0,50.0,203.44693,0.0,375.0,90.0,100.0,600.0,1000.0,2.0,41.6,10093.392288,75.0,79.44952,1183.301488,1436.893856,0.0,0.0,0.0,0.0,0.0
253,705.589658,450.0,52.14273,0.0,203.44693,0.0,450.0,90.0,100.0,600.0,1000.0,2.0,41.6,9017.677748,75.0,87.85727,325.0,1411.179317,0.0,0.0,0.0,0.0,37.85727
254,692.380135,350.0,88.933206,50.0,203.44693,0.0,350.0,90.0,100.0,600.0,1000.0,2.0,41.6,10066.2587,86.790476,100.0,325.0,1384.760269,0.0,0.0,0.0,0.0,1.066794
255,687.170483,300.0,75.0,100.0,212.17048,0.0,300.0,75.0,100.0,600.0,1000.0,41.6,41.6,11426.291968,58.72355,63.933206,843.17887,28586.292109,0.0,0.0,0.0,0.0,0.0
256,694.753214,250.0,75.0,100.0,269.75321,0.0,250.0,75.0,100.0,600.0,1000.0,41.6,41.6,13771.733536,57.58273,50.0,3420.414162,28901.733694,0.0,0.0,0.0,0.0,0.0
257,723.841976,200.0,60.0,100.0,363.84198,0.0,200.0,60.0,100.0,600.0,1000.0,41.6,41.6,17605.826368,94.08877,65.0,5588.872938,30111.826193,0.0,0.0,0.0,0.0,0.0
258,719.327563,150.0,45.0,100.0,424.32756,0.0,150.0,45.0,100.0,600.0,1000.0,41.6,41.6,20042.026496,60.48558,65.0,3592.843452,29924.026629,0.0,0.0,0.0,0.0,0.0
259,699.202738,50.0,60.0,100.0,489.20274,0.0,50.0,60.0,100.0,600.0,1000.0,41.6,41.6,22670.833984,79.87518,100.0,3853.585692,29086.833884,0.0,0.0,0.0,0.0,0.0
260,661.11296,0.0,60.0,100.0,501.11296,0.0,0.0,60.0,100.0,600.0,1000.0,160.4,41.6,23116.299136,11.91022,50.0,707.467068,106042.518752,0.0,0.0,0.0,0.0,0.0
261,633.04388,0.0,90.0,100.0,443.04388,0.0,0.0,90.0,100.0,600.0,1000.0,41.6,41.6,20760.625408,30.0,58.06908,3449.303352,26334.625425,0.0,0.0,0.0,0.0,0.0
262,618.249214,0.0,120.0,100.0,398.24921,0.0,0.0,120.0,100.0,600.0,1000.0,41.6,41.6,18957.167136,30.0,44.79467,2660.803398,25719.167286,0.0,0.0,0.0,0.0,0.0
263,586.592706,0.0,150.0,100.0,336.59271,0.0,0.0,150.0,100.0,600.0,1000.0,41.6,41.6,16452.256736,30.0,61.6565,3662.3961,24402.25657,0.0,0.0,0.0,0.0,0.0
264,557.021912,0.0,225.0,54.476699,277.54521,0.0,0.0,225.0,100.0,600.0,1000.0,8.5,41.6,13167.129765,75.0,104.570801,3803.322957,4734.686255,0.0,0.0,0.0,0.0,0.0
265,534.320071,0.0,180.0,76.774857,277.54521,0.0,0.0,180.0,100.0,600.0,1000.0,21.5,41.6,13556.540162,22.298158,45.0,144.938027,11487.881518,0.0,0.0,0.0,0.0,0.0
266,517.99588,0.0,150.0,90.450666,277.54521,0.0,0.0,150.0,100.0,600.0,1000.0,21.5,41.6,13790.570055,13.675809,30.0,88.892759,11136.911424,0.0,0.0,0.0,0.0,0.0
267,512.545214,0.0,135.0,100.0,277.54521,0.0,0.0,135.0,100.0,600.0,1000.0,49.3,41.6,13965.880736,9.549334,15.0,62.070671,25268.47904,0.0,0.0,0.0,0.0,0.0
268,510.172135,0.0,135.0,97.626921,277.54521,0.0,0.0,135.0,100.0,600.0,1000.0,21.5,41.6,13914.859538,0.0,2.373079,15.425014,10968.700894,0.0,0.0,0.0,0.0,0.0
269,503.108515,0.0,135.0,90.563301,277.54521,0.0,0.0,135.0,100.0,600.0,1000.0,8.5,41.6,13762.991708,0.0,7.06362,45.91353,4276.422379,0.0,0.0,0.0,0.0,0.0
270,500.355373,0.0,120.0,100.0,280.35537,0.0,0.0,120.0,100.0,600.0,1000.0,160.4,41.6,14052.783392,12.246859,15.0,228.262047,80257.001765,0.0,0.0,0.0,0.0,0.0
271,531.390801,50.0,120.0,100.0,261.3908,0.0,50.0,120.0,100.0,600.0,1000.0,41.6,41.6,13313.85728,50.0,18.96457,1126.495458,22105.857322,0.0,0.0,0.0,0.0,0.0
272,565.985849,100.0,120.0,100.0,245.98585,0.0,100.0,120.0,100.0,600.0,1000.0,41.6,41.6,12723.01136,50.0,15.40495,915.05403,23545.01131,0.0,0.0,0.0,0.0,0.0
273,590.652896,150.0,120.0,100.0,220.6529,0.0,150.0,120.0,100.0,600.0,1000.0,41.6,41.6,11719.16064,50.0,25.33295,1504.77723,24571.16049,0.0,0.0,0.0,0.0,0.0
274,607.996769,250.0,105.0,100.0,152.99677,0.0,250.0,105.0,100.0,600.0,1000.0,41.6,41.6,8974.665632,100.0,82.65613,4018.774122,25292.665607,0.0,0.0,0.0,0.0,0.0
275,617.405658,300.0,105.0,100.0,112.40566,0.0,300.0,105.0,100.0,600.0,1000.0,41.6,41.6,7336.075456,50.0,40.59111,2411.111934,25684.075373,0.0,0.0,0.0,0.0,0.0
276,613.577214,375.0,90.0,50.0,98.577214,0.0,375.0,90.0,100.0,600.0,1000.0,2.0,41.6,5730.812102,75.0,78.828446,1146.409692,1227.154428,0.0,0.0,0.0,0.0,0.0
277,596.418737,450.0,47.841523,0.0,98.577214,0.0,450.0,90.0,100.0,600.0,1000.0,2.0,41.6,4646.495148,75.0,92.158477,325.0,1192.837475,0.0,0.0,0.0,0.0,42.158477
278,584.145468,350.0,85.568254,50.0,98.577214,0.0,350.0,90.0,100.0,600.0,1000.0,2.0,41.6,5696.94861,87.726731,100.0,325.0,1168.290936,0.0,0.0,0.0,0.0,4.431746
279,583.255563,300.0,75.0,100.0,108.25556,0.0,300.0,75.0,100.0,600.0,1000.0,41.6,41.6,7103.431296,59.678346,60.568254,899.893752,24263.431421,0.0,0.0,0.0,0.0,0.0
280,593.202103,250.0,75.0,100.0,168.2021,0.0,250.0,75.0,100.0,600.0,1000.0,41.6,41.6,9547.20736,59.94654,50.0,3560.824476,24677.207468,0.0,0.0,0.0,0.0,0.0
281,634.035754,200.0,60.0,100.0,274.03575,0.0,200.0,60.0,100.0,600.0,1000.0,41.6,41.6,13869.8872,105.83365,65.0,6286.51881,26375.88735,0.0,0.0,0.0,0.0,0.0
282,642.350801,150.0,45.0,100.0,347.3508,0.0,150.0,45.0,100.0,600.0,1000.0,41.6,41.6,16839.79328,73.31505,65.0,4354.91397,26721.793313,0.0,0.0,0.0,0.0,0.0
283,626.944325,50.0,60.0,100.0,416.94432,0.0,50.0,60.0,100.0,600.0,1000.0,41.6,41.6,19664.883712,84.59352,100.0,4133.855088,26080.883912,0.0,0.0,0.0,0.0,0.0
284,591.357404,0.0,60.0,100.0,431.3574,0.0,0.0,60.0,100.0,600.0,1000.0,160.4,41.6,20214.46784,14.41308,50.0,856.136952,94853.727666,0.0,0.0,0.0,0.0,0.0
285,573.763246,0.0,90.0,100.0,383.76325,0.0,0.0,90.0,100.0,600.0,1000.0,41.6,41.6,18294.5512,30.0,47.59415,2827.09251,23868.551017,0.0,0.0,0.0,0.0,0.0
286,575.505976,0.0,120.0,100.0,355.50598,0.0,0.0,120.0,100.0,600.0,1000.0,41.6,41.6,17179.048768,30.0,28.25727,1678.481838,23941.048585,0.0,0.0,0.0,0.0,0.0
287,552.665087,0.0,150.0,100.0,302.66509,0.0,0.0,150.0,100.0,600.0,1000.0,41.6,41.6,15040.867744,30.0,52.84089,3138.748866,22990.867611,0.0,0.0,0.0,0.0,0.0
288,527.089595,0.0,225.0,52.03873,250.05086,0.0,0.0,225.0,100.0,600.0,1000.0,8.5,41.6,11970.948471,75.0,100.5755,3437.033517,4480.261556,0.0,0.0,0.0,0.0,0.0
289,504.508261,0.0,180.0,74.457396,250.05086,0.0,0.0,180.0,100.0,600.0,1000.0,21.5,41.6,12362.94979,22.418666,45.0,145.721329,10846.927616,0.0,0.0,0.0,0.0,0.0
290,493.189785,0.0,150.0,93.13892,250.05086,0.0,0.0,150.0,100.0,600.0,1000.0,21.5,41.6,12704.602556,18.681524,30.0,121.429906,10603.580377,0.0,0.0,0.0,0.0,0.0
291,485.050865,0.0,135.0,100.0,250.05086,0.0,0.0,135.0,100.0,600.0,1000.0,114.9,41.6,12822.115776,6.86108,15.0,44.59702,55732.344366,0.0,0.0,0.0,0.0,0.0
292,481.092643,0.0,135.0,100.0,246.09264,0.0,0.0,135.0,100.0,600.0,1000.0,41.6,41.6,12657.453824,0.0,3.95822,235.118268,20013.453932,0.0,0.0,0.0,0.0,0.0
293,471.183182,0.0,135.0,98.116825,238.06636,0.0,0.0,135.0,100.0,600.0,1000.0,8.5,41.6,12283.072314,0.0,9.909455,489.001669,4005.057045,0.0,0.0,0.0,0.0,0.0
294,458.066357,0.0,120.0,100.0,238.06636,0.0,0.0,120.0,100.0,600.0,1000.0,74.7,41.6,12293.560576,1.883175,15.0,12.240637,34217.556853,0.0,0.0,0.0,0.0,0.0
295,470.293277,50.0,120.0,100.0,200.29328,0.0,50.0,120.0,100.0,600.0,1000.0,41.6,41.6,10772.200448,50.0,37.77308,2243.720952,19564.20034,0.0,0.0,0.0,0.0,0.0
296,491.465595,100.0,120.0,100.0,171.4656,0.0,100.0,120.0,100.0,600.0,1000.0,41.6,41.6,9622.96896,50.0,28.82768,1712.364192,20444.968752,0.0,0.0,0.0,0.0,0.0
297,522.482483,150.0,120.0,100.0,152.48248,0.0,150.0,120.0,100.0,600.0,1000.0,41.6,41.6,8883.271168,50.0,18.98312,1127.597328,21735.271309,0.0,0.0,0.0,0.0,0.0
298,550.013912,250.0,105.0,100.0,95.013912,0.0,250.0,105.0,100.0,600.0,1000.0,41.6,41.6,6562.578739,100.0,72.468568,3413.632939,22880.578756,0.0,0.0,0.0,0.0,0.0
299,574.755119,300.0,105.0,100.0,69.755119,0.0,300.0,105.0,100.0,600.0,1000.0,41.6,41.6,5561.81295,50.0,25.258793,1500.372304,23909.812942,0.0,0.0,0.0,0.0,0.0
300,578.16642,375.0,90.0,50.0,63.16642,0.0,375.0,90.0,100.0,600.0,1000.0,2.0,41.6,4257.723072,75.0,71.588699,716.368721,1156.33284,0.0,0.0,0.0,0.0,0.0
301,561.953468,450.0,48.787048,0.0,63.16642,0.0,450.0,90.0,100.0,600.0,1000.0,2.0,41.6,3175.297168,75.0,91.212952,325.0,1123.906936,0.0,0.0,0.0,0.0,41.212952
302,548.020896,350.0,84.854476,50.0,63.16642,0.0,350.0,90.0,100.0,600.0,1000.0,2.0,41.6,4222.432024,86.067428,100.0,325.0,1096.041792,0.0,0.0,0.0,0.0,5.145524
303,546.139118,300.0,75.0,100.0,71.139118,0.0,300.0,75.0,100.0,600.0,1000.0,41.6,41.6,5559.387309,57.972698,59.854476,798.578261,22719.387325,0.0,0.0,0.0,0.0,0.0
304,560.396134,250.0,75.0,100.0,135.39613,0.0,250.0,75.0,100.0,600.0,1000.0,41.6,41.6,8182.479008,64.257012,50.0,3816.866513,23312.479183,0.0,0.0,0.0,0.0,0.0
305,601.600579,200.0,60.0,100.0,241.60058,0.0,200.0,60.0,100.0,600.0,1000.0,41.6,41.6,12520.584128,106.20445,65.0,6308.54433,25026.58407,0.0,0.0,0.0,0.0,0.0
306,617.192452,150.0,45.0,100.0,322.19245,0.0,150.0,45.0,100.0,600.0,1000.0,41.6,41.6,15793.20592,80.59187,65.0,4787.157078,25675.205987,0.0,0.0,0.0,0.0,0.0
307,605.206547,50.0,60.0,100.0,395.20655,0.0,50.0,60.0,100.0,600.0,1000.0,41.6,41.6,18760.59248,88.0141,100.0,4337.03754,25176.592347,0.0,0.0,0.0,0.0,0.0
308,582.912579,0.0,60.0,100.0,422.91258,0.0,0.0,60.0,100.0,600.0,1000.0,160.4,41.6,19863.163328,27.70603,50.0,1645.738182,93499.177672,0.0,0.0,0.0,0.0,0.0
309,573.49442,0.0,90.0,100.0,383.49442,0.0,0.0,90.0,100.0,600.0,1000.0,41.6,41.6,18283.367872,30.0,39.41816,2341.438704,23857.367889,0.0,0.0,0.0,0.0,0.0
310,580.789785,0.0,120.0,100.0,360.78978,0.0,0.0,120.0,100.0,600.0,1000.0,41.6,41.6,17398.854848,30.0,22.70464,1348.655616,24160.855056,0.0,0.0,0.0,0.0,0.0
311,556.187626,0.0,150.0,100.0,306.18763,0.0,0.0,150.0,100.0,600.0,1000.0,41.6,41.6,15187.405408,30.0,54.60215,3243.36771,23137.40525,0.0,0.0,0.0,0.0,0.0
312,530.139373,0.0,197.08787,50.0,283.0515,0.0,0.0,225.0,100.0,600.0,1000.0,2.0,41.6,13244.11814,47.08787,73.13613,1699.286122,1060.278745,0.0,0.0,0.0,0.0,27.91213
313,513.268261,0.0,180.0,50.216762,283.0515,0.0,0.0,180.0,100.0,600.0,1000.0,21.5,41.6,13214.602783,0.216762,17.08787,1.408953,11035.267616,0.0,0.0,0.0,0.0,0.0
314,504.406293,0.0,150.0,71.354793,283.0515,0.0,0.0,150.0,100.0,600.0,1000.0,21.5,41.6,13609.07045,21.138031,30.0,137.397202,10844.7353,0.0,0.0,0.0,0.0,0.0
315,505.16642,0.0,135.0,87.114921,283.0515,0.0,0.0,135.0,100.0,600.0,1000.0,21.5,41.6,13917.913202,15.760128,15.0,102.440832,10861.078039,0.0,0.0,0.0,0.0,0.0
316,518.0515,0.0,135.0,100.0,283.0515,0.0,0.0,135.0,100.0,600.0,1000.0,22.7,41.6,14194.9424,12.885079,0.0,83.753014,11759.769041,0.0,0.0,0.0,0.0,0.0
317,551.358039,0.0,135.0,100.0,316.35804,0.0,0.0,135.0,100.0,600.0,1000.0,41.6,41.6,15580.494464,33.30654,0.0,1978.408476,22936.494422,0.0,0.0,0.0,0.0,0.0
318,630.921087,0.0,120.0,100.0,410.92109,0.0,0.0,120.0,100.0,600.0,1000.0,41.6,41.6,19484.317344,94.56305,15.0,5617.04517,26246.317219,0.0,0.0,0.0,0.0,0.0
319,700.074103,50.0,120.0,100.0,430.0741,0.0,50.0,120.0,100.0,600.0,1000.0,160.4,41.6,20331.08256,69.15301,0.0,1137.688794,112291.886057,0.0,0.0,0.0,0.0,0.0
320,725.362229,100.0,120.0,100.0,405.36223,0.0,100.0,120.0,100.0,600.0,1000.0,41.6,41.6,19353.068768,50.0,24.71187,1467.885078,30175.068743,0.0,0.0,0.0,0.0,0.0
321,730.367944,150.0,120.0,100.0,360.36794,0.0,150.0,120.0,100.0,600.0,1000.0,41.6,41.6,17531.306304,50.0,44.99429,2672.660826,30383.306479,0.0,0.0,0.0,0.0,0.0
322,740.889214,250.0,105.0,100.0,285.88921,0.0,250.0,105.0,100.0,600.0,1000.0,41.6,41.6,14502.991136,100.0,89.47873,4424.036562,30820.991286,0.0,0.0,0.0,0.0,0.0
323,748.203119,300.0,105.0,100.0,243.20312,0.0,300.0,105.0,100.0,600.0,1000.0,41.6,41.6,12777.249792,50.0,42.68609,2535.553746,31125.249742,0.0,0.0,0.0,0.0,0.0
324,745.422166,375.0,77.375238,50.0,243.04693,0.0,375.0,90.0,100.0,600.0,1000.0,2.0,41.6,11715.502764,75.0,77.780952,334.277686,1490.844332,0.0,0.0,0.0,0.0,12.624762
325,741.408325,450.0,48.361397,0.0,243.04693,0.0,450.0,90.0,100.0,600.0,1000.0,2.0,41.6,10657.475082,75.0,79.013841,325.0,1482.816649,0.0,0.0,0.0,0.0,41.638603
326,733.046928,350.0,90.0,50.0,243.04693,0.0,350.0,90.0,100.0,600.0,1000.0,2.0,41.6,11715.752288,91.638603,100.0,325.0,1466.093856,0.0,0.0,0.0,0.0,0.0
327,728.004134,300.0,75.0,100.0,253.00413,0.0,300.0,75.0,100.0,600.0,1000.0,41.6,41.6,13124.971808,59.9572,65.0,916.45768,30284.971991,0.0,0.0,0.0,0.0,0.0
328,723.628769,250.0,75.0,100.0,298.62877,0.0,250.0,75.0,100.0,600.0,1000.0,41.6,41.6,14972.956832,45.62464,50.0,2710.103616,30102.956807,0.0,0.0,0.0,0.0,0.0
329,748.861277,200.0,60.0,100.0,388.86128,0.0,200.0,60.0,100.0,600.0,1000.0,41.6,41.6,18646.629248,90.23251,65.0,5359.811094,31152.62914,0.0,0.0,0.0,0.0,0.0
330,748.805658,150.0,45.0,100.0,453.80566,0.0,150.0,45.0,100.0,600.0,1000.0,41.6,41.6,21268.315456,64.94438,65.0,3857.696172,31150.315373,0.0,0.0,0.0,0.0,0.0
331,731.999436,50.0,60.0,100.0,521.99944,0.0,50.0,60.0,100.0,600.0,1000.0,41.6,41.6,24035.176704,83.19378,100.0,4050.710532,30451.176538,0.0,0.0,0.0,0.0,0.0
332,698.155246,0.0,60.0,100.0,538.15525,0.0,0.0,60.0,100.0,600.0,1000.0,160.4,41.6,24657.2584,16.15581,50.0,959.655114,111984.101394,0.0,0.0,0.0,0.0,0.0
333,671.152198,0.0,90.0,100.0,481.1522,0.0,0.0,90.0,100.0,600.0,1000.0,41.6,41.6,22345.93152,30.0,57.00305,3385.98117,27919.93142,0.0,0.0,0.0,0.0,0.0
334,652.250992,0.0,120.0,100.0,432.25099,0.0,0.0,120.0,100.0,600.0,1000.0,41.6,41.6,20371.641184,30.0,48.90121,2904.731874,27133.641251,0.0,0.0,0.0,0.0,0.0
335,613.419626,0.0,150.0,100.0,363.41963,0.0,0.0,150.0,100.0,600.0,1000.0,41.6,41.6,17568.256608,30.0,68.83136,4088.582784,25518.256458,0.0,0.0,0.0,0.0,0.0
336,588.715499,0.0,209.16648,50.0,329.54902,0.0,0.0,225.0,100.0,600.0,1000.0,2.0,41.6,15202.572192,59.16648,83.87061,2336.914234,1177.430999,0.0,0.0,0.0,0.0,15.83352
337,570.01823,0.0,180.0,60.469206,329.54902,0.0,0.0,180.0,100.0,600.0,1000.0,21.5,41.6,15369.327161,10.469206,29.16648,68.049839,12255.391941,0.0,0.0,0.0,0.0,0.0
338,561.063563,0.0,150.0,81.514539,329.54902,0.0,0.0,150.0,100.0,600.0,1000.0,21.5,41.6,15761.80182,21.045333,30.0,136.794664,12062.8666,0.0,0.0,0.0,0.0,0.0
339,555.881722,0.0,135.0,91.332698,329.54902,0.0,0.0,135.0,100.0,600.0,1000.0,21.5,41.6,15942.892239,9.818159,15.0,63.818033,11951.457014,0.0,0.0,0.0,0.0,0.0
340,564.549023,0.0,135.0,100.0,329.54902,0.0,0.0,135.0,100.0,600.0,1000.0,22.7,41.6,16129.239232,8.667302,0.0,56.337463,12815.262831,0.0,0.0,0.0,0.0,0.0
341,587.566039,0.0,135.0,100.0,352.56604,0.0,0.0,135.0,100.0,600.0,1000.0,41.6,41.6,17086.747264,23.01702,0.0,1367.210988,24442.747231,0.0,0.0,0.0,0.0,0.0
342,654.976325,0.0,120.0,100.0,434.97632,0.0,0.0,120.0,100.0,600.0,1000.0,41.6,41.6,20485.014912,82.41028,15.0,4895.170632,27247.015112,0.0,0.0,0.0,0.0,0.0
343,718.428388,50.0,120.0,100.0,448.42839,0.0,50.0,120.0,100.0,600.0,1000.0,160.4,41.6,21094.621024,63.45207,0.0,799.052958,115235.913467,0.0,0.0,0.0,0.0,0.0
344,734.520833,100.0,120.0,100.0,414.52083,0.0,100.0,120.0,100.0,600.0,1000.0,41.6,41.6,19734.066528,50.0,33.90756,2014.109064,30556.066644,0.0,0.0,0.0,0.0,0.0
345,733.584579,150.0,120.0,100.0,363.58458,0.0,150.0,120.0,100.0,600.0,1000.0,41.6,41.6,17665.118528,50.0,50.93625,3025.61325,30517.118486,0.0,0.0,0.0,0.0,0.0
346,741.788389,250.0,105.0,100.0,286.78839,0.0,250.0,105.0,100.0,600.0,1000.0,41.6,41.6,14540.397024,100.0,91.79619,4561.693686,30858.396966,0.0,0.0,0.0,0.0,0.0
347,749.389658,300.0,105.0,100.0,244.38966,0.0,300.0,105.0,100.0,600.0,1000.0,41.6,41.6,12826.609856,50.0,42.39873,2518.484562,31174.609789,0.0,0.0,0.0,0.0,0.0
348,745.598293,375.0,78.330032,50.0,242.26826,0.0,375.0,90.0,100.0,600.0,1000.0,2.0,41.6,11685.01968,75.0,78.791368,451.01116,1491.196586,0.0,0.0,0.0,0.0,11.669968
349,740.184706,450.0,47.916444,0.0,242.26826,0.0,450.0,90.0,100.0,600.0,1000.0,2.0,41.6,10624.192504,75.0,80.413588,325.0,1480.369411,0.0,0.0,0.0,0.0,42.083556
350,732.268261,350.0,90.0,50.0,242.26826,0.0,350.0,90.0,100.0,600.0,1000.0,2.0,41.6,11683.359616,92.083556,100.0,325.0,1464.536522,0.0,0.0,0.0,0.0,0.0
351,726.956642,300.0,75.0,100.0,251.95664,0.0,300.0,75.0,100.0,600.0,1000.0,41.6,41.6,13081.396224,59.68838,65.0,900.489772,30241.396324,0.0,0.0,0.0,0.0,0.0
352,726.428261,250.0,75.0,100.0,301.42826,0.0,250.0,75.0,100.0,600.0,1000.0,41.6,41.6,15089.415616,49.47162,50.0,2938.614228,30219.415674,0.0,0.0,0.0,0.0,0.0
353,752.152071,200.0,60.0,100.0,392.15207,0.0,200.0,60.0,100.0,600.0,1000.0,41.6,41.6,18783.526112,90.72381,65.0,5388.994314,31289.526154,0.0,0.0,0.0,0.0,0.0
354,751.920325,150.0,45.0,100.0,456.92032,0.0,150.0,45.0,100.0,600.0,1000.0,41.6,41.6,21397.885312,64.76825,65.0,3847.23405,31279.885503,0.0,0.0,0.0,0.0,0.0
355,735.874229,50.0,60.0,100.0,525.87423,0.0,50.0,60.0,100.0,600.0,1000.0,41.6,41.6,24196.367968,83.95391,100.0,4095.862254,30612.367943,0.0,0.0,0.0,0.0,0.0
356,702.632579,0.0,60.0,100.0,542.63258,0.0,0.0,60.0,100.0,600.0,1000.0,160.4,41.6,24843.515328,16.75835,50.0,995.44599,112702.26564,0.0,0.0,0.0,0.0,0.0
357,672.570484,0.0,90.0,100.0,482.57048,0.0,0.0,90.0,100.0,600.0,1000.0,41.6,41.6,22404.931968,30.0,60.0621,3567.68874,27978.932118,0.0,0.0,0.0,0.0,0.0
358,651.583563,0.0,120.0,100.0,431.58356,0.0,0.0,120.0,100.0,600.0,1000.0,41.6,41.6,20343.876096,30.0,50.98692,3028.623048,27105.876221,0.0,0.0,0.0,0.0,0.0
359,616.830928,0.0,150.0,100.0,366.83093,0.0,0.0,150.0,100.0,600.0,1000.0,41.6,41.6,17710.166688,30.0,64.75263,3846.306222,25660.166613,0.0,0.0,0.0,0.0,0.0
360,588.734039,0.0,208.62883,50.0,330.10521,0.0,0.0,225.0,100.0,600.0,1000.0,2.0,41.6,15224.634396,58.62883,86.72572,2506.507768,1177.468079,0.0,0.0,0.0,0.0,16.37117
361,570.463182,0.0,180.0,60.357968,330.10521,0.0,0.0,180.0,100.0,600.0,1000.0,21.5,41.6,15390.073048,10.357968,28.62883,67.326792,12264.958413,0.0,0.0,0.0,0.0,0.0
362,558.551436,0.0,150.0,78.446222,330.10521,0.0,0.0,150.0,100.0,600.0,1000.0,21.5,41.6,15718.970509,18.088254,30.0,117.573651,12008.855874,0.0,0.0,0.0,0.0,0.0
363,557.16096,0.0,135.0,92.055746,330.10521,0.0,0.0,135.0,100.0,600.0,1000.0,21.5,41.6,15981.575275,13.609524,15.0,88.461906,11978.96064,0.0,0.0,0.0,0.0,0.0
364,565.105214,0.0,135.0,100.0,330.10521,0.0,0.0,135.0,100.0,600.0,1000.0,22.7,41.6,16152.376736,7.944254,0.0,51.637651,12827.888353,0.0,0.0,0.0,0.0,0.0
365,590.096706,0.0,135.0,100.0,355.09671,0.0,0.0,135.0,100.0,600.0,1000.0,41.6,41.6,17192.023136,24.9915,0.0,1484.4951,24548.02297,0.0,0.0,0.0,0.0,0.0
366,655.467626,0.0,120.0,100.0,435.46763,0.0,0.0,120.0,100.0,600.0,1000.0,41.6,41.6,20505.453408,80.37092,15.0,4774.032648,27267.453258,0.0,0.0,0.0,0.0,0.0
367,718.91042,50.0,120.0,100.0,448.91042,0.0,50.0,120.0,100.0,600.0,1000.0,160.4,41.6,21114.673472,63.44279,0.0,798.501726,115313.231432,0.0,0.0,0.0,0.0,0.0
368,735.614674,100.0,120.0,100.0,415.61467,0.0,100.0,120.0,100.0,600.0,1000.0,41.6,41.6,19779.570272,50.0,33.29575,1977.76755,30601.570447,0.0,0.0,0.0,0.0,0.0
369,739.118674,150.0,120.0,100.0,369.11867,0.0,150.0,120.0,100.0,600.0,1000.0,41.6,41.6,17895.336672,50.0,46.496,2761.8624,30747.336847,0.0,0.0,0.0,0.0,0.0
370,748.638801,250.0,105.0,100.0,293.6388,0.0,250.0,105.0,100.0,600.0,1000.0,41.6,41.6,14825.37408,100.0,90.47987,4483.504278,31143.374122,0.0,0.0,0.0,0.0,0.0
371,754.914484,300.0,105.0,100.0,249.91448,0.0,300.0,105.0,100.0,600.0,1000.0,41.6,41.6,13056.442368,50.0,43.72432,2597.224608,31404.442518,0.0,0.0,0.0,0.0,0.0
372,749.26915,375.0,78.710095,50.0,245.55905,0.0,375.0,90.0,100.0,600.0,1000.0,2.0,41.6,11822.67667,75.0,80.645335,583.712542,1498.5383,0.0,0.0,0.0,0.0,11.289905
373,745.904198,450.0,50.345143,0.0,245.55905,0.0,450.0,90.0,100.0,600.0,1000.0,2.0,41.6,10765.946766,75.0,78.364952,325.0,1491.808396,0.0,0.0,0.0,0.0,39.654857
374,735.559055,350.0,90.0,50.0,245.55905,0.0,350.0,90.0,100.0,600.0,1000.0,2.0,41.6,11820.25648,89.654857,100.0,325.0,1471.11811,0.0,0.0,0.0,0.0,0.0
375,728.2915,300.0,75.0,100.0,253.2915,0.0,300.0,75.0,100.0,600.0,1000.0,41.6,41.6,13136.9264,57.73245,65.0,784.30753,30296.926383,0.0,0.0,0.0,0.0,0.0
376,725.742293,250.0,75.0,100.0,300.74229,0.0,250.0,75.0,100.0,600.0,1000.0,41.6,41.6,15060.879264,47.45079,50.0,2818.576926,30190.879405,0.0,0.0,0.0,0.0,0.0
377,752.541404,200.0,60.0,100.0,392.5414,0.0,200.0,60.0,100.0,600.0,1000.0,41.6,41.6,18799.72224,91.79911,65.0,5452.867134,31305.722423,0.0,0.0,0.0,0.0,0.0
378,752.76388,150.0,45.0,100.0,457.76388,0.0,150.0,45.0,100.0,600.0,1000.0,41.6,41.6,21432.977408,65.22248,65.0,3874.215312,31314.977416,0.0,0.0,0.0,0.0,0.0
379,737.746738,50.0,60.0,100.0,527.74674,0.0,50.0,60.0,100.0,600.0,1000.0,41.6,41.6,24274.264384,84.98286,100.0,4156.981884,30690.264284,0.0,0.0,0.0,0.0,0.0
380,699.786737,0.0,60.0,100.0,539.78674,0.0,0.0,60.0,100.0,600.0,1000.0,160.4,41.6,24725.128384,12.04,50.0,715.176,112245.792679,0.0,0.0,0.0,0.0,0.0
381,670.076896,0.0,90.0,100.0,480.0769,0.0,0.0,90.0,100.0,600.0,1000.0,41.6,41.6,22301.19904,30.0,59.70984,3546.764496,27875.198882,0.0,0.0,0.0,0.0,0.0
382,654.142039,0.0,120.0,100.0,434.14204,0.0,0.0,120.0,100.0,600.0,1000.0,41.6,41.6,20450.308864,30.0,45.93486,2728.530684,27212.308831,0.0,0.0,0.0,0.0,0.0
383,619.176198,0.0,150.0,100.0,369.1762,0.0,0.0,150.0,100.0,600.0,1000.0,41.6,41.6,17807.72992,30.0,64.96584,3858.970896,25757.729837,0.0,0.0,0.0,0.0,0.0
384,589.716643,0.0,213.40279,50.0,326.31385,0.0,0.0,225.0,100.0,600.0,1000.0,2.0,41.6,15076.46174,63.40279,92.86235,2871.02359,1179.433285,0.0,0.0,0.0,0.0,11.59721
385,570.954484,0.0,180.0,64.640635,326.31385,0.0,0.0,180.0,100.0,600.0,1000.0,21.5,41.6,15324.429812,14.640635,33.40279,95.164128,12275.521397,0.0,0.0,0.0,0.0,0.0
386,560.359055,0.0,150.0,84.045206,326.31385,0.0,0.0,150.0,100.0,600.0,1000.0,21.5,41.6,15681.628089,19.404571,30.0,126.129711,12047.719678,0.0,0.0,0.0,0.0,0.0
387,558.180643,0.0,135.0,96.866794,326.31385,0.0,0.0,135.0,100.0,600.0,1000.0,21.5,41.6,15927.292231,12.821588,15.0,83.340322,12000.883816,0.0,0.0,0.0,0.0,0.0
388,561.313849,0.0,135.0,100.0,326.31385,0.0,0.0,135.0,100.0,600.0,1000.0,22.7,41.6,15994.65616,3.133206,0.0,20.365839,12741.824363,0.0,0.0,0.0,0.0,0.0
389,583.459499,0.0,135.0,100.0,348.4595,0.0,0.0,135.0,100.0,600.0,1000.0,41.6,41.6,16915.9152,22.14565,0.0,1315.45161,24271.915175,0.0,0.0,0.0,0.0,0.0
390,648.923119,0.0,120.0,100.0,428.92312,0.0,0.0,120.0,100.0,600.0,1000.0,41.6,41.6,20233.201792,80.46362,15.0,4779.539028,26995.201734,0.0,0.0,0.0,0.0,0.0
391,714.544325,50.0,120.0,100.0,444.54432,0.0,50.0,120.0,100.0,600.0,1000.0,160.4,41.6,20933.043712,65.6212,0.0,927.89928,114612.909698,0.0,0.0,0.0,0.0,0.0
392,731.934547,100.0,120.0,100.0,411.93455,0.0,100.0,120.0,100.0,600.0,1000.0,41.6,41.6,19626.47728,50.0,32.60977,1937.020338,30448.477164,0.0,0.0,0.0,0.0,0.0
393,731.369087,150.0,120.0,100.0,361.36909,0.0,150.0,120.0,100.0,600.0,1000.0,41.6,41.6,17572.954144,50.0,50.56546,3003.588324,30424.954011,0.0,0.0,0.0,0.0,0.0
394,736.625087,250.0,105.0,100.0,281.62509,0.0,250.0,105.0,100.0,600.0,1000.0,41.6,41.6,14325.603744,100.0,94.744,4736.7936,30643.603611,0.0,0.0,0.0,0.0,0.0
395,748.017722,300.0,105.0,100.0,243.01772,0.0,300.0,105.0,100.0,600.0,1000.0,41.6,41.6,12769.537152,50.0,38.60737,2293.277778,31117.537227,0.0,0.0,0.0,0.0,0.0
396,741.538103,375.0,77.996317,50.0,238.54179,0.0,375.0,90.0,100.0,600.0,1000.0,2.0,41.6,11529.331098,75.0,81.479613,590.870242,1483.076206,0.0,0.0,0.0,0.0,12.003683
397,736.217214,450.0,47.675429,0.0,238.54179,0.0,450.0,90.0,100.0,600.0,1000.0,2.0,41.6,10468.689322,75.0,80.320888,325.0,1472.434428,0.0,0.0,0.0,0.0,42.324571
398,728.541785,350.0,90.0,50.0,238.54179,0.0,350.0,90.0,100.0,600.0,1000.0,2.0,41.6,11528.338464,92.324571,100.0,325.0,1457.083571,0.0,0.0,0.0,0.0,0.0
399,724.277658,300.0,75.0,100.0,249.27766,0.0,300.0,75.0,100.0,600.0,1000.0,41.6,41.6,12969.950656,60.73587,65.0,962.710678,30129.950573,0.0,0.0,0.0,0.0,0.0
400,720.616071,250.0,75.0,100.0,295.61607,0.0,250.0,75.0,100.0,600.0,1000.0,41.6,41.6,14847.628512,46.33841,50.0,2752.501554,29977.628554,0.0,0.0,0.0,0.0,0.0
401,748.268008,200.0,60.0,100.0,388.26801,0.0,200.0,60.0,100.0,600.0,1000.0,41.6,41.6,18621.949216,92.65194,65.0,5503.525236,31127.949116,0.0,0.0,0.0,0.0,0.0
402,751.846166,150.0,45.0,100.0,456.84617,0.0,150.0,45.0,100.0,600.0,1000.0,41.6,41.6,21394.800672,68.57816,65.0,4073.542704,31276.800522,0.0,0.0,0.0,0.0,0.0
403,735.2995,50.0,60.0,100.0,525.2995,0.0,50.0,60.0,100.0,600.0,1000.0,41.6,41.6,24172.4592,83.45333,100.0,4066.127802,30588.459183,0.0,0.0,0.0,0.0,0.0
404,698.49823,0.0,60.0,100.0,538.49823,0.0,0.0,60.0,100.0,600.0,1000.0,160.4,41.6,24671.526368,13.19873,50.0,784.004562,112039.116028,0.0,0.0,0.0,0.0,0.0
405,674.452261,0.0,90.0,100.0,484.45226,0.0,0.0,90.0,100.0,600.0,1000.0,41.6,41.6,22483.214016,30.0,54.04597,3210.330618,28057.214066,0.0,0.0,0.0,0.0,0.0
406,656.366801,0.0,120.0,100.0,436.3668,0.0,0.0,120.0,100.0,600.0,1000.0,41.6,41.6,20542.85888,30.0,48.08546,2856.276324,27304.858913,0.0,0.0,0.0,0.0,0.0
407,621.743944,0.0,150.0,100.0,371.74394,0.0,0.0,150.0,100.0,600.0,1000.0,41.6,41.6,17914.547904,30.0,64.62286,3838.597884,25864.548079,0.0,0.0,0.0,0.0,0.0
408,591.728198,0.0,214.86743,50.0,326.86077,0.0,0.0,225.0,100.0,600.0,1000.0,2.0,41.6,15102.142892,64.86743,94.88317,2991.060298,1183.456396,0.0,0.0,0.0,0.0,10.13257
409,573.967182,0.0,180.0,67.106412,326.86077,0.0,0.0,180.0,100.0,600.0,1000.0,21.5,41.6,15400.19589,17.106412,34.86743,111.191678,12340.294413,0.0,0.0,0.0,0.0,0.0
410,561.79588,0.0,150.0,84.935111,326.86077,0.0,0.0,150.0,100.0,600.0,1000.0,21.5,41.6,15723.512918,17.828699,30.0,115.886544,12078.611424,0.0,0.0,0.0,0.0,0.0
411,557.077531,0.0,135.0,95.216762,326.86077,0.0,0.0,135.0,100.0,600.0,1000.0,21.5,41.6,15914.568415,10.281651,15.0,66.830731,11977.166921,0.0,0.0,0.0,0.0,0.0
412,561.86077,0.0,135.0,100.0,326.86077,0.0,0.0,135.0,100.0,600.0,1000.0,22.7,41.6,16017.408032,4.783238,0.0,31.091047,12754.23947,0.0,0.0,0.0,0.0,0.0
413,586.092134,0.0,135.0,100.0,351.09213,0.0,0.0,135.0,100.0,600.0,1000.0,41.6,41.6,17025.432608,24.23136,0.0,1439.342784,24381.432791,0.0,0.0,0.0,0.0,0.0
414,651.286928,0.0,120.0,100.0,431.28693,0.0,0.0,120.0,100.0,600.0,1000.0,41.6,41.6,20331.536288,80.1948,15.0,4763.57112,27093.536196,0.0,0.0,0.0,0.0,0.0
415,715.109785,50.0,120.0,100.0,445.10979,0.0,50.0,120.0,100.0,600.0,1000.0,160.4,41.6,20956.567264,63.82286,0.0,821.077884,114703.609546,0.0,0.0,0.0,0.0,0.0
416,733.788515,100.0,120.0,100.0,413.78852,0.0,100.0,120.0,100.0,600.0,1000.0,41.6,41.6,19703.602432,50.0,31.32127,1860.483438,30525.602241,0.0,0.0,0.0,0.0,0.0
417,739.025975,150.0,120.0,100.0,369.02598,0.0,150.0,120.0,100.0,600.0,1000.0,41.6,41.6,17891.480768,50.0,44.76254,2658.894876,30743.480577,0.0,0.0,0.0,0.0,0.0
418,746.710674,250.0,105.0,100.0,291.71067,0.0,250.0,105.0,100.0,600.0,1000.0,41.6,41.6,14745.163872,100.0,92.31531,4592.529414,31063.164038,0.0,0.0,0.0,0.0,0.0
419,747.387373,300.0,105.0,100.0,242.38737,0.0,300.0,105.0,100.0,600.0,1000.0,41.6,41.6,12743.314592,50.0,49.3233,2929.80402,31091.3147,0.0,0.0,0.0,0.0,0.0
420,739.619246,375.0,90.0,50.0,224.61925,0.0,375.0,90.0,100.0,600.0,1000.0,2.0,41.6,10974.1608,75.0,82.76812,1380.426328,1479.238492,0.0,0.0,0.0,0.0,0.0
421,726.140896,450.0,51.52165,0.0,224.61925,0.0,450.0,90.0,100.0,600.0,1000.0,2.0,41.6,9897.2041,75.0,88.47835,325.0,1452.281792,0.0,0.0,0.0,0.0,38.47835
422,712.949912,350.0,88.330667,50.0,224.61925,0.0,350.0,90.0,100.0,600.0,1000.0,2.0,41.6,10945.822134,86.809017,100.0,325.0,1425.899825,0.0,0.0,0.0,0.0,1.669333
423,704.097214,300.0,75.0,100.0,229.09721,0.0,300.0,75.0,100.0,600.0,1000.0,41.6,41.6,12130.443936,54.47796,63.330667,590.990824,29290.444086,0.0,0.0,0.0,0.0,0.0
424,707.638293,250.0,75.0,100.0,282.63829,0.0,250.0,75.0,100.0,600.0,1000.0,41.6,41.6,14307.752864,53.54108,50.0,3180.340152,29437.752989,0.0,0.0,0.0,0.0,0.0
425,735.039944,200.0,60.0,100.0,375.03994,0.0,200.0,60.0,100.0,600.0,1000.0,41.6,41.6,18071.661504,92.40165,65.0,5488.65801,30577.661662,0.0,0.0,0.0,0.0,0.0
426,731.563753,150.0,45.0,100.0,436.56375,0.0,150.0,45.0,100.0,600.0,1000.0,41.6,41.6,20551.052,61.52381,65.0,3654.514314,30433.052133,0.0,0.0,0.0,0.0,0.0
427,710.78077,50.0,60.0,100.0,500.78077,0.0,50.0,60.0,100.0,600.0,1000.0,41.6,41.6,23152.480032,79.21702,100.0,3814.490988,29568.480015,0.0,0.0,0.0,0.0,0.0
428,675.879817,0.0,60.0,100.0,515.87982,0.0,0.0,60.0,100.0,600.0,1000.0,160.4,41.6,23730.600512,15.09905,50.0,896.88357,108411.122679,0.0,0.0,0.0,0.0,0.0
429,646.225595,0.0,90.0,100.0,456.22559,0.0,0.0,90.0,100.0,600.0,1000.0,41.6,41.6,21308.984544,30.0,59.65423,3543.461262,26882.984744,0.0,0.0,0.0,0.0,0.0
430,636.251246,0.0,120.0,100.0,416.25125,0.0,0.0,120.0,100.0,600.0,1000.0,41.6,41.6,19706.052,30.0,39.97434,2374.475796,26468.051825,0.0,0.0,0.0,0.0,0.0
431,605.382674,0.0,150.0,100.0,355.38267,0.0,0.0,150.0,100.0,600.0,1000.0,41.6,41.6,17233.919072,30.0,60.86858,3615.593652,25183.91923,0.0,0.0,0.0,0.0,0.0
432,580.789785,0.0,225.0,57.137142,298.65264,0.0,0.0,225.0,100.0,600.0,1000.0,8.5,41.6,14102.398377,75.0,99.592888,3648.372359,4936.713173,0.0,0.0,0.0,0.0,0.0
433,559.50623,0.0,180.0,80.853587,298.65264,0.0,0.0,180.0,100.0,600.0,1000.0,21.5,41.6,14522.301944,23.716445,45.0,154.156893,12029.383941,0.0,0.0,0.0,0.0,0.0
434,546.111309,0.0,150.0,97.458666,298.65264,0.0,0.0,150.0,100.0,600.0,1000.0,21.5,41.6,14819.311143,16.605079,30.0,107.933013,11741.393144,0.0,0.0,0.0,0.0,0.0
435,533.652643,0.0,135.0,100.0,298.65264,0.0,0.0,135.0,100.0,600.0,1000.0,114.9,41.6,14843.949824,2.541334,15.0,16.518671,61316.688635,0.0,0.0,0.0,0.0,0.0
436,526.626103,0.0,135.0,96.930285,294.69582,0.0,0.0,135.0,100.0,600.0,1000.0,21.5,41.6,14613.34724,0.0,7.026535,254.988255,11322.461206,0.0,0.0,0.0,0.0,0.0
437,519.293658,0.0,135.0,89.597841,294.69582,0.0,0.0,135.0,100.0,600.0,1000.0,8.5,41.6,14455.699694,0.0,7.332444,47.660886,4413.996093,0.0,0.0,0.0,0.0,0.0
438,514.695817,0.0,120.0,100.0,294.69582,0.0,0.0,120.0,100.0,600.0,1000.0,94.8,41.6,14649.346112,10.402159,15.0,67.614033,48793.163471,0.0,0.0,0.0,0.0,0.0
439,547.427626,50.0,120.0,100.0,277.42763,0.0,50.0,120.0,100.0,600.0,1000.0,41.6,41.6,13980.989408,50.0,17.26819,1025.730486,22772.98925,0.0,0.0,0.0,0.0,0.0
440,579.158293,100.0,120.0,100.0,259.15829,0.0,100.0,120.0,100.0,600.0,1000.0,41.6,41.6,13270.984864,50.0,18.26934,1085.198796,24092.984997,0.0,0.0,0.0,0.0,0.0
441,609.822928,150.0,120.0,100.0,239.82293,0.0,150.0,120.0,100.0,600.0,1000.0,41.6,41.6,12516.633888,50.0,19.33536,1148.520384,25368.633813,0.0,0.0,0.0,0.0,0.0
442,627.528325,250.0,105.0,100.0,172.52832,0.0,250.0,105.0,100.0,600.0,1000.0,41.6,41.6,9787.178112,100.0,82.29461,3997.299834,26105.178303,0.0,0.0,0.0,0.0,0.0
443,638.364769,300.0,105.0,100.0,133.36477,0.0,300.0,105.0,100.0,600.0,1000.0,41.6,41.6,8207.974432,50.0,39.16355,2326.31487,26555.974399,0.0,0.0,0.0,0.0,0.0
444,631.236262,375.0,90.0,50.0,116.23626,0.0,375.0,90.0,100.0,600.0,1000.0,2.0,41.6,6465.428416,75.0,82.12851,1342.433494,1262.472523,0.0,0.0,0.0,0.0,0.0
445,615.51461,450.0,49.278349,0.0,116.23626,0.0,450.0,90.0,100.0,600.0,1000.0,2.0,41.6,5383.985114,75.0,90.721651,325.0,1231.029221,0.0,0.0,0.0,0.0,40.721651
446,602.369975,350.0,86.133714,50.0,116.23626,0.0,350.0,90.0,100.0,600.0,1000.0,2.0,41.6,6432.695844,86.855365,100.0,325.0,1204.739951,0.0,0.0,0.0,0.0,3.866286
447,603.816071,300.0,75.0,100.0,128.81607,0.0,300.0,75.0,100.0,600.0,1000.0,41.6,41.6,7958.748512,62.57981,61.133714,1072.240714,25118.748545,0.0,0.0,0.0,0.0,0.0
448,607.588896,250.0,75.0,100.0,182.5889,0.0,250.0,75.0,100.0,600.0,1000.0,41.6,41.6,10145.69824,53.77283,50.0,3194.106102,25275.698074,0.0,0.0,0.0,0.0,0.0
449,648.292769,200.0,60.0,100.0,288.29277,0.0,200.0,60.0,100.0,600.0,1000.0,41.6,41.6,14462.979232,105.70387,65.0,6278.809878,26968.979207,0.0,0.0,0.0,0.0,0.0
450,656.922992,150.0,45.0,100.0,361.92299,0.0,150.0,45.0,100.0,600.0,1000.0,41.6,41.6,17445.996384,73.63022,65.0,4373.635068,27327.996459,0.0,0.0,0.0,0.0,0.0
451,635.806293,50.0,60.0,100.0,425.80629,0.0,50.0,60.0,100.0,600.0,1000.0,41.6,41.6,20033.541664,78.8833,100.0,3794.66802,26449.541789,0.0,0.0,0.0,0.0,0.0
452,599.589023,0.0,60.0,100.0,439.58902,0.0,0.0,60.0,100.0,600.0,1000.0,160.4,41.6,20556.903232,13.78273,50.0,818.694162,96174.079353,0.0,0.0,0.0,0.0,0.0
453,585.693531,0.0,90.0,100.0,395.69353,0.0,0.0,90.0,100.0,600.0,1000.0,41.6,41.6,18790.850848,30.0,43.89549,2607.392106,24364.85089,0.0,0.0,0.0,0.0,0.0
454,588.08515,0.0,120.0,100.0,368.08515,0.0,0.0,120.0,100.0,600.0,1000.0,41.6,41.6,17702.34224,30.0,27.60838,1639.937772,24464.342248,0.0,0.0,0.0,0.0,0.0
455,569.230293,0.0,150.0,100.0,319.23029,0.0,0.0,150.0,100.0,600.0,1000.0,41.6,41.6,15729.980064,30.0,48.85486,2901.978684,23679.980189,0.0,0.0,0.0,0.0,0.0
456,548.808833,0.0,225.0,52.428063,271.38077,0.0,0.0,225.0,100.0,600.0,1000.0,8.5,41.6,12866.643386,75.0,95.421457,3151.479079,4664.875079,0.0,0.0,0.0,0.0,0.0
457,530.612134,0.0,180.0,79.231365,271.38077,0.0,0.0,180.0,100.0,600.0,1000.0,21.5,41.6,13352.91438,26.803302,45.0,174.221463,11408.160885,0.0,0.0,0.0,0.0,0.0
458,516.27169,0.0,150.0,94.890921,271.38077,0.0,0.0,150.0,100.0,600.0,1000.0,21.5,41.6,13629.594834,15.659556,30.0,101.787114,11099.841339,0.0,0.0,0.0,0.0,0.0
459,506.380769,0.0,135.0,100.0,271.38077,0.0,0.0,135.0,100.0,600.0,1000.0,114.9,41.6,13709.440032,5.109079,15.0,33.209013,58183.150404,0.0,0.0,0.0,0.0,0.0
460,500.346103,0.0,135.0,100.0,265.3461,0.0,0.0,135.0,100.0,600.0,1000.0,41.6,41.6,13458.39776,0.0,6.03467,358.459398,20814.397868,0.0,0.0,0.0,0.0,0.0
461,493.977722,0.0,135.0,99.525842,259.45188,0.0,0.0,135.0,100.0,600.0,1000.0,8.5,41.6,13203.003811,0.0,6.368378,353.198695,4198.810635,0.0,0.0,0.0,0.0,0.0
462,479.45188,0.0,120.0,100.0,259.45188,0.0,0.0,120.0,100.0,600.0,1000.0,74.7,41.6,13183.198208,0.474158,15.0,3.082027,35815.055451,0.0,0.0,0.0,0.0,0.0
463,492.707753,50.0,120.0,100.0,222.70775,0.0,50.0,120.0,100.0,600.0,1000.0,41.6,41.6,11704.6424,50.0,36.74413,2182.601322,20496.642541,0.0,0.0,0.0,0.0,0.0
464,523.214801,100.0,120.0,100.0,203.2148,0.0,100.0,120.0,100.0,600.0,1000.0,41.6,41.6,10943.73568,50.0,19.49295,1157.88123,21765.735713,0.0,0.0,0.0,0.0,0.0
465,553.582801,150.0,120.0,100.0,183.5828,0.0,150.0,120.0,100.0,600.0,1000.0,41.6,41.6,10177.04448,50.0,19.632,1166.1408,23029.04453,0.0,0.0,0.0,0.0,0.0
466,578.935817,250.0,105.0,100.0,123.93582,0.0,250.0,105.0,100.0,600.0,1000.0,41.6,41.6,7765.730112,100.0,74.64698,3543.030612,24083.729979,0.0,0.0,0.0,0.0,0.0
467,600.94242,300.0,105.0,100.0,95.94242,0.0,300.0,105.0,100.0,600.0,1000.0,41.6,41.6,6651.204672,50.0,27.9934,1662.80796,24999.204672,0.0,0.0,0.0,0.0,0.0
468,601.155626,375.0,90.0,50.0,86.155626,0.0,375.0,90.0,100.0,600.0,1000.0,2.0,41.6,5214.074042,75.0,74.786794,906.335564,1202.311253,0.0,0.0,0.0,0.0,0.0
469,586.055055,450.0,49.899429,0.0,86.155626,0.0,450.0,90.0,100.0,600.0,1000.0,2.0,41.6,4133.8729,75.0,90.100571,325.0,1172.11011,0.0,0.0,0.0,0.0,40.100571
470,573.142166,350.0,86.98654,50.0,86.155626,0.0,350.0,90.0,100.0,600.0,1000.0,2.0,41.6,5183.047122,87.087111,100.0,325.0,1146.284333,0.0,0.0,0.0,0.0,3.01346
471,565.828261,300.0,75.0,100.0,90.828261,0.0,300.0,75.0,100.0,600.0,1000.0,41.6,41.6,6378.455658,54.672635,61.98654,602.554519,23538.455666,0.0,0.0,0.0,0.0,0.0
472,571.14915,250.0,75.0,100.0,146.14915,0.0,250.0,75.0,100.0,600.0,1000.0,41.6,41.6,8629.80464,55.320889,50.0,3286.060807,23759.80464,0.0,0.0,0.0,0.0,0.0
473,612.464833,200.0,60.0,100.0,252.46483,0.0,200.0,60.0,100.0,600.0,1000.0,41.6,41.6,12972.536928,106.31568,65.0,6315.151392,25478.537036,0.0,0.0,0.0,0.0,0.0
474,627.055563,150.0,45.0,100.0,332.05556,0.0,150.0,45.0,100.0,600.0,1000.0,41.6,41.6,16203.511296,79.59073,65.0,4727.689362,26085.511421,0.0,0.0,0.0,0.0,0.0
475,614.35588,50.0,60.0,100.0,404.35588,0.0,50.0,60.0,100.0,600.0,1000.0,41.6,41.6,19141.204608,87.30032,100.0,4294.639008,25557.204616,0.0,0.0,0.0,0.0,0.0
476,590.606547,0.0,60.0,100.0,430.60655,0.0,0.0,60.0,100.0,600.0,1000.0,160.4,41.6,20183.23248,26.25067,50.0,1559.289798,94733.290139,0.0,0.0,0.0,0.0,0.0
477,583.719055,0.0,90.0,100.0,393.71906,0.0,0.0,90.0,100.0,600.0,1000.0,41.6,41.6,18708.712896,30.0,36.88749,2191.116906,24282.712696,0.0,0.0,0.0,0.0,0.0
478,591.811627,0.0,120.0,100.0,371.81163,0.0,0.0,120.0,100.0,600.0,1000.0,41.6,41.6,17857.363808,30.0,21.90743,1301.301342,24619.363667,0.0,0.0,0.0,0.0,0.0
479,569.156134,0.0,150.0,100.0,319.15613,0.0,0.0,150.0,100.0,600.0,1000.0,41.6,41.6,15726.895008,30.0,52.6555,3127.7367,23676.895183,0.0,0.0,0.0,0.0,0.0
480,546.750928,0.0,198.01486,50.0,298.73607,0.0,0.0,225.0,100.0,600.0,1000.0,2.0,41.6,13898.450232,48.01486,70.42006,1537.951564,1093.501856,0.0,0.0,0.0,0.0,26.98514
481,529.305087,0.0,180.0,50.569016,298.73607,0.0,0.0,180.0,100.0,600.0,1000.0,21.5,41.6,13874.654356,0.569016,18.01486,3.698604,11380.05937,0.0,0.0,0.0,0.0,0.0
482,527.525277,0.0,150.0,78.789206,298.73607,0.0,0.0,150.0,100.0,600.0,1000.0,21.5,41.6,14421.388441,28.22019,30.0,183.431235,11341.793456,0.0,0.0,0.0,0.0,0.0
483,526.459246,0.0,135.0,92.723175,298.73607,0.0,0.0,135.0,100.0,600.0,1000.0,21.5,41.6,14690.968775,13.933969,15.0,90.570799,11318.87378,0.0,0.0,0.0,0.0,0.0
484,533.736071,0.0,135.0,100.0,298.73607,0.0,0.0,135.0,100.0,600.0,1000.0,22.7,41.6,14847.420512,7.276825,0.0,47.299363,12115.808807,0.0,0.0,0.0,0.0,0.0
485,564.131881,0.0,135.0,100.0,329.13188,0.0,0.0,135.0,100.0,600.0,1000.0,41.6,41.6,16111.886208,30.39581,0.0,1805.511114,23467.886233,0.0,0.0,0.0,0.0,0.0
486,632.858483,0.0,120.0,100.0,412.85848,0.0,0.0,120.0,100.0,600.0,1000.0,41.6,41.6,19564.912768,83.7266,15.0,4973.36004,26326.912909,0.0,0.0,0.0,0.0,0.0
487,696.282737,50.0,120.0,100.0,426.28274,0.0,50.0,120.0,100.0,600.0,1000.0,160.4,41.6,20173.361984,63.42426,0.0,797.401044,111683.751079,0.0,0.0,0.0,0.0,0.0
488,718.437658,100.0,120.0,100.0,398.43766,0.0,100.0,120.0,100.0,600.0,1000.0,41.6,41.6,19065.006656,50.0,27.84508,1653.997752,29887.006581,0.0,0.0,0.0,0.0,0.0
489,720.458483,150.0,120.0,100.0,350.45848,0.0,150.0,120.0,100.0,600.0,1000.0,41.6,41.6,17119.072768,50.0,47.97918,2849.963292,29971.072909,0.0,0.0,0.0,0.0,0.0
490,730.488452,250.0,105.0,100.0,275.48845,0.0,250.0,105.0,100.0,600.0,1000.0,41.6,41.6,14070.31952,100.0,89.97003,4453.219782,30388.319595,0.0,0.0,0.0,0.0,0.0
491,739.674865,300.0,105.0,100.0,234.67486,0.0,300.0,105.0,100.0,600.0,1000.0,41.6,41.6,12422.474176,50.0,40.81359,2424.327246,30770.474367,0.0,0.0,0.0,0.0,0.0
492,737.116388,375.0,78.274413,50.0,233.84198,0.0,375.0,90.0,100.0,600.0,1000.0,2.0,41.6,11334.375194,75.0,77.558467,374.473072,1474.232777,0.0,0.0,0.0,0.0,11.725587
493,733.278674,450.0,49.436698,0.0,233.84198,0.0,450.0,90.0,100.0,600.0,1000.0,2.0,41.6,10276.699764,75.0,78.837715,325.0,1466.557348,0.0,0.0,0.0,0.0,40.563302
494,723.841976,350.0,90.0,50.0,233.84198,0.0,350.0,90.0,100.0,600.0,1000.0,2.0,41.6,11332.826368,90.563302,100.0,325.0,1447.683952,0.0,0.0,0.0,0.0,0.0
495,715.41569,300.0,75.0,100.0,240.41569,0.0,300.0,75.0,100.0,600.0,1000.0,41.6,41.6,12601.292704,56.57371,65.0,715.478374,29761.292696,0.0,0.0,0.0,0.0,0.0
496,709.269785,250.0,75.0,100.0,284.26979,0.0,250.0,75.0,100.0,600.0,1000.0,41.6,41.6,14375.623264,43.8541,50.0,2604.93354,29505.623073,0.0,0.0,0.0,0.0,0.0
497,737.311055,200.0,60.0,100.0,377.31105,0.0,200.0,60.0,100.0,600.0,1000.0,41.6,41.6,18166.13968,93.04126,65.0,5526.650844,30672.13988,0.0,0.0,0.0,0.0,0.0
498,741.853277,150.0,45.0,100.0,446.85328,0.0,150.0,45.0,100.0,600.0,1000.0,41.6,41.6,20979.096448,69.54223,65.0,4130.808462,30861.09634,0.0,0.0,0.0,0.0,0.0
499,727.058611,50.0,60.0,100.0,517.05861,0.0,50.0,60.0,100.0,600.0,1000.0,41.6,41.6,23829.638176,85.20533,100.0,4170.196602,30245.638201,0.0,0.0,0.0,0.0,0.0
500,693.78915,0.0,60.0,100.0,533.78915,0.0,0.0,60.0,100.0,600.0,1000.0,160.4,41.6,24475.62864,16.73054,50.0,993.794076,111283.77966,0.0,0.0,0.0,0.0,0.0
501,667.064198,0.0,90.0,100.0,477.0642,0.0,0.0,90.0,100.0,600.0,1000.0,41.6,41.6,22175.87072,30.0,56.72495,3369.46203,27749.870628,0.0,0.0,0.0,0.0,0.0
502,650.971753,0.0,120.0,100.0,430.97175,0.0,0.0,120.0,100.0,600.0,1000.0,41.6,41.6,20318.4248,30.0,46.09245,2737.89153,27080.424933,0.0,0.0,0.0,0.0,0.0
503,615.208706,0.0,150.0,100.0,365.20871,0.0,0.0,150.0,100.0,600.0,1000.0,41.6,41.6,17642.682336,30.0,65.76304,3906.324576,25592.682161,0.0,0.0,0.0,0.0,0.0
504,589.633214,0.0,207.07149,50.0,332.56172,0.0,0.0,225.0,100.0,600.0,1000.0,2.0,41.6,15323.710532,57.07149,82.64699,2264.231206,1179.266428,0.0,0.0,0.0,0.0,17.92851
505,572.048325,0.0,180.0,59.486603,332.56172,0.0,0.0,180.0,100.0,600.0,1000.0,21.5,41.6,15473.529516,9.486603,27.07149,61.66292,12299.038988,0.0,0.0,0.0,0.0,0.0
506,561.684643,0.0,150.0,79.122921,332.56172,0.0,0.0,150.0,100.0,600.0,1000.0,21.5,41.6,15835.710354,19.636318,30.0,127.636067,12076.219816,0.0,0.0,0.0,0.0,0.0
507,559.626737,0.0,135.0,92.065016,332.56172,0.0,0.0,135.0,100.0,600.0,1000.0,21.5,41.6,16083.965396,12.942095,15.0,84.123617,12031.974854,0.0,0.0,0.0,0.0,0.0
508,567.561722,0.0,135.0,100.0,332.56172,0.0,0.0,135.0,100.0,600.0,1000.0,22.7,41.6,16254.567552,7.934984,0.0,51.577396,12883.651085,0.0,0.0,0.0,0.0,0.0
509,590.346992,0.0,135.0,100.0,355.34699,0.0,0.0,135.0,100.0,600.0,1000.0,41.6,41.6,17202.434784,22.78527,0.0,1353.445038,24558.434859,0.0,0.0,0.0,0.0,0.0
510,653.168706,0.0,120.0,100.0,433.16871,0.0,0.0,120.0,100.0,600.0,1000.0,41.6,41.6,20409.818336,77.82172,15.0,4622.610168,27171.81817,0.0,0.0,0.0,0.0,0.0
511,716.908135,50.0,120.0,100.0,446.90813,0.0,50.0,120.0,100.0,600.0,1000.0,160.4,41.6,21031.378208,63.73942,0.0,816.121548,114992.06479,0.0,0.0,0.0,0.0,0.0
512,734.69696,100.0,120.0,100.0,414.69696,0.0,100.0,120.0,100.0,600.0,1000.0,41.6,41.6,19741.393536,50.0,32.21117,1913.343498,30563.393528,0.0,0.0,0.0,0.0,0.0
513,740.314484,150.0,120.0,100.0,370.31448,0.0,150.0,120.0,100.0,600.0,1000.0,41.6,41.6,17945.082368,50.0,44.38248,2636.319312,30797.082526,0.0,0.0,0.0,0.0,0.0
514,751.744198,250.0,105.0,100.0,296.7442,0.0,250.0,105.0,100.0,600.0,1000.0,41.6,41.6,14954.55872,100.0,88.57028,4370.074632,31272.55862,0.0,0.0,0.0,0.0,0.0
515,757.639817,300.0,105.0,100.0,252.63982,0.0,300.0,105.0,100.0,600.0,1000.0,41.6,41.6,13169.816512,50.0,44.10438,2619.800172,31517.816379,0.0,0.0,0.0,0.0,0.0
516,752.281849,375.0,78.849143,50.0,248.43271,0.0,375.0,90.0,100.0,600.0,1000.0,2.0,41.6,11942.499022,75.0,80.357967,574.902334,1504.563697,0.0,0.0,0.0,0.0,11.150857
517,749.760452,450.0,51.327746,0.0,248.43271,0.0,450.0,90.0,100.0,600.0,1000.0,2.0,41.6,10887.456228,75.0,77.521397,325.0,1499.520904,0.0,0.0,0.0,0.0,38.672254
518,738.432706,350.0,90.0,50.0,248.43271,0.0,350.0,90.0,100.0,600.0,1000.0,2.0,41.6,11939.800736,88.672254,100.0,325.0,1476.865411,0.0,0.0,0.0,0.0,0.0
519,732.574166,300.0,75.0,100.0,257.57417,0.0,300.0,75.0,100.0,600.0,1000.0,41.6,41.6,13315.085472,59.14146,65.0,868.002724,30475.085322,0.0,0.0,0.0,0.0,0.0
520,725.797912,250.0,75.0,100.0,300.79791,0.0,250.0,75.0,100.0,600.0,1000.0,41.6,41.6,15063.193056,43.22374,50.0,2567.490156,30193.193148,0.0,0.0,0.0,0.0,0.0
521,750.576198,200.0,60.0,100.0,390.5762,0.0,200.0,60.0,100.0,600.0,1000.0,41.6,41.6,18717.96992,89.77829,65.0,5332.830426,31223.969837,0.0,0.0,0.0,0.0,0.0
522,753.264452,150.0,45.0,100.0,458.26445,0.0,150.0,45.0,100.0,600.0,1000.0,41.6,41.6,21453.80112,67.68825,65.0,4020.68205,31335.801195,0.0,0.0,0.0,0.0,0.0
523,737.385214,50.0,60.0,100.0,527.38521,0.0,50.0,60.0,100.0,600.0,1000.0,41.6,41.6,24259.224736,84.12076,100.0,4105.773144,30675.224886,0.0,0.0,0.0,0.0,0.0
524,701.501658,0.0,60.0,100.0,541.50166,0.0,0.0,60.0,100.0,600.0,1000.0,160.4,41.6,24796.469056,14.11645,50.0,838.51713,112520.865943,0.0,0.0,0.0,0.0,0.0
525,675.564643,0.0,90.0,100.0,485.56464,0.0,0.0,90.0,100.0,600.0,1000.0,41.6,41.6,22529.489024,30.0,55.93702,3322.658988,28103.489132,0.0,0.0,0.0,0.0,0.0
526,656.172134,0.0,120.0,100.0,436.17213,0.0,0.0,120.0,100.0,600.0,1000.0,41.6,41.6,20534.760608,30.0,49.39251,2933.915094,27296.760791,0.0,0.0,0.0,0.0,0.0
527,623.356896,0.0,150.0,100.0,373.3569,0.0,0.0,150.0,100.0,600.0,1000.0,41.6,41.6,17981.64704,30.0,62.81523,3731.224662,25931.646874,0.0,0.0,0.0,0.0,0.0
528,602.314357,0.0,210.07492,50.0,342.23944,0.0,0.0,225.0,100.0,600.0,1000.0,2.0,41.6,15732.310544,60.07492,81.11746,2173.377124,1204.628713,0.0,0.0,0.0,0.0,14.92508
529,583.190674,0.0,180.0,60.951238,342.23944,0.0,0.0,180.0,100.0,600.0,1000.0,21.5,41.6,15907.612321,10.951238,30.07492,71.183047,12538.599495,0.0,0.0,0.0,0.0,0.0
530,572.205912,0.0,150.0,79.966476,342.23944,0.0,0.0,150.0,100.0,600.0,1000.0,21.5,41.6,16256.439938,19.015238,30.0,123.599047,12302.427108,0.0,0.0,0.0,0.0,0.0
531,569.601087,0.0,135.0,92.361651,342.23944,0.0,0.0,135.0,100.0,600.0,1000.0,21.5,41.6,16492.9362,12.395175,15.0,80.568637,12246.42337,0.0,0.0,0.0,0.0,0.0
532,577.239436,0.0,135.0,100.0,342.23944,0.0,0.0,135.0,100.0,600.0,1000.0,22.7,41.6,16657.160704,7.638349,0.0,49.649269,13103.335202,0.0,0.0,0.0,0.0,0.0
533,603.074483,0.0,135.0,100.0,368.07448,0.0,0.0,135.0,100.0,600.0,1000.0,41.6,41.6,17731.898368,25.83504,0.0,1534.601376,25087.898509,0.0,0.0,0.0,0.0,0.0
534,667.611119,0.0,120.0,100.0,447.61112,0.0,0.0,120.0,100.0,600.0,1000.0,41.6,41.6,21010.622592,79.53664,15.0,4724.476416,27772.622542,0.0,0.0,0.0,0.0,0.0
535,728.022674,50.0,120.0,100.0,458.02267,0.0,50.0,120.0,100.0,600.0,1000.0,160.4,41.6,21493.743072,60.41155,0.0,618.44607,116774.836878,0.0,0.0,0.0,0.0,0.0
536,743.744325,100.0,120.0,100.0,423.74433,0.0,100.0,120.0,100.0,600.0,1000.0,41.6,41.6,20117.764128,50.0,34.27834,2036.133396,30939.76392,0.0,0.0,0.0,0.0,0.0
537,744.161468,150.0,120.0,100.0,374.16147,0.0,150.0,120.0,100.0,600.0,1000.0,41.6,41.6,18105.117152,50.0,49.58286,2945.221884,30957.11706,0.0,0.0,0.0,0.0,0.0
538,750.094166,250.0,105.0,100.0,295.09417,0.0,250.0,105.0,100.0,600.0,1000.0,41.6,41.6,14885.917472,100.0,94.0673,4696.59762,31203.917322,0.0,0.0,0.0,0.0,0.0
539,757.009468,300.0,105.0,100.0,252.00947,0.0,300.0,105.0,100.0,600.0,1000.0,41.6,41.6,13143.593952,50.0,43.0847,2559.23118,31491.593852,0.0,0.0,0.0,0.0,0.0
540,754.413912,375.0,80.007873,50.0,249.40604,0.0,375.0,90.0,100.0,600.0,1000.0,2.0,41.6,11985.30701,75.0,77.595557,479.643742,1508.827824,0.0,0.0,0.0,0.0,9.992127
541,749.176452,450.0,49.770413,0.0,249.40604,0.0,450.0,90.0,100.0,600.0,1000.0,2.0,41.6,10924.83209,75.0,80.23746,325.0,1498.352904,0.0,0.0,0.0,0.0,40.229587
542,739.406039,350.0,90.0,50.0,249.40604,0.0,350.0,90.0,100.0,600.0,1000.0,2.0,41.6,11980.291264,90.229587,100.0,325.0,1478.812079,0.0,0.0,0.0,0.0,0.0
543,734.798928,300.0,75.0,100.0,259.79893,0.0,300.0,75.0,100.0,600.0,1000.0,41.6,41.6,13407.635488,60.39289,65.0,942.337666,30567.635405,0.0,0.0,0.0,0.0,0.0
544,730.812896,250.0,75.0,100.0,305.8129,0.0,250.0,75.0,100.0,600.0,1000.0,41.6,41.6,15271.81664,46.01397,50.0,2733.229818,30401.81649,0.0,0.0,0.0,0.0,0.0
545,758.177468,200.0,60.0,100.0,398.17747,0.0,200.0,60.0,100.0,600.0,1000.0,41.6,41.6,19034.182752,92.36457,65.0,5486.455458,31540.18266,0.0,0.0,0.0,0.0,0.0
546,761.755627,150.0,45.0,100.0,466.75563,0.0,150.0,45.0,100.0,600.0,1000.0,41.6,41.6,21807.034208,68.57816,65.0,4073.542704,31689.034067,0.0,0.0,0.0,0.0,0.0
547,745.449976,50.0,60.0,100.0,535.44998,0.0,50.0,60.0,100.0,600.0,1000.0,41.6,41.6,24594.719168,83.69435,100.0,4080.44439,31010.718985,0.0,0.0,0.0,0.0,0.0
548,709.844515,0.0,60.0,100.0,549.84452,0.0,0.0,60.0,100.0,600.0,1000.0,160.4,41.6,25143.532032,14.39454,50.0,855.035676,113859.060238,0.0,0.0,0.0,0.0,0.0
549,685.61315,0.0,90.0,100.0,495.61315,0.0,0.0,90.0,100.0,600.0,1000.0,41.6,41.6,22947.50704,30.0,54.23137,3221.343378,28521.507057,0.0,0.0,0.0,0.0,0.0
550,670.253023,0.0,120.0,100.0,450.25302,0.0,0.0,120.0,100.0,600.0,1000.0,41.6,41.6,21120.525632,30.0,45.36013,2694.391722,27882.525765,0.0,0.0,0.0,0.0,0.0
551,632.793595,0.0,150.0,100.0,382.79359,0.0,0.0,150.0,100.0,600.0,1000.0,41.6,41.6,18374.213344,30.0,67.45943,4007.090142,26324.213535,0.0,0.0,0.0,0.0,0.0
552,607.34788,0.0,212.62413,50.0,344.72375,0.0,0.0,225.0,100.0,600.0,1000.0,2.0,41.6,15840.75626,62.62413,88.06984,2586.348496,1214.69576,0.0,0.0,0.0,0.0,12.37587
553,587.668007,0.0,180.0,62.944254,344.72375,0.0,0.0,180.0,100.0,600.0,1000.0,21.5,41.6,16053.809461,12.944254,32.62413,84.137651,12634.862159,0.0,0.0,0.0,0.0,0.0
554,577.248706,0.0,150.0,82.524952,344.72375,0.0,0.0,150.0,100.0,600.0,1000.0,21.5,41.6,16414.794468,19.580698,30.0,127.274537,12410.84717,0.0,0.0,0.0,0.0,0.0
555,573.716896,0.0,135.0,93.993143,344.72375,0.0,0.0,135.0,100.0,600.0,1000.0,21.5,41.6,16631.360574,11.468191,15.0,74.543242,12334.913268,0.0,0.0,0.0,0.0,0.0
556,579.723754,0.0,135.0,100.0,344.72375,0.0,0.0,135.0,100.0,600.0,1000.0,22.7,41.6,16760.508,6.006857,0.0,39.04457,13159.729207,0.0,0.0,0.0,0.0,0.0
557,600.719944,0.0,135.0,100.0,365.71994,0.0,0.0,135.0,100.0,600.0,1000.0,41.6,41.6,17633.949504,20.99619,0.0,1247.173686,24989.949679,0.0,0.0,0.0,0.0,0.0
558,665.256579,0.0,120.0,100.0,445.25658,0.0,0.0,120.0,100.0,600.0,1000.0,41.6,41.6,20912.673728,79.53664,15.0,4724.476416,27674.673686,0.0,0.0,0.0,0.0,0.0
559,730.099118,50.0,120.0,100.0,460.09912,0.0,50.0,120.0,100.0,600.0,1000.0,160.4,41.6,21580.123392,64.84254,0.0,881.646876,117107.898591,0.0,0.0,0.0,0.0,0.0
560,749.065214,100.0,120.0,100.0,429.06521,0.0,100.0,120.0,100.0,600.0,1000.0,41.6,41.6,20339.112736,50.0,31.03391,1843.414254,31161.112894,0.0,0.0,0.0,0.0,0.0
561,749.463817,150.0,120.0,100.0,379.46382,0.0,150.0,120.0,100.0,600.0,1000.0,41.6,41.6,18325.694912,50.0,49.60139,2946.322566,31177.694796,0.0,0.0,0.0,0.0,0.0
562,753.755753,250.0,105.0,100.0,298.75575,0.0,250.0,105.0,100.0,600.0,1000.0,41.6,41.6,15038.2392,100.0,95.70807,4794.059358,31356.239341,0.0,0.0,0.0,0.0,0.0
563,760.36515,300.0,105.0,99.099428,256.26572,0.0,300.0,105.0,100.0,600.0,1000.0,41.0,41.6,13301.291654,50.0,43.390602,2529.7615,31174.97115,0.0,0.0,0.0,0.0,0.0
564,759.80896,375.0,79.44381,49.099428,256.26572,0.0,375.0,90.0,100.0,600.0,1000.0,2.0,41.6,12250.179274,75.0,75.55619,325.0,1519.617919,0.0,0.0,0.0,0.0,10.55619
565,755.609722,450.0,49.344,0.0,256.26572,0.0,450.0,90.0,100.0,600.0,1000.0,2.0,41.6,11209.341952,75.0,79.199238,319.146282,1511.219443,0.0,0.0,0.0,0.0,40.656
566,746.265722,350.0,90.0,50.0,256.26572,0.0,350.0,90.0,100.0,600.0,1000.0,2.6,41.6,12265.653952,90.656,100.0,325.0,1940.290877,0.0,0.0,0.0,0.0,0.0
567,739.146484,300.0,75.0,100.0,264.14648,0.0,300.0,75.0,100.0,600.0,1000.0,41.6,41.6,13588.493568,57.88076,65.0,793.117144,30748.493718,0.0,0.0,0.0,0.0,0.0
568,732.129214,250.0,75.0,100.0,307.12921,0.0,250.0,75.0,100.0,600.0,1000.0,41.6,41.6,15326.575136,42.98273,50.0,2553.174162,30456.575286,0.0,0.0,0.0,0.0,0.0
569,760.874992,200.0,60.0,100.0,400.87499,0.0,200.0,60.0,100.0,600.0,1000.0,41.6,41.6,19146.399584,93.74578,65.0,5568.499332,31652.399651,0.0,0.0,0.0,0.0,0.0
570,763.859881,150.0,45.0,100.0,468.85988,0.0,150.0,45.0,100.0,600.0,1000.0,41.6,41.6,21894.571008,67.98489,65.0,4038.302466,31776.571033,0.0,0.0,0.0,0.0,0.0
571,747.220516,50.0,60.0,100.0,537.22052,0.0,50.0,60.0,100.0,600.0,1000.0,41.6,41.6,24668.373632,83.36064,100.0,4060.622016,31084.373449,0.0,0.0,0.0,0.0,0.0
572,709.779626,0.0,60.0,100.0,549.77963,0.0,0.0,60.0,100.0,600.0,1000.0,160.4,41.6,25140.832608,12.55911,50.0,746.011134,113848.652075,0.0,0.0,0.0,0.0,0.0
573,682.934166,0.0,90.0,100.0,492.93417,0.0,0.0,90.0,100.0,600.0,1000.0,41.6,41.6,22836.061472,30.0,56.84546,3376.620324,28410.061306,0.0,0.0,0.0,0.0,0.0
574,667.954103,0.0,120.0,100.0,447.9541,0.0,0.0,120.0,100.0,600.0,1000.0,41.6,41.6,21024.89056,30.0,44.98007,2671.816158,27786.890676,0.0,0.0,0.0,0.0,0.0
575,635.657975,0.0,150.0,100.0,385.65798,0.0,0.0,150.0,100.0,600.0,1000.0,41.6,41.6,18493.371968,30.0,62.29612,3700.389528,26443.371777,0.0,0.0,0.0,0.0,0.0
576,608.497341,0.0,213.40279,50.0,345.09455,0.0,0.0,225.0,100.0,600.0,1000.0,2.0,41.6,15857.73886,63.40279,90.56343,2734.467742,1216.994682,0.0,0.0,0.0,0.0,11.59721
577,588.798928,0.0,180.0,63.704381,345.09455,0.0,0.0,180.0,100.0,600.0,1000.0,21.5,41.6,16085.577472,13.704381,33.40279,89.078476,12659.176956,0.0,0.0,0.0,0.0,0.0
578,576.803753,0.0,150.0,81.709206,345.09455,0.0,0.0,150.0,100.0,600.0,1000.0,21.5,41.6,16412.681209,18.004825,30.0,117.031362,12401.280698,0.0,0.0,0.0,0.0,0.0
579,572.845531,0.0,135.0,92.750984,345.09455,0.0,0.0,135.0,100.0,600.0,1000.0,21.5,41.6,16620.079436,11.041778,15.0,71.771557,12316.178921,0.0,0.0,0.0,0.0,0.0
580,580.094547,0.0,135.0,100.0,345.09455,0.0,0.0,135.0,100.0,600.0,1000.0,22.7,41.6,16775.93328,7.249016,0.0,47.118604,13168.146217,0.0,0.0,0.0,0.0,0.0
581,601.823055,0.0,135.0,100.0,366.82306,0.0,0.0,135.0,100.0,600.0,1000.0,41.6,41.6,17679.839296,21.72851,0.0,1290.673494,25035.839088,0.0,0.0,0.0,0.0,0.0
582,663.346991,0.0,120.0,100.0,443.34699,0.0,0.0,120.0,100.0,600.0,1000.0,41.6,41.6,20833.234784,76.52393,15.0,4545.521442,27595.234842,0.0,0.0,0.0,0.0,0.0
583,730.238166,50.0,120.0,100.0,460.23817,0.0,50.0,120.0,100.0,600.0,1000.0,160.4,41.6,21585.907872,66.89118,0.0,1003.336092,117130.201826,0.0,0.0,0.0,0.0,0.0
584,748.416325,100.0,120.0,100.0,428.41632,0.0,100.0,120.0,100.0,600.0,1000.0,41.6,41.6,20312.118912,50.0,31.82185,1890.21789,31134.119103,0.0,0.0,0.0,0.0,0.0
585,750.770864,150.0,120.0,100.0,380.77086,0.0,150.0,120.0,100.0,600.0,1000.0,41.6,41.6,18380.067776,50.0,47.64546,2830.140324,31232.067959,0.0,0.0,0.0,0.0,0.0
586,754.858865,250.0,105.0,100.0,299.85886,0.0,250.0,105.0,100.0,600.0,1000.0,41.6,41.6,15084.128576,100.0,95.912,4806.1728,31402.128776,0.0,0.0,0.0,0.0,0.0
587,758.427754,300.0,105.0,100.0,253.42775,0.0,300.0,105.0,100.0,600.0,1000.0,41.6,41.6,13202.5944,50.0,46.43111,2758.007934,31550.59455,0.0,0.0,0.0,0.0,0.0
588,753.598166,375.0,87.034413,50.0,241.56375,0.0,375.0,90.0,100.0,600.0,1000.0,2.0,41.6,11673.120826,75.0,79.829587,1029.7216,1507.196333,0.0,0.0,0.0,0.0,2.965587
589,741.964516,450.0,50.400762,0.0,241.56375,0.0,450.0,90.0,100.0,600.0,1000.0,2.0,41.6,10599.853524,75.0,86.633651,325.0,1483.929031,0.0,0.0,0.0,0.0,39.599238
590,731.563753,350.0,90.0,50.0,241.56375,0.0,350.0,90.0,100.0,600.0,1000.0,2.0,41.6,11654.052,89.599238,100.0,325.0,1463.127506,0.0,0.0,0.0,0.0,0.0
591,724.036642,300.0,75.0,100.0,249.03664,0.0,300.0,75.0,100.0,600.0,1000.0,41.6,41.6,12959.924224,57.47289,65.0,768.889666,30119.924316,0.0,0.0,0.0,0.0,0.0
592,721.802611,250.0,75.0,100.0,296.80261,0.0,250.0,75.0,100.0,600.0,1000.0,41.6,41.6,14896.988576,47.76597,50.0,2837.298618,30026.988601,0.0,0.0,0.0,0.0,0.0
593,749.380388,200.0,60.0,100.0,389.38039,0.0,200.0,60.0,100.0,600.0,1000.0,41.6,41.6,18668.224224,92.57778,65.0,5499.120132,31174.224157,0.0,0.0,0.0,0.0,0.0
594,750.344452,150.0,45.0,100.0,455.34445,0.0,150.0,45.0,100.0,600.0,1000.0,41.6,41.6,21332.32912,65.96406,65.0,3918.265164,31214.329187,0.0,0.0,0.0,0.0,0.0
595,729.135055,50.0,60.0,100.0,519.13506,0.0,50.0,60.0,100.0,600.0,1000.0,41.6,41.6,23916.018496,78.79061,100.0,3789.162234,30332.018296,0.0,0.0,0.0,0.0,0.0
596,690.127563,0.0,60.0,100.0,530.12756,0.0,0.0,60.0,100.0,600.0,1000.0,160.4,41.6,24323.306496,10.9925,50.0,652.9545,110696.461105,0.0,0.0,0.0,0.0,0.0
597,663.893912,0.0,90.0,100.0,473.89391,0.0,0.0,90.0,100.0,600.0,1000.0,41.6,41.6,22043.986656,30.0,56.23365,3340.27881,27617.986756,0.0,0.0,0.0,0.0,0.0
598,653.317023,0.0,120.0,100.0,433.31702,0.0,0.0,120.0,100.0,600.0,1000.0,41.6,41.6,20415.988032,30.0,40.57689,2410.267266,27177.988157,0.0,0.0,0.0,0.0,0.0
599,629.196896,0.0,150.0,100.0,379.1969,0.0,0.0,150.0,100.0,600.0,1000.0,41.6,41.6,18224.59104,30.0,54.12012,3214.735128,26174.59089,0.0,0.0,0.0,0.0,0.0
600,600.599436,0.0,225.0,61.938921,313.66052,0.0,0.0,225.0,100.0,600.0,1000.0,8.5,41.6,14829.964434,75.0,103.597459,4140.257986,5105.095206,0.0,0.0,0.0,0.0,0.0
601,575.607944,0.0,180.0,81.947429,313.66052,0.0,0.0,180.0,100.0,600.0,1000.0,21.5,41.6,15170.147356,20.008508,45.0,130.055302,12375.570792,0.0,0.0,0.0,0.0,0.0
602,558.699754,0.0,150.0,95.039238,313.66052,0.0,0.0,150.0,100.0,600.0,1000.0,21.5,41.6,15391.621249,13.091809,30.0,85.096758,12012.044702,0.0,0.0,0.0,0.0,0.0
603,548.660515,0.0,135.0,100.0,313.66052,0.0,0.0,135.0,100.0,600.0,1000.0,114.9,41.6,15468.277632,4.960762,15.0,32.244953,63041.093196,0.0,0.0,0.0,0.0,0.0
604,543.246928,0.0,135.0,100.0,308.24693,0.0,0.0,135.0,100.0,600.0,1000.0,41.6,41.6,15243.072288,0.0,5.41359,321.567246,22599.072213,0.0,0.0,0.0,0.0,0.0
605,533.606293,0.0,135.0,94.863111,303.74318,0.0,0.0,135.0,100.0,600.0,1000.0,8.5,41.6,14945.273174,0.0,9.640639,300.912529,4535.653492,0.0,0.0,0.0,0.0,0.0
606,523.743182,0.0,120.0,100.0,303.74318,0.0,0.0,120.0,100.0,600.0,1000.0,74.7,41.6,15025.716288,5.136889,15.0,33.389778,39123.61568,0.0,0.0,0.0,0.0,0.0
607,553.786738,50.0,120.0,100.0,283.78674,0.0,50.0,120.0,100.0,600.0,1000.0,41.6,41.6,14245.528384,50.0,19.95644,1185.412536,23037.528284,0.0,0.0,0.0,0.0,0.0
608,585.610103,100.0,120.0,100.0,265.6101,0.0,100.0,120.0,100.0,600.0,1000.0,41.6,41.6,13539.38016,50.0,18.17664,1079.692416,24361.380276,0.0,0.0,0.0,0.0,0.0
609,618.777595,150.0,120.0,100.0,248.77759,0.0,150.0,120.0,100.0,600.0,1000.0,41.6,41.6,12889.147744,50.0,16.83251,999.851094,25741.147935,0.0,0.0,0.0,0.0,0.0
610,640.283626,250.0,105.0,100.0,185.28363,0.0,250.0,105.0,100.0,600.0,1000.0,41.6,41.6,10317.799008,100.0,78.49396,3771.541224,26635.79885,0.0,0.0,0.0,0.0,0.0
611,643.759817,300.0,105.0,100.0,138.75982,0.0,300.0,105.0,100.0,600.0,1000.0,41.6,41.6,8432.408512,50.0,46.52381,2763.514314,26780.408379,0.0,0.0,0.0,0.0,0.0
612,637.882738,375.0,90.0,50.0,122.88274,0.0,375.0,90.0,100.0,600.0,1000.0,2.0,41.6,6741.921984,75.0,80.87708,1268.098552,1275.765475,0.0,0.0,0.0,0.0,0.0
613,623.11588,450.0,50.233143,0.0,122.88274,0.0,450.0,90.0,100.0,600.0,1000.0,2.0,41.6,5662.38827,75.0,89.766857,325.0,1246.23176,0.0,0.0,0.0,0.0,39.766857
614,610.28642,350.0,87.403683,50.0,122.88274,0.0,350.0,90.0,100.0,600.0,1000.0,2.0,41.6,6711.72935,87.17054,100.0,325.0,1220.572841,0.0,0.0,0.0,0.0,2.596317
615,601.952833,300.0,75.0,100.0,126.95283,0.0,300.0,75.0,100.0,600.0,1000.0,41.6,41.6,7881.237728,54.07009,62.403683,566.763346,25041.237836,0.0,0.0,0.0,0.0,0.0
616,602.991055,250.0,75.0,100.0,177.99106,0.0,250.0,75.0,100.0,600.0,1000.0,41.6,41.6,9954.428096,51.03823,50.0,3031.670862,25084.427896,0.0,0.0,0.0,0.0,0.0
617,643.787626,200.0,60.0,100.0,283.78763,0.0,200.0,60.0,100.0,600.0,1000.0,41.6,41.6,14275.565408,105.79657,65.0,6284.316258,26781.56525,0.0,0.0,0.0,0.0,0.0
618,656.737595,150.0,45.0,100.0,361.73759,0.0,150.0,45.0,100.0,600.0,1000.0,41.6,41.6,17438.283744,77.94996,65.0,4630.227624,27320.283944,0.0,0.0,0.0,0.0,0.0
619,634.693912,50.0,60.0,100.0,424.69391,0.0,50.0,60.0,100.0,600.0,1000.0,41.6,41.6,19987.266656,77.95632,100.0,3739.605408,26403.266748,0.0,0.0,0.0,0.0,0.0
620,595.018991,0.0,60.0,100.0,435.01899,0.0,0.0,60.0,100.0,600.0,1000.0,160.4,41.6,20366.789984,10.32508,50.0,613.309752,95441.046221,0.0,0.0,0.0,0.0,0.0
621,575.283499,0.0,90.0,100.0,385.2835,0.0,0.0,90.0,100.0,600.0,1000.0,41.6,41.6,18357.7936,30.0,49.73549,2954.288106,23931.793567,0.0,0.0,0.0,0.0,0.0
622,579.213912,0.0,120.0,100.0,359.21391,0.0,0.0,120.0,100.0,600.0,1000.0,41.6,41.6,17333.298656,30.0,26.06959,1548.533646,24095.298739,0.0,0.0,0.0,0.0,0.0
623,559.255944,0.0,150.0,100.0,309.25594,0.0,0.0,150.0,100.0,600.0,1000.0,41.6,41.6,15315.047104,30.0,49.95797,2967.503418,23265.04727,0.0,0.0,0.0,0.0,0.0
624,537.29569,0.0,225.0,51.47327,260.82242,0.0,0.0,225.0,100.0,600.0,1000.0,8.5,41.6,12406.887977,75.0,96.96025,3192.374833,4567.013367,0.0,0.0,0.0,0.0,0.0
625,517.727055,0.0,180.0,76.904635,260.82242,0.0,0.0,180.0,100.0,600.0,1000.0,21.5,41.6,12863.662325,25.431365,45.0,165.303872,11131.131682,0.0,0.0,0.0,0.0,0.0
626,503.952071,0.0,150.0,93.129651,260.82242,0.0,0.0,150.0,100.0,600.0,1000.0,21.5,41.6,13152.500169,16.225016,30.0,105.462604,10834.969522,0.0,0.0,0.0,0.0,0.0
627,495.82242,0.0,135.0,100.0,260.82242,0.0,0.0,135.0,100.0,600.0,1000.0,114.9,41.6,13270.212672,6.870349,15.0,44.657269,56969.996058,0.0,0.0,0.0,0.0,0.0
628,491.71588,0.0,135.0,100.0,256.71588,0.0,0.0,135.0,100.0,600.0,1000.0,41.6,41.6,13099.380608,0.0,4.10654,243.928476,20455.380616,0.0,0.0,0.0,0.0,0.0
629,486.46915,0.0,135.0,96.958095,254.51105,0.0,0.0,135.0,100.0,600.0,1000.0,8.5,41.6,12942.258722,0.0,5.246735,150.739285,4134.987777,0.0,0.0,0.0,0.0,0.0
630,474.511055,0.0,120.0,100.0,254.51105,0.0,0.0,120.0,100.0,600.0,1000.0,74.7,41.6,12977.65968,3.041905,15.0,19.772382,35445.975794,0.0,0.0,0.0,0.0,0.0
631,490.102928,50.0,120.0,100.0,220.10293,0.0,50.0,120.0,100.0,600.0,1000.0,41.6,41.6,11596.281888,50.0,34.40812,2043.842328,20388.281796,0.0,0.0,0.0,0.0,0.0
632,518.338865,100.0,120.0,100.0,198.33886,0.0,100.0,120.0,100.0,600.0,1000.0,41.6,41.6,10740.896576,50.0,21.76407,1292.785758,21562.896776,0.0,0.0,0.0,0.0,0.0
633,550.384706,150.0,120.0,100.0,180.38471,0.0,150.0,120.0,100.0,600.0,1000.0,41.6,41.6,10044.003936,50.0,17.95415,1066.47651,22896.003761,0.0,0.0,0.0,0.0,0.0
634,578.982166,250.0,105.0,100.0,123.98217,0.0,250.0,105.0,100.0,600.0,1000.0,41.6,41.6,7767.658272,100.0,71.40254,3350.310876,24085.658114,0.0,0.0,0.0,0.0,0.0
635,605.197277,300.0,105.0,100.0,100.19728,0.0,300.0,105.0,100.0,600.0,1000.0,41.6,41.6,6828.206848,50.0,23.78489,1412.822466,25176.20674,0.0,0.0,0.0,0.0,0.0
636,603.436007,375.0,90.0,50.0,88.436007,0.0,375.0,90.0,100.0,600.0,1000.0,2.6,41.6,5308.937891,75.0,76.761273,1023.619616,1568.933619,0.0,0.0,0.0,0.0,0.0
637,583.700515,450.0,45.264508,0.0,88.436007,0.0,450.0,90.0,100.0,600.0,1000.0,2.0,41.6,4219.466907,75.0,94.735492,325.0,1167.40103,0.0,0.0,0.0,0.0,44.735492
638,569.183944,350.0,85.289524,45.458413,88.436007,0.0,350.0,90.0,100.0,600.0,1000.0,2.0,41.6,5176.872819,85.483429,100.0,295.479684,1138.367888,0.0,0.0,0.0,0.0,4.710476
639,558.89442,300.0,75.0,95.458413,88.436007,0.0,300.0,75.0,100.0,600.0,1000.0,41.0,41.6,6181.293771,50.0,60.289524,325.0,22914.67122,0.0,0.0,0.0,0.0,0.0
640,558.004516,250.0,75.0,100.0,133.00452,0.0,250.0,75.0,100.0,600.0,1000.0,41.6,41.6,8082.988032,49.1101,50.0,2676.889988,23212.987849,0.0,0.0,0.0,0.0,0.0
641,594.657468,200.0,60.0,100.0,234.65747,0.0,200.0,60.0,100.0,600.0,1000.0,41.6,41.6,12231.750752,101.65295,65.0,6038.18523,24737.750669,0.0,0.0,0.0,0.0,0.0
642,616.376706,150.0,45.0,100.0,321.37671,0.0,150.0,45.0,100.0,600.0,1000.0,41.6,41.6,15759.271136,86.71924,65.0,5151.122856,25641.27097,0.0,0.0,0.0,0.0,0.0
643,605.586611,50.0,60.0,100.0,395.58661,0.0,50.0,60.0,100.0,600.0,1000.0,41.6,41.6,18776.402976,89.2099,100.0,4408.06806,25192.403009,0.0,0.0,0.0,0.0,0.0
644,582.013404,0.0,60.0,100.0,422.0134,0.0,0.0,60.0,100.0,600.0,1000.0,160.4,41.6,19825.75744,26.42679,50.0,1569.751326,93354.950002,0.0,0.0,0.0,0.0,0.0
645,570.361214,0.0,90.0,100.0,380.36121,0.0,0.0,90.0,100.0,600.0,1000.0,41.6,41.6,18153.026336,30.0,41.65219,2474.140086,23727.026494,0.0,0.0,0.0,0.0,0.0
646,574.495563,0.0,120.0,100.0,354.49556,0.0,0.0,120.0,100.0,600.0,1000.0,41.6,41.6,17137.015296,30.0,25.86565,1536.41961,23899.015421,0.0,0.0,0.0,0.0,0.0
647,548.855182,0.0,150.0,100.0,298.85518,0.0,0.0,150.0,100.0,600.0,1000.0,41.6,41.6,14882.375488,30.0,55.64038,3305.038572,22832.37558,0.0,0.0,0.0,0.0,0.0
648,526.978357,0.0,191.17371,50.0,285.80464,0.0,0.0,225.0,100.0,600.0,1000.0,2.0,41.6,13346.820444,41.17371,63.05054,1100.202076,1053.956713,0.0,0.0,0.0,0.0,33.82629
649,513.296071,0.0,180.0,47.491428,285.80464,0.0,0.0,180.0,100.0,600.0,1000.0,8.5,41.6,13270.538726,0.0,13.682282,16.305718,4363.0166,0.0,0.0,0.0,0.0,0.0
650,507.011119,0.0,150.0,71.206476,285.80464,0.0,0.0,150.0,100.0,600.0,1000.0,21.5,41.6,13720.412258,23.715048,30.0,154.147812,10900.73905,0.0,0.0,0.0,0.0,0.0
651,507.5395,0.0,135.0,86.734857,285.80464,0.0,0.0,135.0,100.0,600.0,1000.0,21.5,41.6,14024.27245,15.528381,15.0,100.934477,10912.099241,0.0,0.0,0.0,0.0,0.0
652,520.804642,0.0,135.0,100.0,285.80464,0.0,0.0,135.0,100.0,600.0,1000.0,35.7,41.6,14309.473024,13.265143,0.0,86.223429,18592.725727,0.0,0.0,0.0,0.0,0.0
653,551.29315,0.0,135.0,100.0,316.29315,0.0,0.0,135.0,100.0,600.0,1000.0,41.6,41.6,15577.79504,30.48851,0.0,1811.017494,22933.795048,0.0,0.0,0.0,0.0,0.0
654,625.831944,0.0,120.0,100.0,405.83194,0.0,0.0,120.0,100.0,600.0,1000.0,41.6,41.6,19272.608704,89.53879,15.0,5318.604126,26034.60887,0.0,0.0,0.0,0.0,0.0
655,695.318674,50.0,120.0,100.0,425.31867,0.0,50.0,120.0,100.0,600.0,1000.0,160.4,41.6,20133.256672,69.48673,0.0,1157.511762,111529.115342,0.0,0.0,0.0,0.0,0.0
656,714.099373,100.0,120.0,100.0,394.09937,0.0,100.0,120.0,100.0,600.0,1000.0,41.6,41.6,18884.533792,50.0,31.2193,1854.42642,29706.5339,0.0,0.0,0.0,0.0,0.0
657,718.650865,150.0,120.0,100.0,348.65086,0.0,150.0,120.0,100.0,600.0,1000.0,41.6,41.6,17043.875776,50.0,45.44851,2699.641494,29895.875967,0.0,0.0,0.0,0.0,0.0
658,725.037785,250.0,105.0,100.0,270.03779,0.0,250.0,105.0,100.0,600.0,1000.0,41.6,41.6,13843.572064,100.0,93.61307,4669.616358,30161.571873,0.0,0.0,0.0,0.0,0.0
659,733.816325,300.0,105.0,100.0,228.81632,0.0,300.0,105.0,100.0,600.0,1000.0,41.6,41.6,12178.758912,50.0,41.22147,2448.555318,30526.759112,0.0,0.0,0.0,0.0,0.0
660,725.677404,375.0,74.835301,50.0,225.8421,0.0,375.0,90.0,100.0,600.0,1000.0,2.0,41.6,10994.701962,75.0,83.138919,501.668668,1451.354808,0.0,0.0,0.0,0.0,15.164699
661,723.999563,450.0,48.15746,0.0,225.8421,0.0,450.0,90.0,100.0,600.0,1000.0,2.0,41.6,9941.34628,75.0,76.677841,325.0,1447.999126,0.0,0.0,0.0,0.0,41.84254
662,715.842103,350.0,90.0,50.0,225.8421,0.0,350.0,90.0,100.0,600.0,1000.0,2.0,41.6,11000.03136,91.84254,100.0,325.0,1431.684205,0.0,0.0,0.0,0.0,0.0
663,707.406547,300.0,75.0,100.0,232.40655,0.0,300.0,75.0,100.0,600.0,1000.0,41.6,41.6,12268.11248,56.56445,65.0,714.92833,29428.112364,0.0,0.0,0.0,0.0,0.0
664,698.368452,250.0,75.0,100.0,273.36845,0.0,250.0,75.0,100.0,600.0,1000.0,41.6,41.6,13922.12752,40.9619,50.0,2433.13686,29052.127603,0.0,0.0,0.0,0.0,0.0
665,724.898738,200.0,60.0,100.0,364.89874,0.0,200.0,60.0,100.0,600.0,1000.0,41.6,41.6,17649.787584,91.53029,65.0,5436.899226,30155.787492,0.0,0.0,0.0,0.0,0.0
666,735.012134,150.0,45.0,100.0,440.01213,0.0,150.0,45.0,100.0,600.0,1000.0,41.6,41.6,20694.504608,75.11339,65.0,4461.735366,30576.504791,0.0,0.0,0.0,0.0,0.0
667,720.161849,50.0,60.0,100.0,510.16185,0.0,50.0,60.0,100.0,600.0,1000.0,41.6,41.6,23542.73296,85.14972,100.0,4166.893368,29958.73291,0.0,0.0,0.0,0.0,0.0
668,683.119563,0.0,60.0,100.0,523.11956,0.0,0.0,60.0,100.0,600.0,1000.0,160.4,41.6,24031.773696,12.95771,50.0,769.687974,109572.377905,0.0,0.0,0.0,0.0,0.0
669,656.99715,0.0,90.0,100.0,466.99715,0.0,0.0,90.0,100.0,600.0,1000.0,41.6,41.6,21757.08144,30.0,56.12241,3333.671154,27331.08144,0.0,0.0,0.0,0.0,0.0
670,642.091246,0.0,120.0,100.0,422.09125,0.0,0.0,120.0,100.0,600.0,1000.0,41.6,41.6,19948.996,30.0,44.9059,2667.41046,26710.995817,0.0,0.0,0.0,0.0,0.0
671,600.729214,0.0,150.0,100.0,350.72921,0.0,0.0,150.0,100.0,600.0,1000.0,41.6,41.6,17040.335136,30.0,71.36204,4238.905176,24990.335286,0.0,0.0,0.0,0.0,0.0
672,563.974293,0.0,213.64381,50.0,300.33048,0.0,0.0,225.0,100.0,600.0,1000.0,2.0,41.6,13996.035588,63.64381,100.39873,3318.684562,1127.948586,0.0,0.0,0.0,0.0,11.35619
673,541.652515,0.0,180.0,61.322031,300.33048,0.0,0.0,180.0,100.0,600.0,1000.0,21.5,41.6,14172.171635,11.322031,33.64381,73.593202,11645.529077,0.0,0.0,0.0,0.0,0.0
674,532.957404,0.0,150.0,82.62692,300.33048,0.0,0.0,150.0,100.0,600.0,1000.0,21.5,41.6,14570.226748,21.304889,30.0,138.481778,11458.584186,0.0,0.0,0.0,0.0,0.0
675,529.064071,0.0,135.0,93.733587,300.33048,0.0,0.0,135.0,100.0,600.0,1000.0,21.5,41.6,14779.020089,11.106667,15.0,72.193336,11374.877518,0.0,0.0,0.0,0.0,0.0
676,535.330484,0.0,135.0,100.0,300.33048,0.0,0.0,135.0,100.0,600.0,1000.0,22.7,41.6,14913.747968,6.266413,0.0,40.731684,12152.001982,0.0,0.0,0.0,0.0,0.0
677,557.680071,0.0,135.0,100.0,322.68007,0.0,0.0,135.0,100.0,600.0,1000.0,41.6,41.6,15843.490912,22.34959,0.0,1327.565646,23199.490954,0.0,0.0,0.0,0.0,0.0
678,622.874864,0.0,120.0,100.0,402.87486,0.0,0.0,120.0,100.0,600.0,1000.0,41.6,41.6,19149.594176,80.19479,15.0,4763.570526,25911.594359,0.0,0.0,0.0,0.0,0.0
679,689.914357,50.0,120.0,100.0,419.91436,0.0,50.0,120.0,100.0,600.0,1000.0,160.4,41.6,19908.437376,67.0395,0.0,1012.1463,110662.262799,0.0,0.0,0.0,0.0,0.0
680,709.445912,100.0,120.0,100.0,389.44591,0.0,100.0,120.0,100.0,600.0,1000.0,41.6,41.6,18690.949856,50.0,30.46845,1809.82593,29512.949956,0.0,0.0,0.0,0.0,0.0
681,709.58496,150.0,120.0,100.0,339.58496,0.0,150.0,120.0,100.0,600.0,1000.0,41.6,41.6,16666.734336,50.0,49.86095,2961.74043,29518.734336,0.0,0.0,0.0,0.0,0.0
682,716.713468,250.0,105.0,100.0,261.71347,0.0,250.0,105.0,100.0,600.0,1000.0,41.6,41.6,13497.280352,100.0,92.87149,4625.566506,29815.280252,0.0,0.0,0.0,0.0,0.0
683,729.904452,300.0,105.0,99.275556,225.6289,0.0,300.0,105.0,100.0,600.0,1000.0,41.0,41.6,12030.586694,50.0,36.809014,2148.132344,29926.082532,0.0,0.0,0.0,0.0,0.0
684,727.355246,375.0,77.450794,49.275556,225.6289,0.0,375.0,90.0,100.0,600.0,1000.0,2.0,41.6,10975.488282,75.0,77.549206,325.0,1454.710492,0.0,0.0,0.0,0.0,12.549206
685,722.312452,450.0,46.683555,0.0,225.6289,0.0,450.0,90.0,100.0,600.0,1000.0,2.0,41.6,9929.52935,75.0,80.042795,320.291114,1444.624903,0.0,0.0,0.0,0.0,43.316445
686,715.628896,350.0,90.0,50.0,225.6289,0.0,350.0,90.0,100.0,600.0,1000.0,2.6,41.6,10991.16224,93.316445,100.0,325.0,1860.63513,0.0,0.0,0.0,0.0,0.0
687,710.206039,300.0,75.0,100.0,235.20604,0.0,300.0,75.0,100.0,600.0,1000.0,41.6,41.6,12384.571264,59.57714,65.0,893.882116,29544.571231,0.0,0.0,0.0,0.0,0.0
688,705.098357,250.0,75.0,100.0,280.09836,0.0,250.0,75.0,100.0,600.0,1000.0,41.6,41.6,14202.091776,44.89232,50.0,2666.603808,29332.091643,0.0,0.0,0.0,0.0,0.0
689,725.213912,200.0,60.0,100.0,365.21391,0.0,200.0,60.0,100.0,600.0,1000.0,41.6,41.6,17662.898656,85.11555,65.0,5055.86367,30168.898756,0.0,0.0,0.0,0.0,0.0
690,729.848833,150.0,45.0,100.0,434.84883,0.0,150.0,45.0,100.0,600.0,1000.0,41.6,41.6,20479.711328,69.63492,65.0,4136.314248,30361.711436,0.0,0.0,0.0,0.0,0.0
691,715.721595,50.0,60.0,100.0,505.72159,0.0,50.0,60.0,100.0,600.0,1000.0,41.6,41.6,23358.018144,85.87276,100.0,4209.841944,29774.018352,0.0,0.0,0.0,0.0,0.0
692,678.660769,0.0,60.0,100.0,518.66077,0.0,0.0,60.0,100.0,600.0,1000.0,160.4,41.6,23846.288032,12.93918,50.0,768.587292,108857.18738,0.0,0.0,0.0,0.0,0.0
693,649.813023,0.0,90.0,100.0,459.81302,0.0,0.0,90.0,100.0,600.0,1000.0,41.6,41.6,21458.221632,30.0,58.84775,3495.55635,27032.221757,0.0,0.0,0.0,0.0,0.0
694,627.593214,0.0,120.0,100.0,407.59321,0.0,0.0,120.0,100.0,600.0,1000.0,41.6,41.6,19345.877536,30.0,52.21981,3101.856714,26107.877702,0.0,0.0,0.0,0.0,0.0
695,586.017976,0.0,150.0,100.0,336.01798,0.0,0.0,150.0,100.0,600.0,1000.0,41.6,41.6,16428.347968,30.0,71.57523,4251.568662,24378.347785,0.0,0.0,0.0,0.0,0.0
696,549.383563,0.0,212.10502,50.0,287.27855,0.0,0.0,225.0,100.0,600.0,1000.0,2.0,41.6,13449.99772,62.10502,98.73943,3220.122142,1098.767126,0.0,0.0,0.0,0.0,12.89498
697,525.133658,0.0,180.0,57.855111,287.27855,0.0,0.0,180.0,100.0,600.0,1000.0,21.5,41.6,13554.672566,7.855111,32.10502,51.058222,11290.373656,0.0,0.0,0.0,0.0,0.0
698,512.313468,0.0,150.0,75.034921,287.27855,0.0,0.0,150.0,100.0,600.0,1000.0,21.5,41.6,13864.038482,17.17981,30.0,111.668765,11014.739562,0.0,0.0,0.0,0.0,0.0
699,512.7955,0.0,135.0,90.516953,287.27855,0.0,0.0,135.0,100.0,600.0,1000.0,21.5,41.6,14166.90217,15.482032,15.0,100.633208,11025.103241,0.0,0.0,0.0,0.0,0.0
700,522.278547,0.0,135.0,100.0,287.27855,0.0,0.0,135.0,100.0,600.0,1000.0,22.7,41.6,14370.78768,9.483047,0.0,61.639805,11855.723017,0.0,0.0,0.0,0.0,0.0
701,550.338356,0.0,135.0,100.0,315.33836,0.0,0.0,135.0,100.0,600.0,1000.0,41.6,41.6,15538.075776,28.05981,0.0,1666.752714,22894.075626,0.0,0.0,0.0,0.0,0.0
702,615.588769,0.0,120.0,100.0,395.58877,0.0,0.0,120.0,100.0,600.0,1000.0,41.6,41.6,18846.492832,80.25041,15.0,4766.874354,25608.492799,0.0,0.0,0.0,0.0,0.0
703,680.542547,50.0,120.0,100.0,410.54255,0.0,50.0,120.0,100.0,600.0,1000.0,160.4,41.6,19518.57008,64.95378,0.0,888.254532,109159.024507,0.0,0.0,0.0,0.0,0.0
704,696.356896,100.0,120.0,100.0,376.3569,0.0,100.0,120.0,100.0,600.0,1000.0,41.6,41.6,18146.44704,50.0,34.18565,2030.62761,28968.446882,0.0,0.0,0.0,0.0,0.0
705,699.008071,150.0,120.0,100.0,329.00807,0.0,150.0,120.0,100.0,600.0,1000.0,41.6,41.6,16226.735712,50.0,47.34883,2812.520502,29078.735737,0.0,0.0,0.0,0.0,0.0
706,704.264071,250.0,105.0,100.0,249.26407,0.0,250.0,105.0,100.0,600.0,1000.0,41.6,41.6,12979.385312,100.0,94.744,4736.7936,29297.385337,0.0,0.0,0.0,0.0,0.0
707,709.279055,300.0,105.0,86.863238,217.41582,0.0,300.0,105.0,100.0,600.0,1000.0,41.0,41.6,11422.057729,50.0,44.985012,1977.175003,29080.441247,0.0,0.0,0.0,0.0,0.0
708,704.384579,375.0,75.105524,36.863238,217.41582,0.0,375.0,90.0,100.0,600.0,1000.0,2.0,41.6,10362.268777,75.0,79.894476,325.0,1408.769158,0.0,0.0,0.0,0.0,14.894476
709,707.934928,450.0,40.519111,0.0,217.41582,0.0,450.0,90.0,100.0,600.0,1000.0,2.0,41.6,9575.536334,75.0,71.449651,239.611047,1415.869856,0.0,0.0,0.0,0.0,49.480889
710,707.415817,350.0,90.0,50.0,217.41582,0.0,350.0,90.0,100.0,600.0,1000.0,2.6,41.6,10649.498112,99.480889,100.0,325.0,1839.281125,0.0,0.0,0.0,0.0,0.0
711,702.345214,300.0,75.0,100.0,227.34521,0.0,300.0,75.0,100.0,600.0,1000.0,41.6,41.6,12057.560736,59.92939,65.0,914.805766,29217.560886,0.0,0.0,0.0,0.0,0.0
712,696.774039,250.0,75.0,100.0,271.77404,0.0,250.0,75.0,100.0,600.0,1000.0,41.6,41.6,13855.800064,44.42883,50.0,2639.072502,28985.800022,0.0,0.0,0.0,0.0,0.0
713,716.398293,200.0,60.0,100.0,356.39829,0.0,200.0,60.0,100.0,600.0,1000.0,41.6,41.6,17296.168864,84.62425,65.0,5026.68045,29802.168989,0.0,0.0,0.0,0.0,0.0
714,721.088833,150.0,45.0,100.0,426.08883,0.0,150.0,45.0,100.0,600.0,1000.0,41.6,41.6,20115.295328,69.69054,65.0,4139.618076,29997.295436,0.0,0.0,0.0,0.0,0.0
715,702.196896,50.0,60.0,100.0,492.1969,0.0,50.0,60.0,100.0,600.0,1000.0,41.6,41.6,22795.39104,81.10807,100.0,3926.819358,29211.390874,0.0,0.0,0.0,0.0,0.0
716,667.648198,0.0,60.0,100.0,507.6482,0.0,0.0,60.0,100.0,600.0,1000.0,160.4,41.6,23388.16512,15.4513,50.0,917.80722,107090.770895,0.0,0.0,0.0,0.0,0.0
717,639.226865,0.0,90.0,100.0,449.22686,0.0,0.0,90.0,100.0,600.0,1000.0,41.6,41.6,21017.837376,30.0,58.42134,3470.227596,26591.837576,0.0,0.0,0.0,0.0,0.0
718,614.532007,0.0,120.0,100.0,394.53201,0.0,0.0,120.0,100.0,600.0,1000.0,41.6,41.6,18802.531616,30.0,54.69485,3248.87409,25564.5315,0.0,0.0,0.0,0.0,0.0
719,565.142293,0.0,150.0,100.0,315.14229,0.0,0.0,150.0,100.0,600.0,1000.0,41.6,41.6,15559.919264,30.0,79.38972,4715.749368,23509.919397,0.0,0.0,0.0,0.0,0.0
720,529.12896,0.0,196.56876,50.0,282.5602,0.0,0.0,225.0,100.0,600.0,1000.0,2.0,41.6,13222.64184,46.56876,82.58209,2260.376146,1058.25792,0.0,0.0,0.0,0.0,28.43124
721,509.439817,0.0,180.0,46.879619,282.5602,0.0,0.0,180.0,100.0,600.0,1000.0,8.5,41.6,13122.416128,0.0,19.689141,20.282477,4330.238446,0.0,0.0,0.0,0.0,0.0
722,500.077277,0.0,150.0,67.517079,282.5602,0.0,0.0,150.0,100.0,600.0,1000.0,21.5,41.6,13506.121518,20.63746,30.0,134.14349,10751.661464,0.0,0.0,0.0,0.0,0.0
723,505.370357,0.0,135.0,87.810159,282.5602,0.0,0.0,135.0,100.0,600.0,1000.0,21.5,41.6,13912.422738,20.29308,15.0,131.90502,10865.462671,0.0,0.0,0.0,0.0,0.0
724,517.560198,0.0,135.0,100.0,282.5602,0.0,0.0,135.0,100.0,600.0,1000.0,35.7,41.6,14174.50432,12.189841,0.0,79.233967,18476.899069,0.0,0.0,0.0,0.0,0.0
725,544.368579,0.0,135.0,100.0,309.36858,0.0,0.0,135.0,100.0,600.0,1000.0,41.6,41.6,15289.732928,26.80838,0.0,1592.417772,22645.732886,0.0,0.0,0.0,0.0,0.0
726,607.014166,0.0,120.0,100.0,387.01417,0.0,0.0,120.0,100.0,600.0,1000.0,41.6,41.6,18489.789472,77.64559,15.0,4612.148046,25251.789314,0.0,0.0,0.0,0.0,0.0
727,664.172008,50.0,120.0,100.0,394.17201,0.0,50.0,120.0,100.0,600.0,1000.0,160.4,41.6,18837.555616,57.15784,0.0,425.175696,106533.190019,0.0,0.0,0.0,0.0,0.0
728,679.652642,100.0,120.0,100.0,359.65264,0.0,100.0,120.0,100.0,600.0,1000.0,41.6,41.6,17451.549824,50.0,34.51937,2050.450578,28273.549924,0.0,0.0,0.0,0.0,0.0
729,681.719817,150.0,120.0,100.0,311.71982,0.0,150.0,120.0,100.0,600.0,1000.0,41.6,41.6,15507.544512,50.0,47.93282,2847.209508,28359.544387,0.0,0.0,0.0,0.0,0.0
730,688.357023,250.0,105.0,100.0,233.35702,0.0,250.0,105.0,100.0,600.0,1000.0,41.6,41.6,12317.652032,100.0,93.3628,4654.75032,28635.652157,0.0,0.0,0.0,0.0,0.0
731,708.98242,300.0,105.0,100.0,203.98242,0.0,300.0,105.0,100.0,600.0,1000.0,41.6,41.6,11145.668672,50.0,29.3746,1744.85124,29493.66868,0.0,0.0,0.0,0.0,0.0
732,710.224579,375.0,82.761016,50.0,202.46356,0.0,375.0,90.0,100.0,600.0,1000.0,2.0,41.6,10038.006128,75.0,73.757844,415.220284,1420.449157,0.0,0.0,0.0,0.0,7.238984
733,707.758801,450.0,55.295238,0.0,202.46356,0.0,450.0,90.0,100.0,600.0,1000.0,2.0,41.6,8983.074572,75.0,77.465778,325.0,1415.517602,0.0,0.0,0.0,0.0,34.704762
734,692.463563,350.0,90.0,50.0,202.46356,0.0,350.0,90.0,100.0,600.0,1000.0,2.0,41.6,10027.484096,84.704762,100.0,325.0,1384.927126,0.0,0.0,0.0,0.0,0.0
735,685.668769,300.0,75.0,100.0,210.66877,0.0,300.0,75.0,100.0,600.0,1000.0,41.6,41.6,11363.820832,58.20521,65.0,812.389474,28523.820799,0.0,0.0,0.0,0.0,0.0
736,680.023436,250.0,75.0,100.0,255.02344,0.0,250.0,75.0,100.0,600.0,1000.0,41.6,41.6,13158.975104,44.35467,50.0,2634.667398,28288.974929,0.0,0.0,0.0,0.0,0.0
737,699.712579,200.0,60.0,100.0,339.71258,0.0,200.0,60.0,100.0,600.0,1000.0,41.6,41.6,16602.043328,84.68914,65.0,5030.534916,29108.04327,0.0,0.0,0.0,0.0,0.0
738,711.642865,150.0,45.0,100.0,416.64286,0.0,150.0,45.0,100.0,600.0,1000.0,41.6,41.6,19722.342976,76.93028,65.0,4569.658632,29604.343167,0.0,0.0,0.0,0.0,0.0
739,699.332515,50.0,60.0,100.0,489.33252,0.0,50.0,60.0,100.0,600.0,1000.0,41.6,41.6,22676.232832,87.68966,100.0,4317.765804,29092.232632,0.0,0.0,0.0,0.0,0.0
740,662.151182,0.0,60.0,100.0,502.15118,0.0,0.0,60.0,100.0,600.0,1000.0,160.4,41.6,23159.489088,12.81866,50.0,761.428404,106209.049561,0.0,0.0,0.0,0.0,0.0
741,637.122611,0.0,90.0,100.0,447.12261,0.0,0.0,90.0,100.0,600.0,1000.0,41.6,41.6,20930.300576,30.0,55.02857,3268.697058,26504.300609,0.0,0.0,0.0,0.0,0.0
742,615.885404,0.0,120.0,100.0,395.8854,0.0,0.0,120.0,100.0,600.0,1000.0,41.6,41.6,18858.83264,30.0,51.23721,3043.490274,25620.832823,0.0,0.0,0.0,0.0,0.0
743,568.414547,0.0,150.0,50.0,368.41455,0.0,0.0,150.0,100.0,600.0,1000.0,21.8,41.6,16701.04528,30.0,77.47085,1956.76849,12391.43712,0.0,0.0,0.0,0.0,0.0
744,530.973658,0.0,162.55911,0.0,368.41455,0.0,0.0,225.0,100.0,600.0,1000.0,2.0,41.6,15651.1635,12.55911,50.0,325.0,1061.947316,0.0,0.0,0.0,0.0,62.44089
