Hour,Demand (MWh),Plant 1 (MWh),Plant 2 (MWh),Plant 3 (MWh),Plant 4 (MWh),Plant 5 (MWh),Plant 1 Available (MWh),Plant 2 Available (MWh),Plant 3 Available (MWh),Plant 4 Available (MWh),Plant 5 Available (MWh),Clearing Price ($/MWh),Highest Running Cost ($/MWh),Production Cost ($),Ramp Up (MWh),Ramp Down (MWh),Ramp Cost ($),Market Cost ($),Unserved Energy (MWh),Unserved Cost ($),Spill (MWh),Spill Cost ($),Curtailment (MWh)
1,435.457214,0.0,180.0,100.0,155.45721,0.0,0.0,180.0,100.0,600.0,1000.0,15.2,41.6,8977.019936,0.0,0.0,0.0,6618.949653,0.0,0.0,0.0,0.0,0.0
2,422.303309,0.0,150.0,100.0,172.30331,0.0,0.0,150.0,100.0,600.0,1000.0,60.0,41.6,9617.817696,16.8461,30.0,444.73704,25338.198528,0.0,0.0,0.0,0.0,0.0
3,409.807563,0.0,135.0,100.0,172.30331,2.504254,0.0,135.0,100.0,600.0,1000.0,76.0,76.0,9778.141015,2.504254,15.0,0.0,31145.374788,0.0,0.0,0.0,0.0,0.0
4,405.181912,0.0,135.0,100.0,170.18191,0.0,0.0,135.0,100.0,600.0,1000.0,41.6,41.6,9499.567456,0.0,4.625654,56.00496,16855.567548,0.0,0.0,0.0,0.0,0.0
5,400.07423,0.0,135.0,100.0,165.07423,0.0,0.0,135.0,100.0,600.0,1000.0,7.2,41.6,9287.087968,0.0,5.10768,134.842752,2880.534455,0.0,0.0,0.0,0.0,0.0
6,385.205404,0.0,120.0,100.0,165.07423,0.131174,0.0,120.0,100.0,600.0,1000.0,76.0,76.0,9267.057222,0.131174,15.0,0.0,29275.610719,0.0,0.0,0.0,0.0,0.0
7,384.491626,50.0,120.0,100.0,114.49163,0.0,50.0,120.0,100.0,600.0,1000.0,41.6,41.6,7202.851808,50.0,50.713774,1335.38064,15994.85165,0.0,0.0,0.0,0.0,0.0
8,391.629404,100.0,120.0,100.0,71.629404,0.0,100.0,120.0,100.0,600.0,1000.0,41.6,41.6,5469.783206,50.0,42.862226,1131.562766,16291.783223,0.0,0.0,0.0,0.0,0.0
9,411.856198,150.0,120.0,100.0,41.856198,0.0,150.0,120.0,100.0,600.0,1000.0,41.6,41.6,4281.217837,50.0,29.773206,786.012638,17133.21782,0.0,0.0,0.0,0.0,0.0
10,436.133912,250.0,105.0,81.133912,0.0,0.0,250.0,105.0,100.0,600.0,1000.0,21.5,21.5,2204.379108,100.0,75.722286,1472.892343,9376.879117,0.0,0.0,0.0,0.0,0.0
11,464.981658,300.0,105.0,59.981658,0.0,0.0,300.0,105.0,100.0,600.0,1000.0,21.5,21.5,1799.605647,50.0,21.152254,412.468953,9997.105647,0.0,0.0,0.0,0.0,0.0
12,477.829658,375.0,90.0,12.829658,0.0,0.0,375.0,90.0,100.0,600.0,1000.0,2.0,21.5,830.837647,75.0,62.152,919.464,955.659317,0.0,0.0,0.0,0.0,0.0
13,478.265341,450.0,15.435682,12.829658,0.0,0.0,450.0,90.0,100.0,600.0,1000.0,2.0,21.5,756.709011,75.0,74.564318,0.0,956.530681,0.0,0.0,0.0,0.0,74.564318
14,477.857468,350.0,77.857468,50.0,0.0,0.0,350.0,90.0,100.0,600.0,1000.0,2.0,21.5,1580.714936,99.592128,100.0,724.821669,955.714936,0.0,0.0,0.0,0.0,12.142532
15,483.345214,300.0,75.0,100.0,8.345214,0.0,300.0,75.0,100.0,600.0,1000.0,41.6,41.6,2947.160886,58.345214,52.857468,1195.313639,20107.160886,0.0,0.0,0.0,0.0,0.0
16,502.904579,250.0,75.0,100.0,77.904579,0.0,250.0,75.0,100.0,600.0,1000.0,41.6,41.6,5790.830486,69.559365,50.0,1836.367247,20920.830478,0.0,0.0,0.0,0.0,0.0
17,532.280706,200.0,60.0,100.0,172.28071,0.0,200.0,60.0,100.0,600.0,1000.0,41.6,41.6,9636.877536,94.376131,65.0,2491.529858,22142.87737,0.0,0.0,0.0,0.0,0.0
18,544.646674,150.0,45.0,100.0,249.64667,0.0,150.0,45.0,100.0,600.0,1000.0,41.6,41.6,12775.301472,77.36596,65.0,2042.461344,22657.301647,0.0,0.0,0.0,0.0,0.0
19,535.53442,50.0,60.0,100.0,325.53442,0.0,50.0,60.0,100.0,600.0,1000.0,60.0,41.6,15862.231872,90.88775,100.0,2003.4366,32132.065212,0.0,0.0,0.0,0.0,0.0
20,517.625087,0.0,60.0,100.0,325.53442,32.090667,0.0,60.0,100.0,600.0,1000.0,76.0,76.0,18251.122564,32.090667,50.0,0.0,39339.506597,0.0,0.0,0.0,0.0,0.0
21,508.10496,0.0,90.0,100.0,318.10496,0.0,0.0,90.0,100.0,600.0,1000.0,41.6,41.6,15563.166336,30.0,39.520127,196.137744,21137.166336,0.0,0.0,0.0,0.0,0.0
22,507.391182,0.0,120.0,100.0,287.39118,0.0,0.0,120.0,100.0,600.0,1000.0,41.6,41.6,14345.473088,30.0,30.71378,810.843792,21107.473171,0.0,0.0,0.0,0.0,0.0
23,477.227119,0.0,150.0,100.0,227.22712,0.0,0.0,150.0,100.0,600.0,1000.0,41.6,41.6,11902.648192,30.0,60.16406,1588.331184,19852.648134,0.0,0.0,0.0,0.0,0.0
24,449.491753,0.0,197.25117,100.0,152.24058,0.0,0.0,225.0,100.0,600.0,1000.0,2.0,41.6,8877.710468,47.25117,74.98654,1979.644656,898.983506,0.0,0.0,0.0,0.0,27.74883
25,432.240579,0.0,180.0,100.0,152.24058,0.0,0.0,180.0,100.0,600.0,1000.0,28.4,41.6,8843.208128,0.0,17.25117,0.0,12275.632444,0.0,0.0,0.0,0.0,0.0
26,426.048325,0.0,150.0,100.0,176.04832,0.0,0.0,150.0,100.0,600.0,1000.0,41.6,41.6,9773.610112,23.80774,30.0,628.524336,17723.610303,0.0,0.0,0.0,0.0,0.0
27,427.309023,0.0,135.0,100.0,192.30902,0.0,0.0,135.0,100.0,600.0,1000.0,41.6,41.6,10420.055232,16.2607,15.0,429.28248,17776.055357,0.0,0.0,0.0,0.0,0.0
28,435.800198,0.0,135.0,100.0,200.8002,0.0,0.0,135.0,100.0,600.0,1000.0,41.6,41.6,10773.28832,8.49118,0.0,224.167152,18129.288228,0.0,0.0,0.0,0.0,0.0
29,454.145214,0.0,135.0,100.0,219.14521,0.0,0.0,135.0,100.0,600.0,1000.0,41.6,41.6,11536.440736,18.34501,0.0,484.308264,18892.440902,0.0,0.0,0.0,0.0,0.0
30,497.518801,0.0,120.0,100.0,276.00007,1.51873,0.0,120.0,100.0,600.0,1000.0,76.0,76.0,13987.026422,58.37359,15.0,1500.968304,37811.428891,0.0,0.0,0.0,0.0,0.0
31,546.000071,50.0,120.0,100.0,276.00007,0.0,50.0,120.0,100.0,600.0,1000.0,60.0,41.6,13921.602912,50.0,1.51873,0.0,32760.004248,0.0,0.0,0.0,0.0,0.0
32,577.869785,100.0,120.0,100.0,257.86979,0.0,100.0,120.0,100.0,600.0,1000.0,41.6,41.6,13217.383264,50.0,18.13028,478.639392,24039.383073,0.0,0.0,0.0,0.0,0.0
33,590.838293,150.0,120.0,100.0,220.83829,0.0,150.0,120.0,100.0,600.0,1000.0,41.6,41.6,11726.872864,50.0,37.0315,977.6316,24578.873005,0.0,0.0,0.0,0.0,0.0
34,604.872833,250.0,105.0,100.0,149.87283,0.0,250.0,105.0,100.0,600.0,1000.0,41.6,41.6,8844.709728,100.0,85.96546,1873.488144,25162.709844,0.0,0.0,0.0,0.0,0.0
35,617.32223,300.0,105.0,100.0,112.32223,0.0,300.0,105.0,100.0,600.0,1000.0,41.6,41.6,7332.604768,50.0,37.5506,991.33584,25680.60476,0.0,0.0,0.0,0.0,0.0
36,623.069531,375.0,90.0,100.0,58.069531,0.0,375.0,90.0,100.0,600.0,1000.0,28.4,41.6,5120.69249,75.0,69.252699,1432.271254,17695.174692,0.0,0.0,0.0,0.0,0.0
37,618.073087,450.0,10.003555,100.0,58.069531,0.0,450.0,90.0,100.0,600.0,1000.0,2.0,41.6,5035.6996,75.0,79.996445,0.0,1236.146173,0.0,0.0,0.0,0.0,79.996445
38,613.465976,350.0,90.0,100.0,73.465976,0.0,350.0,90.0,100.0,600.0,1000.0,41.6,41.6,5736.184602,95.39289,100.0,406.466148,25520.184593,0.0,0.0,0.0,0.0,0.0
39,611.751055,300.0,75.0,100.0,136.75106,0.0,300.0,75.0,100.0,600.0,1000.0,41.6,41.6,8288.844096,63.285084,65.0,1670.726218,25448.843896,0.0,0.0,0.0,0.0,0.0
40,622.911944,250.0,75.0,100.0,197.91194,0.0,250.0,75.0,100.0,600.0,1000.0,41.6,41.6,10783.136704,61.16088,50.0,1614.647232,25913.136862,0.0,0.0,0.0,0.0,0.0
41,651.481595,200.0,60.0,100.0,291.48159,0.0,200.0,60.0,100.0,600.0,1000.0,41.6,41.6,14595.634144,93.56965,65.0,2470.23876,27101.634344,0.0,0.0,0.0,0.0,0.0
42,652.31588,150.0,45.0,100.0,357.31588,0.0,150.0,45.0,100.0,600.0,1000.0,41.6,41.6,17254.340608,65.83429,65.0,1738.025256,27136.340625,0.0,0.0,0.0,0.0,0.0
43,635.092516,50.0,60.0,100.0,425.09252,0.0,50.0,60.0,100.0,600.0,1000.0,60.0,41.6,20003.848832,82.77664,100.0,1789.303296,38105.550936,0.0,0.0,0.0,0.0,0.0
44,598.180007,0.0,60.0,100.0,425.09252,13.087492,0.0,60.0,100.0,600.0,1000.0,76.0,76.0,20948.498224,13.087492,50.0,0.0,45461.680562,0.0,0.0,0.0,0.0,0.0
45,573.281214,0.0,90.0,100.0,383.28121,0.0,0.0,90.0,100.0,600.0,1000.0,41.6,41.6,18274.498336,30.0,54.898802,1103.818584,23848.498502,0.0,0.0,0.0,0.0,0.0
46,561.489976,0.0,120.0,100.0,341.48998,0.0,0.0,120.0,100.0,600.0,1000.0,41.6,41.6,16595.983168,30.0,41.79123,1103.288472,23357.982985,0.0,0.0,0.0,0.0,0.0
47,523.641214,0.0,150.0,100.0,273.64121,0.0,0.0,150.0,100.0,600.0,1000.0,41.6,41.6,13833.474336,30.0,67.84877,1791.207528,21783.474486,0.0,0.0,0.0,0.0,0.0
48,492.624325,0.0,200.86641,100.0,191.75791,0.0,0.0,225.0,100.0,600.0,1000.0,2.0,41.6,10528.861876,50.86641,81.8833,2161.71912,985.248649,0.0,0.0,0.0,0.0,24.13359
49,471.757912,0.0,180.0,100.0,191.75791,0.0,0.0,180.0,100.0,600.0,1000.0,28.4,41.6,10487.129056,0.0,20.86641,0.0,13397.924706,0.0,0.0,0.0,0.0,0.0
50,460.439436,0.0,150.0,100.0,210.43944,0.0,0.0,150.0,100.0,600.0,1000.0,41.6,41.6,11204.280704,18.68153,30.0,493.192392,19154.280538,0.0,0.0,0.0,0.0,0.0
51,458.140516,0.0,135.0,100.0,223.14052,0.0,0.0,135.0,100.0,600.0,1000.0,41.6,41.6,11702.645632,12.70108,15.0,335.308512,19058.645449,0.0,0.0,0.0,0.0,0.0
52,467.846039,0.0,135.0,100.0,232.84604,0.0,0.0,135.0,100.0,600.0,1000.0,41.6,41.6,12106.395264,9.70552,0.0,256.225728,19462.395239,0.0,0.0,0.0,0.0,0.0
53,484.874738,0.0,135.0,100.0,249.87474,0.0,0.0,135.0,100.0,600.0,1000.0,41.6,41.6,12814.789184,17.0287,0.0,449.55768,20170.789092,0.0,0.0,0.0,0.0,0.0
54,523.455817,0.0,120.0,100.0,300.63004,2.825778,0.0,120.0,100.0,600.0,1000.0,76.0,76.0,15110.968807,53.581078,15.0,1339.93992,39782.642107,0.0,0.0,0.0,0.0,0.0
55,570.630039,50.0,120.0,100.0,300.63004,0.0,50.0,120.0,100.0,600.0,1000.0,60.0,41.6,14946.209664,50.0,2.825778,0.0,34237.80234,0.0,0.0,0.0,0.0,0.0
56,597.679436,100.0,120.0,100.0,277.67944,0.0,100.0,120.0,100.0,600.0,1000.0,41.6,41.6,14041.464704,50.0,22.9506,605.89584,24863.464529,0.0,0.0,0.0,0.0,0.0
57,613.855309,150.0,120.0,100.0,243.85531,0.0,150.0,120.0,100.0,600.0,1000.0,41.6,41.6,12684.380896,50.0,33.82413,892.957032,25536.380863,0.0,0.0,0.0,0.0,0.0
58,631.838801,250.0,105.0,100.0,176.8388,0.0,250.0,105.0,100.0,600.0,1000.0,41.6,41.6,9966.49408,100.0,82.01651,1769.235864,26284.494113,0.0,0.0,0.0,0.0,0.0
59,649.025087,300.0,105.0,100.0,144.02509,0.0,300.0,105.0,100.0,600.0,1000.0,41.6,41.6,8651.443744,50.0,32.81371,866.281944,26999.443611,0.0,0.0,0.0,0.0,0.0
60,650.137468,375.0,90.0,100.0,85.137468,0.0,375.0,90.0,100.0,600.0,1000.0,28.4,41.6,6246.718669,75.0,73.887622,1554.633221,18463.90408,0.0,0.0,0.0,0.0,0.0
61,642.610357,450.0,7.472889,100.0,85.137468,0.0,450.0,90.0,100.0,600.0,1000.0,2.0,41.6,6156.664447,75.0,82.527111,0.0,1285.220713,0.0,0.0,0.0,0.0,82.527111
62,629.966293,350.0,90.0,100.0,89.966293,0.0,350.0,90.0,100.0,600.0,1000.0,41.6,41.6,6422.597789,87.355936,100.0,127.48098,26206.597797,0.0,0.0,0.0,0.0,0.0
63,623.959436,300.0,75.0,100.0,148.95944,0.0,300.0,75.0,100.0,600.0,1000.0,41.6,41.6,8796.712704,58.993147,65.0,1557.419081,25956.712529,0.0,0.0,0.0,0.0,0.0
64,629.873595,250.0,75.0,100.0,204.8736,0.0,250.0,75.0,100.0,600.0,1000.0,41.6,41.6,11072.74176,55.91416,50.0,1476.133824,26202.741552,0.0,0.0,0.0,0.0,0.0
65,651.036643,200.0,60.0,100.0,291.03664,0.0,200.0,60.0,100.0,600.0,1000.0,41.6,41.6,14577.124224,86.16304,65.0,2274.704256,27083.124332,0.0,0.0,0.0,0.0,0.0
66,649.015817,150.0,45.0,100.0,354.01582,0.0,150.0,45.0,100.0,600.0,1000.0,41.6,41.6,17117.058112,62.97918,65.0,1662.650352,26999.057979,0.0,0.0,0.0,0.0,0.0
67,629.039309,50.0,60.0,100.0,419.03931,0.0,50.0,60.0,100.0,600.0,1000.0,60.0,41.6,19752.035296,80.02349,100.0,1716.620136,37742.358528,0.0,0.0,0.0,0.0,0.0
68,592.312198,0.0,60.0,100.0,419.03931,13.272889,0.0,60.0,100.0,600.0,1000.0,76.0,76.0,20710.77486,13.272889,50.0,0.0,45015.727018,0.0,0.0,0.0,0.0,0.0
69,571.362356,0.0,90.0,100.0,381.36236,0.0,0.0,90.0,100.0,600.0,1000.0,41.6,41.6,18194.674176,30.0,50.949839,994.67148,23768.674026,0.0,0.0,0.0,0.0,0.0
70,556.623309,0.0,120.0,100.0,336.62331,0.0,0.0,120.0,100.0,600.0,1000.0,41.6,41.6,16393.529696,30.0,44.73905,1181.11092,23155.529654,0.0,0.0,0.0,0.0,0.0
71,514.176706,0.0,150.0,100.0,264.17671,0.0,0.0,150.0,100.0,600.0,1000.0,41.6,41.6,13439.751136,30.0,72.4466,1912.59024,21389.750953,0.0,0.0,0.0,0.0,0.0
72,482.835373,0.0,205.04711,100.0,177.78826,0.0,0.0,225.0,100.0,600.0,1000.0,2.0,41.6,9956.085836,55.04711,86.38845,2280.65508,965.670745,0.0,0.0,0.0,0.0,19.95289
73,457.788262,0.0,180.0,100.0,177.78826,0.0,0.0,180.0,100.0,600.0,1000.0,28.4,41.6,9905.991616,0.0,25.04711,0.0,13001.186629,0.0,0.0,0.0,0.0,0.0
74,448.268134,0.0,150.0,100.0,198.26813,0.0,0.0,150.0,100.0,600.0,1000.0,41.6,41.6,10697.954208,20.47987,30.0,540.668568,18647.954383,0.0,0.0,0.0,0.0,0.0
75,451.985341,0.0,135.0,100.0,216.98534,0.0,0.0,135.0,100.0,600.0,1000.0,41.6,41.6,11446.590144,18.71721,15.0,494.134344,18802.590169,0.0,0.0,0.0,0.0,0.0
76,463.12769,0.0,135.0,100.0,228.12769,0.0,0.0,135.0,100.0,600.0,1000.0,41.6,41.6,11910.111904,11.14235,0.0,294.15804,19266.111896,0.0,0.0,0.0,0.0,0.0
77,486.765785,0.0,135.0,100.0,251.76579,0.0,0.0,135.0,100.0,600.0,1000.0,41.6,41.6,12893.456864,23.6381,0.0,624.04584,20249.456673,0.0,0.0,0.0,0.0,0.0
78,533.884388,0.0,120.0,100.0,313.28337,0.601016,0.0,120.0,100.0,600.0,1000.0,76.0,76.0,15468.265408,62.118596,15.0,1624.064112,40575.213518,0.0,0.0,0.0,0.0,0.0
79,583.283372,50.0,120.0,100.0,313.28337,0.0,50.0,120.0,100.0,600.0,1000.0,60.0,41.6,15472.588192,50.0,0.601016,0.0,34997.002344,0.0,0.0,0.0,0.0,0.0
80,615.866864,100.0,120.0,100.0,295.86686,0.0,100.0,120.0,100.0,600.0,1000.0,41.6,41.6,14798.061376,50.0,17.41651,459.795864,25620.061559,0.0,0.0,0.0,0.0,0.0
81,633.69277,150.0,120.0,100.0,263.69277,0.0,150.0,120.0,100.0,600.0,1000.0,41.6,41.6,13509.619232,50.0,32.17409,849.395976,26361.619215,0.0,0.0,0.0,0.0,0.0
82,650.721468,250.0,105.0,100.0,195.72147,0.0,250.0,105.0,100.0,600.0,1000.0,41.6,41.6,10752.013152,100.0,82.9713,1794.44232,27070.013069,0.0,0.0,0.0,0.0,0.0
83,667.342293,300.0,105.0,100.0,162.34229,0.0,300.0,105.0,100.0,600.0,1000.0,41.6,41.6,9413.439264,50.0,33.37918,881.210352,27761.439389,0.0,0.0,0.0,0.0,0.0
84,665.441975,375.0,90.0,100.0,100.44198,0.0,375.0,90.0,100.0,600.0,1000.0,41.6,41.6,6883.386368,75.0,76.90031,1634.168184,27682.386177,0.0,0.0,0.0,0.0,0.0
85,645.33569,450.0,7.538539,100.0,87.79715,0.0,450.0,90.0,100.0,600.0,1000.0,2.0,41.6,6267.438519,75.0,95.106291,333.823512,1290.67138,0.0,0.0,0.0,0.0,82.461461
86,627.79715,350.0,90.0,100.0,87.79715,0.0,350.0,90.0,100.0,600.0,1000.0,28.4,41.6,6332.36144,82.461461,100.0,0.0,17829.439071,0.0,0.0,0.0,0.0,0.0
87,621.317531,300.0,75.0,100.0,146.31753,0.0,300.0,75.0,100.0,600.0,1000.0,41.6,41.6,8686.809248,58.52038,65.0,1544.938032,25846.809306,0.0,0.0,0.0,0.0,0.0
88,626.703309,250.0,75.0,100.0,201.70331,0.0,250.0,75.0,100.0,600.0,1000.0,41.6,41.6,10940.857696,55.38578,50.0,1462.184592,26070.857654,0.0,0.0,0.0,0.0,0.0
89,643.129468,200.0,60.0,100.0,283.12947,0.0,200.0,60.0,100.0,600.0,1000.0,41.6,41.6,14248.185952,81.42616,65.0,2149.650624,26754.185852,0.0,0.0,0.0,0.0,0.0
90,637.521214,150.0,45.0,100.0,342.52121,0.0,150.0,45.0,100.0,600.0,1000.0,41.6,41.6,16638.882336,59.39174,65.0,1567.941936,26520.882486,0.0,0.0,0.0,0.0,0.0
91,616.617722,50.0,60.0,100.0,406.61772,0.0,50.0,60.0,100.0,600.0,1000.0,60.0,41.6,19235.297152,79.09651,100.0,1692.147864,36997.063308,0.0,0.0,0.0,0.0,0.0
92,580.678547,0.0,60.0,100.0,406.61772,14.060825,0.0,60.0,100.0,600.0,1000.0,76.0,76.0,20253.919852,14.060825,50.0,0.0,44131.569557,0.0,0.0,0.0,0.0,0.0
93,558.30115,0.0,90.0,100.0,368.30115,0.0,0.0,90.0,100.0,600.0,1000.0,41.6,41.6,17651.32784,30.0,52.377395,1011.557448,23225.327848,0.0,0.0,0.0,0.0,0.0
94,543.812389,0.0,120.0,100.0,323.81239,0.0,0.0,120.0,100.0,600.0,1000.0,41.6,41.6,15860.595424,30.0,44.48876,1174.503264,22622.595366,0.0,0.0,0.0,0.0,0.0
95,511.0435,0.0,150.0,100.0,261.0435,0.0,0.0,150.0,100.0,600.0,1000.0,41.6,41.6,13309.4096,30.0,62.76889,1657.098696,21259.409583,0.0,0.0,0.0,0.0,0.0
96,476.383563,0.0,200.09702,100.0,176.28655,0.0,0.0,225.0,100.0,600.0,1000.0,2.0,41.6,9883.71452,50.09702,84.75695,2237.58348,952.767126,0.0,0.0,0.0,0.0,24.90298
97,456.286547,0.0,180.0,100.0,176.28655,0.0,0.0,180.0,100.0,600.0,1000.0,28.4,41.6,9843.52048,0.0,20.09702,0.0,12958.537929,0.0,0.0,0.0,0.0,0.0
98,445.895055,0.0,150.0,100.0,195.89506,0.0,0.0,150.0,100.0,600.0,1000.0,41.6,41.6,10599.234496,19.60851,30.0,517.664664,18549.234288,0.0,0.0,0.0,0.0,0.0
99,447.34115,0.0,135.0,100.0,212.34115,0.0,0.0,135.0,100.0,600.0,1000.0,41.6,41.6,11253.39184,16.44609,15.0,434.176776,18609.391857,0.0,0.0,0.0,0.0,0.0
100,453.487055,0.0,135.0,100.0,218.48705,0.0,0.0,135.0,100.0,600.0,1000.0,41.6,41.6,11509.06128,6.1459,0.0,162.25176,18865.06148,0.0,0.0,0.0,0.0,0.0
101,455.164896,0.0,135.0,100.0,220.1649,0.0,0.0,135.0,100.0,600.0,1000.0,60.0,41.6,11578.85984,1.67785,0.0,44.29524,27309.89376,0.0,0.0,0.0,0.0,0.0
102,458.372261,0.0,120.0,100.0,220.1649,18.207365,0.0,120.0,100.0,600.0,1000.0,76.0,76.0,12932.61958,18.207365,15.0,0.0,34836.291866,0.0,0.0,0.0,0.0,0.0
103,484.939627,50.0,120.0,100.0,214.93963,0.0,50.0,120.0,100.0,600.0,1000.0,41.6,41.6,11381.488608,50.0,23.432635,137.947128,20173.488467,0.0,0.0,0.0,0.0,0.0
104,519.553214,100.0,120.0,100.0,199.55321,0.0,100.0,120.0,100.0,600.0,1000.0,41.6,41.6,10791.413536,50.0,15.38642,406.201488,21613.413694,0.0,0.0,0.0,0.0,0.0
105,551.358039,150.0,120.0,100.0,181.35804,0.0,150.0,120.0,100.0,600.0,1000.0,41.6,41.6,10084.494464,50.0,18.19517,480.352488,22936.494422,0.0,0.0,0.0,0.0,0.0
106,577.276516,250.0,105.0,100.0,122.27652,0.0,250.0,105.0,100.0,600.0,1000.0,41.6,41.6,7696.703232,100.0,74.08152,1559.752128,24014.703049,0.0,0.0,0.0,0.0,0.0
107,595.195118,300.0,105.0,100.0,90.195118,0.0,300.0,105.0,100.0,600.0,1000.0,41.6,41.6,6412.116909,50.0,32.081402,846.949013,24760.116925,0.0,0.0,0.0,0.0,0.0
108,597.160325,375.0,90.0,100.0,32.160325,0.0,375.0,90.0,100.0,600.0,1000.0,28.4,41.6,4042.86952,75.0,73.034793,1532.118535,16959.353224,0.0,0.0,0.0,0.0,0.0
109,587.019119,450.0,4.858794,100.0,32.160325,0.0,450.0,90.0,100.0,600.0,1000.0,2.0,41.6,3947.587108,75.0,85.141206,0.0,1174.038238,0.0,0.0,0.0,0.0,85.141206
110,575.774801,350.0,90.0,100.0,35.774801,0.0,350.0,90.0,100.0,600.0,1000.0,41.6,41.6,4168.231722,88.755682,100.0,95.422166,23952.231713,0.0,0.0,0.0,0.0,0.0
111,575.22788,300.0,75.0,100.0,100.22788,0.0,300.0,75.0,100.0,600.0,1000.0,41.6,41.6,6769.479808,64.453079,65.0,1701.561286,23929.479825,0.0,0.0,0.0,0.0,0.0
112,589.642484,250.0,75.0,100.0,164.64248,0.0,250.0,75.0,100.0,600.0,1000.0,41.6,41.6,9399.127168,64.4146,50.0,1700.54544,24529.127326,0.0,0.0,0.0,0.0,0.0
113,618.582928,200.0,60.0,100.0,258.58293,0.0,200.0,60.0,100.0,600.0,1000.0,41.6,41.6,13227.049888,93.94045,65.0,2480.02788,25733.049813,0.0,0.0,0.0,0.0,0.0
114,622.53188,150.0,45.0,100.0,327.53188,0.0,150.0,45.0,100.0,600.0,1000.0,41.6,41.6,16015.326208,68.94895,65.0,1820.25228,25897.326225,0.0,0.0,0.0,0.0,0.0
115,606.003754,50.0,60.0,100.0,396.00375,0.0,50.0,60.0,100.0,600.0,1000.0,60.0,41.6,18793.756,83.47187,100.0,1807.657368,36360.225216,0.0,0.0,0.0,0.0,0.0
116,575.83042,0.0,60.0,100.0,396.00375,19.826667,0.0,60.0,100.0,600.0,1000.0,76.0,76.0,20250.582692,19.826667,50.0,0.0,43763.111935,0.0,0.0,0.0,0.0,0.0
117,556.808706,0.0,90.0,100.0,366.80871,0.0,0.0,90.0,100.0,600.0,1000.0,41.6,41.6,17589.242336,30.0,49.021707,770.749056,23163.24217,0.0,0.0,0.0,0.0,0.0
118,553.267627,0.0,120.0,100.0,333.26763,0.0,0.0,120.0,100.0,600.0,1000.0,41.6,41.6,16253.933408,30.0,33.54108,885.484512,23015.933267,0.0,0.0,0.0,0.0,0.0
119,522.185849,0.0,150.0,100.0,272.18585,0.0,0.0,150.0,100.0,600.0,1000.0,41.6,41.6,13772.93136,30.0,61.08178,1612.558992,21722.93131,0.0,0.0,0.0,0.0,0.0
120,481.305848,0.0,208.3101,100.0,172.99575,0.0,0.0,225.0,100.0,600.0,1000.0,2.0,41.6,9763.2434,58.3101,99.1901,2618.61864,962.611697,0.0,0.0,0.0,0.0,16.6899
121,452.995753,0.0,180.0,100.0,172.99575,0.0,0.0,180.0,100.0,600.0,1000.0,28.4,41.6,9706.6232,0.0,28.3101,0.0,12865.079391,0.0,0.0,0.0,0.0,0.0
122,442.873087,0.0,150.0,100.0,192.87309,0.0,0.0,150.0,100.0,600.0,1000.0,41.6,41.6,10473.520544,19.87734,30.0,524.761776,18423.520403,0.0,0.0,0.0,0.0,0.0
123,443.206801,0.0,135.0,100.0,208.2068,0.0,0.0,135.0,100.0,600.0,1000.0,60.0,41.6,11081.40288,15.33371,15.0,404.809944,26592.408072,0.0,0.0,0.0,0.0,0.0
124,444.105976,0.0,135.0,100.0,208.2068,0.899174,0.0,135.0,100.0,600.0,1000.0,76.0,76.0,11149.740134,0.899174,0.0,0.0,33752.054146,0.0,0.0,0.0,0.0,0.0
125,436.912579,0.0,135.0,100.0,201.91258,0.0,0.0,135.0,100.0,600.0,1000.0,7.2,41.6,10819.563328,0.0,7.193394,166.167408,3145.770566,0.0,0.0,0.0,0.0,0.0
126,428.05988,0.0,120.0,100.0,201.91258,6.147302,0.0,120.0,100.0,600.0,1000.0,76.0,76.0,11256.758265,6.147302,15.0,0.0,32532.55091,0.0,0.0,0.0,0.0,0.0
127,440.416579,50.0,120.0,100.0,170.41658,0.0,50.0,120.0,100.0,600.0,1000.0,41.6,41.6,9529.329728,50.0,37.643302,831.4944,18321.32967,0.0,0.0,0.0,0.0,0.0
128,466.761468,100.0,120.0,100.0,146.76147,0.0,100.0,120.0,100.0,600.0,1000.0,41.6,41.6,8595.277152,50.0,23.65511,624.494904,19417.277069,0.0,0.0,0.0,0.0,0.0
129,496.350801,150.0,120.0,100.0,126.3508,0.0,150.0,120.0,100.0,600.0,1000.0,41.6,41.6,7796.19328,50.0,20.41067,538.841688,20648.193322,0.0,0.0,0.0,0.0,0.0
130,521.870674,250.0,105.0,100.0,66.870674,0.0,250.0,105.0,100.0,600.0,1000.0,41.6,41.6,5391.820038,100.0,74.480126,1570.275326,21709.820047,0.0,0.0,0.0,0.0,0.0
131,550.15296,300.0,105.0,100.0,45.15296,0.0,300.0,105.0,100.0,600.0,1000.0,41.6,41.6,4538.363136,50.0,21.717714,573.34765,22886.363136,0.0,0.0,0.0,0.0,0.0
132,553.230547,375.0,90.0,88.230547,0.0,0.0,375.0,90.0,100.0,600.0,1000.0,21.5,21.5,2451.95676,75.0,71.922413,1421.542478,11894.456765,0.0,0.0,0.0,0.0,0.0
133,536.758039,450.0,1.485333,85.272706,0.0,0.0,450.0,90.0,100.0,600.0,1000.0,2.0,21.5,2286.333845,75.0,91.472508,57.6779,1073.516078,0.0,0.0,0.0,0.0,88.514667
134,525.272706,350.0,90.0,85.272706,0.0,0.0,350.0,90.0,100.0,600.0,1000.0,2.0,21.5,2363.363179,88.514667,100.0,0.0,1050.545412,0.0,0.0,0.0,0.0,0.0
135,526.125531,300.0,75.0,100.0,51.125531,0.0,300.0,75.0,100.0,600.0,1000.0,41.6,41.6,4726.82209,65.852825,65.0,1636.896251,21886.82209,0.0,0.0,0.0,0.0,0.0
136,547.594484,250.0,75.0,100.0,122.59448,0.0,250.0,75.0,100.0,600.0,1000.0,41.6,41.6,7649.930368,71.468949,50.0,1886.780254,22779.930526,0.0,0.0,0.0,0.0,0.0
137,580.317023,200.0,60.0,100.0,220.31702,0.0,200.0,60.0,100.0,600.0,1000.0,41.6,41.6,11635.188032,97.72254,65.0,2579.875056,24141.188173,0.0,0.0,0.0,0.0,0.0
138,592.228769,150.0,45.0,100.0,297.22877,0.0,150.0,45.0,100.0,600.0,1000.0,41.6,41.6,14754.716832,76.91175,65.0,2030.4702,24636.716807,0.0,0.0,0.0,0.0,0.0
139,581.957785,50.0,60.0,100.0,371.95779,0.0,50.0,60.0,100.0,600.0,1000.0,60.0,41.6,17793.444064,89.72902,100.0,1972.846128,34917.467112,0.0,0.0,0.0,0.0,0.0
140,560.405404,0.0,60.0,100.0,371.95779,28.447619,0.0,60.0,100.0,600.0,1000.0,76.0,76.0,19905.463108,28.447619,50.0,0.0,42590.810719,0.0,0.0,0.0,0.0,0.0
141,550.431055,0.0,90.0,100.0,360.43106,0.0,0.0,90.0,100.0,600.0,1000.0,41.6,41.6,17323.932096,30.0,39.974349,304.305672,22897.931896,0.0,0.0,0.0,0.0,0.0
142,551.367309,0.0,120.0,100.0,331.36731,0.0,0.0,120.0,100.0,600.0,1000.0,41.6,41.6,16174.880096,30.0,29.06375,767.283,22936.880054,0.0,0.0,0.0,0.0,0.0
143,516.503436,0.0,150.0,100.0,266.50344,0.0,0.0,150.0,100.0,600.0,1000.0,41.6,41.6,13536.543104,30.0,64.86387,1712.406168,21486.542938,0.0,0.0,0.0,0.0,0.0
144,484.031182,0.0,199.06806,100.0,184.96312,0.0,0.0,225.0,100.0,600.0,1000.0,2.0,41.6,10242.601912,49.06806,81.54032,2152.664448,968.062364,0.0,0.0,0.0,0.0,25.93194
145,464.963119,0.0,180.0,100.0,184.96312,0.0,0.0,180.0,100.0,600.0,1000.0,28.4,41.6,10204.465792,0.0,19.06806,0.0,13204.952568,0.0,0.0,0.0,0.0,0.0
146,461.171753,0.0,150.0,100.0,211.17175,0.0,0.0,150.0,100.0,600.0,1000.0,41.6,41.6,11234.7448,26.20863,30.0,691.907832,19184.744941,0.0,0.0,0.0,0.0,0.0
147,467.048833,0.0,135.0,100.0,232.04883,0.0,0.0,135.0,100.0,600.0,1000.0,41.6,41.6,12073.231328,20.87708,15.0,551.154912,19429.231436,0.0,0.0,0.0,0.0,0.0
148,486.311563,0.0,135.0,100.0,251.31156,0.0,0.0,135.0,100.0,600.0,1000.0,41.6,41.6,12874.560896,19.26273,0.0,508.536072,20230.561029,0.0,0.0,0.0,0.0,0.0
149,524.957531,0.0,135.0,100.0,289.95753,0.0,0.0,135.0,100.0,600.0,1000.0,41.6,41.6,14482.233248,38.64597,0.0,1020.253608,21838.233306,0.0,0.0,0.0,0.0,0.0
150,601.415182,0.0,120.0,100.0,381.41518,0.0,0.0,120.0,100.0,600.0,1000.0,60.0,41.6,18256.871488,91.45765,15.0,2414.48196,36084.910932,0.0,0.0,0.0,0.0,0.0
151,674.452261,50.0,120.0,100.0,381.41518,23.037079,50.0,120.0,100.0,600.0,1000.0,76.0,76.0,20057.689492,73.037079,0.0,0.0,51258.371851,0.0,0.0,0.0,0.0,0.0
152,698.980261,100.0,120.0,100.0,378.98026,0.0,100.0,120.0,100.0,600.0,1000.0,41.6,41.6,18255.578816,50.0,25.471999,64.281888,29077.578866,0.0,0.0,0.0,0.0,0.0
153,704.226992,150.0,120.0,100.0,334.22699,0.0,150.0,120.0,100.0,600.0,1000.0,41.6,41.6,16443.842784,50.0,44.75327,1181.486328,29295.842859,0.0,0.0,0.0,0.0,0.0
154,711.123754,250.0,105.0,100.0,256.12375,0.0,250.0,105.0,100.0,600.0,1000.0,41.6,41.6,13264.748,100.0,93.10324,2061.925536,29582.74815,0.0,0.0,0.0,0.0,0.0
155,721.811881,300.0,105.0,100.0,216.81188,0.0,300.0,105.0,100.0,600.0,1000.0,41.6,41.6,11679.374208,50.0,39.31187,1037.833368,30027.374233,0.0,0.0,0.0,0.0,0.0
156,718.734293,375.0,90.0,100.0,153.73429,0.0,375.0,90.0,100.0,600.0,1000.0,28.4,41.6,9100.346464,75.0,78.07759,1665.248376,20412.053933,0.0,0.0,0.0,0.0,0.0
157,716.110928,450.0,12.376634,100.0,153.73429,0.0,450.0,90.0,100.0,600.0,1000.0,2.0,41.6,9020.099732,75.0,77.623366,0.0,1432.221856,0.0,0.0,0.0,0.0,77.623366
158,707.054293,350.0,90.0,100.0,167.05429,0.0,350.0,90.0,100.0,600.0,1000.0,41.6,41.6,9629.458464,90.943366,100.0,351.648,29413.458597,0.0,0.0,0.0,0.0,0.0
159,702.169087,300.0,75.0,100.0,227.16909,0.0,300.0,75.0,100.0,600.0,1000.0,41.6,41.6,12050.234144,60.1148,65.0,1587.03072,29210.234003,0.0,0.0,0.0,0.0,0.0
160,708.027626,250.0,75.0,100.0,283.02763,0.0,250.0,75.0,100.0,600.0,1000.0,41.6,41.6,14323.949408,55.85854,50.0,1474.665456,29453.949258,0.0,0.0,0.0,0.0,0.0
161,729.839563,200.0,60.0,100.0,369.83956,0.0,200.0,60.0,100.0,600.0,1000.0,41.6,41.6,17855.325696,86.81193,65.0,2291.834952,30361.325829,0.0,0.0,0.0,0.0,0.0
162,727.281087,150.0,45.0,100.0,432.28109,0.0,150.0,45.0,100.0,600.0,1000.0,41.6,41.6,20372.893344,62.44153,65.0,1648.456392,30254.893219,0.0,0.0,0.0,0.0,0.0
163,709.881595,50.0,60.0,100.0,499.88159,0.0,50.0,60.0,100.0,600.0,1000.0,60.0,41.6,23115.074144,82.6005,100.0,1784.6532,42592.895676,0.0,0.0,0.0,0.0,0.0
164,673.219372,0.0,60.0,100.0,499.88159,13.337778,0.0,60.0,100.0,600.0,1000.0,76.0,76.0,24078.745272,13.337778,50.0,0.0,51164.672287,0.0,0.0,0.0,0.0,0.0
165,642.934801,0.0,90.0,100.0,452.9348,0.0,0.0,90.0,100.0,600.0,1000.0,41.6,41.6,21172.08768,30.0,60.284568,1239.395256,26746.08773,0.0,0.0,0.0,0.0,0.0
166,617.92477,0.0,120.0,100.0,397.92477,0.0,0.0,120.0,100.0,600.0,1000.0,41.6,41.6,18943.670432,30.0,55.01003,1452.264792,25705.670415,0.0,0.0,0.0,0.0,0.0
167,571.260388,0.0,150.0,100.0,321.26039,0.0,0.0,150.0,100.0,600.0,1000.0,41.6,41.6,15814.432224,30.0,76.66438,2023.939632,23764.432149,0.0,0.0,0.0,0.0,0.0
168,536.656071,0.0,200.32876,100.0,236.32731,0.0,0.0,225.0,100.0,600.0,1000.0,2.0,41.6,12381.873616,50.32876,84.93308,2242.233312,1073.312142,0.0,0.0,0.0,0.0,24.67124
169,516.327309,0.0,180.0,100.0,236.32731,0.0,0.0,180.0,100.0,600.0,1000.0,28.4,41.6,12341.216096,0.0,20.32876,0.0,14663.695576,0.0,0.0,0.0,0.0,0.0
170,510.338992,0.0,150.0,100.0,260.33899,0.0,0.0,150.0,100.0,600.0,1000.0,41.6,41.6,13280.101984,24.01168,30.0,633.908352,21230.102051,0.0,0.0,0.0,0.0,0.0
171,515.724769,0.0,135.0,100.0,280.72477,0.0,0.0,135.0,100.0,600.0,1000.0,41.6,41.6,14098.150432,20.38578,15.0,538.184592,21454.150399,0.0,0.0,0.0,0.0,0.0
172,527.35842,0.0,135.0,100.0,292.35842,0.0,0.0,135.0,100.0,600.0,1000.0,41.6,41.6,14582.110272,11.63365,0.0,307.12836,21938.110272,0.0,0.0,0.0,0.0,0.0
173,552.989531,0.0,135.0,100.0,317.98953,0.0,0.0,135.0,100.0,600.0,1000.0,41.6,41.6,15648.364448,25.63111,0.0,676.661304,23004.364506,0.0,0.0,0.0,0.0,0.0
174,622.096198,0.0,120.0,100.0,402.0962,0.0,0.0,120.0,100.0,600.0,1000.0,60.0,41.6,19117.20192,84.10667,15.0,2220.416088,37325.771856,0.0,0.0,0.0,0.0,0.0
175,687.124135,50.0,120.0,100.0,402.0962,15.027937,50.0,120.0,100.0,600.0,1000.0,76.0,76.0,20309.325132,65.027937,0.0,0.0,52221.43423,0.0,0.0,0.0,0.0,0.0
176,702.808706,100.0,120.0,100.0,382.80871,0.0,100.0,120.0,100.0,600.0,1000.0,41.6,41.6,18414.842336,50.0,34.315427,509.189736,29236.842161,0.0,0.0,0.0,0.0,0.0
177,700.769341,150.0,120.0,100.0,330.76934,0.0,150.0,120.0,100.0,600.0,1000.0,41.6,41.6,16300.004544,50.0,52.03937,1373.839368,29152.004569,0.0,0.0,0.0,0.0,0.0
178,710.72515,250.0,105.0,100.0,255.72515,0.0,250.0,105.0,100.0,600.0,1000.0,41.6,41.6,13248.16624,100.0,90.04419,1981.166616,29566.166248,0.0,0.0,0.0,0.0,0.0
179,727.438674,300.0,105.0,100.0,222.43867,0.0,300.0,105.0,100.0,600.0,1000.0,41.6,41.6,11913.448672,50.0,33.28648,878.763072,30261.448838,0.0,0.0,0.0,0.0,0.0
180,724.073722,375.0,90.0,100.0,159.07372,0.0,375.0,90.0,100.0,600.0,1000.0,28.4,41.6,9322.466752,75.0,78.36495,1672.83468,20563.693693,0.0,0.0,0.0,0.0,0.0
181,720.801468,450.0,11.727746,100.0,159.07372,0.0,450.0,90.0,100.0,600.0,1000.0,2.0,41.6,9240.922244,75.0,78.272254,0.0,1441.602936,0.0,0.0,0.0,0.0,78.272254
182,712.579118,350.0,90.0,100.0,172.57912,0.0,350.0,90.0,100.0,600.0,1000.0,41.6,41.6,9859.291392,91.777654,100.0,356.54256,29643.291325,0.0,0.0,0.0,0.0,0.0
183,708.797023,300.0,75.0,100.0,233.79702,0.0,300.0,75.0,100.0,600.0,1000.0,41.6,41.6,12325.956032,61.2179,65.0,1616.15256,29485.956165,0.0,0.0,0.0,0.0,0.0
184,710.437785,250.0,75.0,100.0,285.43778,0.0,250.0,75.0,100.0,600.0,1000.0,41.6,41.6,14424.211648,51.64076,50.0,1363.316064,29554.211856,0.0,0.0,0.0,0.0,0.0
185,731.971627,200.0,60.0,100.0,371.97163,0.0,200.0,60.0,100.0,600.0,1000.0,41.6,41.6,17944.019808,86.53385,65.0,2284.49364,30450.019667,0.0,0.0,0.0,0.0,0.0
186,729.45023,150.0,45.0,100.0,434.45023,0.0,150.0,45.0,100.0,600.0,1000.0,41.6,41.6,20463.129568,62.4786,65.0,1649.43504,30345.12956,0.0,0.0,0.0,0.0,0.0
187,711.346229,50.0,60.0,100.0,501.34623,0.0,50.0,60.0,100.0,600.0,1000.0,60.0,41.6,23176.003168,81.896,100.0,1766.0544,42680.773764,0.0,0.0,0.0,0.0,0.0
188,676.639944,0.0,60.0,100.0,501.34623,15.293715,0.0,60.0,100.0,600.0,1000.0,76.0,76.0,24288.325508,15.293715,50.0,0.0,51424.635744,0.0,0.0,0.0,0.0,0.0
189,647.10623,0.0,90.0,100.0,457.10623,0.0,0.0,90.0,100.0,600.0,1000.0,41.6,41.6,21345.619168,30.0,59.533715,1167.936,26919.61916,0.0,0.0,0.0,0.0,0.0
190,624.738103,0.0,120.0,100.0,404.7381,0.0,0.0,120.0,100.0,600.0,1000.0,41.6,41.6,19227.10496,30.0,52.36813,1382.518632,25989.105068,0.0,0.0,0.0,0.0,0.0
191,576.377341,0.0,150.0,100.0,326.37734,0.0,0.0,150.0,100.0,600.0,1000.0,41.6,41.6,16027.297344,30.0,78.36076,2068.724064,23977.297369,0.0,0.0,0.0,0.0,0.0
192,541.615436,0.0,196.49105,100.0,245.12439,0.0,0.0,225.0,100.0,600.0,1000.0,2.0,41.6,12740.156724,46.49105,81.25295,2145.07788,1083.230872,0.0,0.0,0.0,0.0,28.50895
193,525.124388,0.0,180.0,100.0,245.12439,0.0,0.0,180.0,100.0,600.0,1000.0,28.4,41.6,12707.174624,0.0,16.49105,0.0,14913.532631,0.0,0.0,0.0,0.0,0.0
194,517.384071,0.0,150.0,100.0,267.38407,0.0,0.0,150.0,100.0,600.0,1000.0,41.6,41.6,13573.177312,22.25968,30.0,587.655552,21523.177354,0.0,0.0,0.0,0.0,0.0
195,521.49988,0.0,135.0,100.0,286.49988,0.0,0.0,135.0,100.0,600.0,1000.0,41.6,41.6,14338.395008,19.11581,15.0,504.657384,21694.395016,0.0,0.0,0.0,0.0,0.0
196,536.980516,0.0,135.0,100.0,301.98052,0.0,0.0,135.0,100.0,600.0,1000.0,41.6,41.6,14982.389632,15.48064,0.0,408.688896,22338.389449,0.0,0.0,0.0,0.0,0.0
197,564.16896,0.0,135.0,100.0,329.16896,0.0,0.0,135.0,100.0,600.0,1000.0,41.6,41.6,16113.428736,27.18844,0.0,717.774816,23469.428736,0.0,0.0,0.0,0.0,0.0
198,634.517785,0.0,120.0,100.0,414.51779,0.0,0.0,120.0,100.0,600.0,1000.0,60.0,41.6,19633.940064,85.34883,15.0,2253.209112,38071.067112,0.0,0.0,0.0,0.0,0.0
199,699.341785,50.0,120.0,100.0,414.51779,14.824,50.0,120.0,100.0,600.0,1000.0,76.0,76.0,20810.564064,64.824,0.0,0.0,53149.975675,0.0,0.0,0.0,0.0,0.0
200,722.785214,100.0,120.0,100.0,402.78521,0.0,100.0,120.0,100.0,600.0,1000.0,41.6,41.6,19245.864736,50.0,26.55658,309.740112,30067.864894,0.0,0.0,0.0,0.0,0.0
201,718.400579,150.0,120.0,100.0,348.40058,0.0,150.0,120.0,100.0,600.0,1000.0,41.6,41.6,17033.464128,50.0,54.38463,1435.754232,29885.464078,0.0,0.0,0.0,0.0,0.0
202,726.919563,250.0,105.0,100.0,271.91956,0.0,250.0,105.0,100.0,600.0,1000.0,41.6,41.6,13921.853696,100.0,91.48102,2019.098928,30239.853821,0.0,0.0,0.0,0.0,0.0
203,739.758293,300.0,105.0,100.0,234.75829,0.0,300.0,105.0,100.0,600.0,1000.0,41.6,41.6,12425.944864,50.0,37.16127,981.057528,30773.945005,0.0,0.0,0.0,0.0,0.0
204,732.555626,375.0,90.0,100.0,167.55563,0.0,375.0,90.0,100.0,600.0,1000.0,28.4,41.6,9675.314208,75.0,82.20266,1774.150224,20804.57979,0.0,0.0,0.0,0.0,0.0
205,730.544071,450.0,12.988444,100.0,167.55563,0.0,450.0,90.0,100.0,600.0,1000.0,2.0,41.6,9596.291096,75.0,77.011556,0.0,1461.088141,0.0,0.0,0.0,0.0,77.011556
206,721.561595,350.0,90.0,100.0,181.56159,0.0,350.0,90.0,100.0,600.0,1000.0,41.6,41.6,10232.962144,91.017516,100.0,369.757344,30016.962344,0.0,0.0,0.0,0.0,0.0
207,715.601087,300.0,75.0,100.0,240.60109,0.0,300.0,75.0,100.0,600.0,1000.0,41.6,41.6,12609.005344,59.0395,65.0,1558.6428,29769.005211,0.0,0.0,0.0,0.0,0.0
208,717.436516,250.0,75.0,100.0,292.43652,0.0,250.0,75.0,100.0,600.0,1000.0,41.6,41.6,14715.359232,51.83543,50.0,1368.455352,29845.359049,0.0,0.0,0.0,0.0,0.0
209,733.176706,200.0,60.0,100.0,373.17671,0.0,200.0,60.0,100.0,600.0,1000.0,41.6,41.6,17994.151136,80.74019,65.0,2131.541016,30500.150953,0.0,0.0,0.0,0.0,0.0
210,725.862801,150.0,45.0,100.0,430.8628,0.0,150.0,45.0,100.0,600.0,1000.0,41.6,41.6,20313.89248,57.68609,65.0,1522.912776,30195.892522,0.0,0.0,0.0,0.0,0.0
211,704.458738,50.0,60.0,100.0,494.45874,0.0,50.0,60.0,100.0,600.0,1000.0,60.0,41.6,22889.483584,78.59594,100.0,1678.932816,42267.524256,0.0,0.0,0.0,0.0,0.0
212,665.367817,0.0,60.0,100.0,494.45874,10.90908,0.0,60.0,100.0,600.0,1000.0,76.0,76.0,23668.573664,10.90908,50.0,0.0,50567.954107,0.0,0.0,0.0,0.0,0.0
213,632.756515,0.0,90.0,100.0,442.75652,0.0,0.0,90.0,100.0,600.0,1000.0,41.6,41.6,20748.671232,30.0,62.6113,1364.938608,26322.671032,0.0,0.0,0.0,0.0,0.0
214,609.999055,0.0,120.0,100.0,389.99906,0.0,0.0,120.0,100.0,600.0,1000.0,41.6,41.6,18613.960896,30.0,52.75746,1392.796944,25375.960696,0.0,0.0,0.0,0.0,0.0
215,562.426229,0.0,150.0,100.0,312.42623,0.0,0.0,150.0,100.0,600.0,1000.0,41.6,41.6,15446.931168,30.0,77.57283,2047.922712,23396.931143,0.0,0.0,0.0,0.0,0.0
216,530.055944,0.0,196.37981,100.0,233.67613,0.0,0.0,225.0,100.0,600.0,1000.0,2.0,41.6,12263.686628,46.37981,78.7501,2079.00264,1060.111888,0.0,0.0,0.0,0.0,28.62019
217,513.676135,0.0,180.0,100.0,233.67613,0.0,0.0,180.0,100.0,600.0,1000.0,28.4,41.6,12230.927008,0.0,16.37981,0.0,14588.402223,0.0,0.0,0.0,0.0,0.0
218,505.045912,0.0,150.0,100.0,255.04591,0.0,0.0,150.0,100.0,600.0,1000.0,41.6,41.6,13059.909856,21.36978,30.0,564.162192,21009.909948,0.0,0.0,0.0,0.0,0.0
219,508.438674,0.0,135.0,100.0,273.43867,0.0,0.0,135.0,100.0,600.0,1000.0,41.6,41.6,13795.048672,18.39276,15.0,485.568864,21151.048838,0.0,0.0,0.0,0.0,0.0
220,515.780389,0.0,135.0,100.0,280.78039,0.0,0.0,135.0,100.0,600.0,1000.0,41.6,41.6,14100.464224,7.34172,0.0,193.821408,21456.464166,0.0,0.0,0.0,0.0,0.0
221,539.863436,0.0,135.0,100.0,304.86344,0.0,0.0,135.0,100.0,600.0,1000.0,41.6,41.6,15102.319104,24.08305,0.0,635.79252,22458.318929,0.0,0.0,0.0,0.0,0.0
222,609.452134,0.0,120.0,100.0,389.45213,0.0,0.0,120.0,100.0,600.0,1000.0,60.0,41.6,18591.208608,84.58869,15.0,2233.141416,36567.128052,0.0,0.0,0.0,0.0,0.0
223,678.503182,50.0,120.0,100.0,389.45213,19.051048,50.0,120.0,100.0,600.0,1000.0,76.0,76.0,20089.088256,69.051048,0.0,0.0,51566.241847,0.0,0.0,0.0,0.0,0.0
224,700.24096,100.0,120.0,100.0,380.24096,0.0,100.0,120.0,100.0,600.0,1000.0,41.6,41.6,18308.023936,50.0,28.262218,243.174888,29130.023919,0.0,0.0,0.0,0.0,0.0
225,700.713722,150.0,120.0,100.0,330.71372,0.0,150.0,120.0,100.0,600.0,1000.0,41.6,41.6,16297.690752,50.0,49.52724,1307.519136,29149.690827,0.0,0.0,0.0,0.0,0.0
226,707.156261,250.0,105.0,100.0,252.15626,0.0,250.0,105.0,100.0,600.0,1000.0,41.6,41.6,13099.700416,100.0,93.55746,2073.916944,29417.700474,0.0,0.0,0.0,0.0,0.0
227,715.322992,300.0,105.0,100.0,210.32299,0.0,300.0,105.0,100.0,600.0,1000.0,41.6,41.6,11409.436384,50.0,41.83327,1104.398328,29757.436451,0.0,0.0,0.0,0.0,0.0
228,711.540896,375.0,90.0,100.0,146.5409,0.0,375.0,90.0,100.0,600.0,1000.0,28.4,41.6,8801.10144,75.0,78.78209,1683.847176,20207.761458,0.0,0.0,0.0,0.0,0.0
229,708.834103,450.0,12.293206,100.0,146.5409,0.0,450.0,90.0,100.0,600.0,1000.0,2.0,41.6,8720.687852,75.0,77.706794,0.0,1417.668205,0.0,0.0,0.0,0.0,77.706794
230,705.061277,350.0,90.0,100.0,165.06128,0.0,350.0,90.0,100.0,600.0,1000.0,41.6,41.6,9546.549248,96.227174,100.0,488.938032,29330.54914,0.0,0.0,0.0,0.0,0.0
231,704.134293,300.0,75.0,100.0,229.13429,0.0,300.0,75.0,100.0,600.0,1000.0,41.6,41.6,12131.986464,64.07301,65.0,1691.527464,29291.986589,0.0,0.0,0.0,0.0,0.0
232,708.175944,250.0,75.0,100.0,283.17594,0.0,250.0,75.0,100.0,600.0,1000.0,41.6,41.6,14330.119104,54.04165,50.0,1426.69956,29460.11927,0.0,0.0,0.0,0.0,0.0
233,730.979753,200.0,60.0,100.0,370.97975,0.0,200.0,60.0,100.0,600.0,1000.0,41.6,41.6,17902.7576,87.80381,65.0,2318.020584,30408.757741,0.0,0.0,0.0,0.0,0.0
234,728.30077,150.0,45.0,100.0,433.30077,0.0,150.0,45.0,100.0,600.0,1000.0,41.6,41.6,20415.312032,62.32102,65.0,1645.274928,30297.312015,0.0,0.0,0.0,0.0,0.0
235,713.876896,50.0,60.0,100.0,503.8769,0.0,50.0,60.0,100.0,600.0,1000.0,60.0,41.6,23281.27904,85.57613,100.0,1863.209832,42832.613772,0.0,0.0,0.0,0.0,0.0
236,679.838039,0.0,60.0,100.0,503.8769,15.961143,0.0,60.0,100.0,600.0,1000.0,76.0,76.0,24444.325908,15.961143,50.0,0.0,51667.690994,0.0,0.0,0.0,0.0,0.0
237,649.590547,0.0,90.0,100.0,459.59055,0.0,0.0,90.0,100.0,600.0,1000.0,41.6,41.6,21448.96688,30.0,60.247493,1169.15964,27022.966764,0.0,0.0,0.0,0.0,0.0
238,629.252515,0.0,120.0,100.0,409.25252,0.0,0.0,120.0,100.0,600.0,1000.0,41.6,41.6,19414.904832,30.0,50.33803,1328.923992,26176.904632,0.0,0.0,0.0,0.0,0.0
239,584.859245,0.0,150.0,100.0,334.85925,0.0,0.0,150.0,100.0,600.0,1000.0,41.6,41.6,16380.1448,30.0,74.39327,1963.982328,24330.144609,0.0,0.0,0.0,0.0,0.0
240,554.760071,0.0,199.38324,100.0,255.37683,0.0,0.0,225.0,100.0,600.0,1000.0,2.0,41.6,13172.442608,49.38324,79.48242,2098.335888,1109.520142,0.0,0.0,0.0,0.0,25.61676
241,535.376833,0.0,180.0,100.0,255.37683,0.0,0.0,180.0,100.0,600.0,1000.0,28.4,41.6,13133.676128,0.0,19.38324,0.0,15204.702046,0.0,0.0,0.0,0.0,0.0
242,524.243753,0.0,150.0,100.0,274.24375,0.0,0.0,150.0,100.0,600.0,1000.0,41.6,41.6,13858.54,18.86692,30.0,498.086688,21808.540141,0.0,0.0,0.0,0.0,0.0
243,524.253023,0.0,135.0,100.0,289.25302,0.0,0.0,135.0,100.0,600.0,1000.0,41.6,41.6,14452.925632,15.00927,15.0,396.244728,21808.925773,0.0,0.0,0.0,0.0,0.0
244,530.945849,0.0,135.0,100.0,295.94585,0.0,0.0,135.0,100.0,600.0,1000.0,41.6,41.6,14731.34736,6.69283,0.0,176.690712,22087.34731,0.0,0.0,0.0,0.0,0.0
245,552.980261,0.0,135.0,100.0,317.98026,0.0,0.0,135.0,100.0,600.0,1000.0,41.6,41.6,15647.978816,22.03441,0.0,581.708424,23003.978874,0.0,0.0,0.0,0.0,0.0
246,618.592198,0.0,120.0,100.0,398.5922,0.0,0.0,120.0,100.0,600.0,1000.0,60.0,41.6,18971.43552,80.61194,15.0,2128.155216,37115.531856,0.0,0.0,0.0,0.0,0.0
247,685.761468,50.0,120.0,100.0,398.5922,17.16927,50.0,120.0,100.0,600.0,1000.0,76.0,76.0,20326.30004,67.16927,0.0,0.0,52117.871568,0.0,0.0,0.0,0.0,0.0
248,710.688071,100.0,120.0,100.0,390.68807,0.0,100.0,120.0,100.0,600.0,1000.0,41.6,41.6,18742.623712,50.0,25.0734,208.669032,29564.623745,0.0,0.0,0.0,0.0,0.0
249,707.944198,150.0,120.0,100.0,337.9442,0.0,150.0,120.0,100.0,600.0,1000.0,41.6,41.6,16598.47872,50.0,52.74387,1392.438168,29450.47862,0.0,0.0,0.0,0.0,0.0
250,715.146865,250.0,105.0,100.0,260.14686,0.0,250.0,105.0,100.0,600.0,1000.0,41.6,41.6,13432.109376,100.0,92.79734,2053.849776,29750.109567,0.0,0.0,0.0,0.0,0.0
251,722.896452,300.0,105.0,100.0,217.89645,0.0,300.0,105.0,100.0,600.0,1000.0,41.6,41.6,11724.49232,50.0,42.25041,1115.410824,30072.492403,0.0,0.0,0.0,0.0,0.0
252,718.446928,375.0,90.0,100.0,153.44693,0.0,375.0,90.0,100.0,600.0,1000.0,41.6,41.6,9088.392288,75.0,79.44952,1701.467328,29887.392213,0.0,0.0,0.0,0.0,0.0
253,705.589658,450.0,3.209524,100.0,152.38013,0.0,450.0,90.0,100.0,600.0,1000.0,2.0,41.6,8945.432456,75.0,87.857276,28.16352,1411.179317,0.0,0.0,0.0,0.0,86.790476
254,692.380135,350.0,90.0,100.0,152.38013,0.0,350.0,90.0,100.0,600.0,1000.0,28.4,41.6,9019.013408,86.790476,100.0,0.0,19663.595823,0.0,0.0,0.0,0.0,0.0
255,687.170483,300.0,75.0,100.0,212.17048,0.0,300.0,75.0,100.0,600.0,1000.0,41.6,41.6,11426.291968,59.79035,65.0,1578.46524,28586.292109,0.0,0.0,0.0,0.0,0.0
256,694.753214,250.0,75.0,100.0,269.75321,0.0,250.0,75.0,100.0,600.0,1000.0,41.6,41.6,13771.733536,57.58273,50.0,1520.184072,28901.733694,0.0,0.0,0.0,0.0,0.0
257,723.841976,200.0,60.0,100.0,363.84198,0.0,200.0,60.0,100.0,600.0,1000.0,41.6,41.6,17605.826368,94.08877,65.0,2483.943528,30111.826193,0.0,0.0,0.0,0.0,0.0
258,719.327563,150.0,45.0,100.0,424.32756,0.0,150.0,45.0,100.0,600.0,1000.0,41.6,41.6,20042.026496,60.48558,65.0,1596.819312,29924.026629,0.0,0.0,0.0,0.0,0.0
259,699.202738,50.0,60.0,100.0,489.20274,0.0,50.0,60.0,100.0,600.0,1000.0,60.0,41.6,22670.833984,79.87518,100.0,1712.704752,41952.164256,0.0,0.0,0.0,0.0,0.0
260,661.11296,0.0,60.0,100.0,489.20274,11.910222,0.0,60.0,100.0,600.0,1000.0,76.0,76.0,23526.010856,11.910222,50.0,0.0,50244.584945,0.0,0.0,0.0,0.0,0.0
261,633.04388,0.0,90.0,100.0,443.04388,0.0,0.0,90.0,100.0,600.0,1000.0,41.6,41.6,20760.625408,30.0,58.069082,1218.593904,26334.625425,0.0,0.0,0.0,0.0,0.0
262,618.249214,0.0,120.0,100.0,398.24921,0.0,0.0,120.0,100.0,600.0,1000.0,41.6,41.6,18957.167136,30.0,44.79467,1182.579288,25719.167286,0.0,0.0,0.0,0.0,0.0
263,586.592706,0.0,150.0,100.0,336.59271,0.0,0.0,150.0,100.0,600.0,1000.0,41.6,41.6,16452.256736,30.0,61.6565,1627.7316,24402.25657,0.0,0.0,0.0,0.0,0.0
264,557.021912,0.0,202.70184,100.0,254.32007,0.0,0.0,225.0,100.0,600.0,1000.0,2.0,41.6,13135.118592,52.70184,82.27264,2171.997696,1114.043825,0.0,0.0,0.0,0.0,22.29816
265,534.320071,0.0,180.0,100.0,254.32007,0.0,0.0,180.0,100.0,600.0,1000.0,28.4,41.6,13089.714912,0.0,22.70184,0.0,15174.690005,0.0,0.0,0.0,0.0,0.0
266,517.99588,0.0,150.0,100.0,267.99588,0.0,0.0,150.0,100.0,600.0,1000.0,41.6,41.6,13598.628608,13.67581,30.0,361.041384,21548.628616,0.0,0.0,0.0,0.0,0.0
267,512.545214,0.0,135.0,100.0,275.17213,2.373079,0.0,135.0,100.0,600.0,1000.0,76.0,76.0,14047.514627,9.549329,15.0,189.453,38953.436249,0.0,0.0,0.0,0.0,0.0
268,510.172135,0.0,135.0,100.0,275.17213,0.0,0.0,135.0,100.0,600.0,1000.0,60.0,41.6,13867.160608,0.0,2.373079,0.0,30610.328076,0.0,0.0,0.0,0.0,0.0
269,503.108515,0.0,135.0,100.0,268.10852,0.0,0.0,135.0,100.0,600.0,1000.0,7.2,41.6,13573.314432,0.0,7.06361,186.479304,3622.381309,0.0,0.0,0.0,0.0,0.0
270,500.355373,0.0,120.0,100.0,268.10852,12.246857,0.0,120.0,100.0,600.0,1000.0,76.0,76.0,14474.075564,12.246857,15.0,0.0,38027.008318,0.0,0.0,0.0,0.0,0.0
271,531.390801,50.0,120.0,100.0,261.3908,0.0,50.0,120.0,100.0,600.0,1000.0,41.6,41.6,13313.85728,50.0,18.964577,177.347808,22105.857322,0.0,0.0,0.0,0.0,0.0
272,565.985849,100.0,120.0,100.0,245.98585,0.0,100.0,120.0,100.0,600.0,1000.0,41.6,41.6,12723.01136,50.0,15.40495,406.69068,23545.01131,0.0,0.0,0.0,0.0,0.0
273,590.652896,150.0,120.0,100.0,220.6529,0.0,150.0,120.0,100.0,600.0,1000.0,41.6,41.6,11719.16064,50.0,25.33295,668.78988,24571.16049,0.0,0.0,0.0,0.0,0.0
274,607.996769,250.0,105.0,100.0,152.99677,0.0,250.0,105.0,100.0,600.0,1000.0,41.6,41.6,8974.665632,100.0,82.65613,1786.121832,25292.665607,0.0,0.0,0.0,0.0,0.0
275,617.405658,300.0,105.0,100.0,112.40566,0.0,300.0,105.0,100.0,600.0,1000.0,41.6,41.6,7336.075456,50.0,40.59111,1071.605304,25684.075373,0.0,0.0,0.0,0.0,0.0
276,613.577214,375.0,90.0,100.0,48.577214,0.0,375.0,90.0,100.0,600.0,1000.0,41.6,41.6,4725.812102,75.0,78.828446,1685.070974,25524.812102,0.0,0.0,0.0,0.0,0.0
277,596.418737,450.0,2.273269,100.0,44.145468,0.0,450.0,90.0,100.0,600.0,1000.0,2.0,41.6,4440.998008,75.0,92.158477,116.998094,1192.837475,0.0,0.0,0.0,0.0,87.726731
278,584.145468,350.0,90.0,100.0,44.145468,0.0,350.0,90.0,100.0,600.0,1000.0,28.4,41.6,4516.451469,87.726731,100.0,0.0,16589.731291,0.0,0.0,0.0,0.0,0.0
279,583.255563,300.0,75.0,100.0,108.25556,0.0,300.0,75.0,100.0,600.0,1000.0,41.6,41.6,7103.431296,64.110092,65.0,1692.506429,24263.431421,0.0,0.0,0.0,0.0,0.0
280,593.202103,250.0,75.0,100.0,168.2021,0.0,250.0,75.0,100.0,600.0,1000.0,41.6,41.6,9547.20736,59.94654,50.0,1582.588656,24677.207468,0.0,0.0,0.0,0.0,0.0
281,634.035754,200.0,60.0,100.0,274.03575,0.0,200.0,60.0,100.0,600.0,1000.0,41.6,41.6,13869.8872,105.83365,65.0,2794.00836,26375.88735,0.0,0.0,0.0,0.0,0.0
282,642.350801,150.0,45.0,100.0,347.3508,0.0,150.0,45.0,100.0,600.0,1000.0,41.6,41.6,16839.79328,73.31505,65.0,1935.51732,26721.793313,0.0,0.0,0.0,0.0,0.0
283,626.944325,50.0,60.0,100.0,416.94432,0.0,50.0,60.0,100.0,600.0,1000.0,60.0,41.6,19664.883712,84.59352,100.0,1837.268928,37616.659488,0.0,0.0,0.0,0.0,0.0
284,591.357404,0.0,60.0,100.0,416.94432,14.41308,0.0,60.0,100.0,600.0,1000.0,76.0,76.0,20710.277792,14.41308,50.0,0.0,44943.162734,0.0,0.0,0.0,0.0,0.0
285,573.763246,0.0,90.0,100.0,383.76325,0.0,0.0,90.0,100.0,600.0,1000.0,41.6,41.6,18294.5512,30.0,47.59415,875.980248,23868.551017,0.0,0.0,0.0,0.0,0.0
286,575.505976,0.0,120.0,100.0,355.50598,0.0,0.0,120.0,100.0,600.0,1000.0,41.6,41.6,17179.048768,30.0,28.25727,745.991928,23941.048585,0.0,0.0,0.0,0.0,0.0
287,552.665087,0.0,150.0,100.0,302.66509,0.0,0.0,150.0,100.0,600.0,1000.0,41.6,41.6,15040.867744,30.0,52.84089,1394.999496,22990.867611,0.0,0.0,0.0,0.0,0.0
288,527.089595,0.0,202.58133,100.0,224.50826,0.0,0.0,225.0,100.0,600.0,1000.0,2.0,41.6,11894.706276,52.58133,78.15683,2063.340312,1054.17919,0.0,0.0,0.0,0.0,22.41867
289,504.508261,0.0,180.0,100.0,224.50826,0.0,0.0,180.0,100.0,600.0,1000.0,28.4,41.6,11849.543616,0.0,22.58133,0.0,14328.034618,0.0,0.0,0.0,0.0,0.0
290,493.189785,0.0,150.0,100.0,243.18979,0.0,0.0,150.0,100.0,600.0,1000.0,41.6,41.6,12566.695264,18.68153,30.0,493.192392,20516.695056,0.0,0.0,0.0,0.0,0.0
291,485.050865,0.0,135.0,100.0,246.09264,3.958222,0.0,135.0,100.0,600.0,1000.0,76.0,76.0,12958.278711,6.861072,15.0,76.63524,36863.865725,0.0,0.0,0.0,0.0,0.0
292,481.092643,0.0,135.0,100.0,246.09264,0.0,0.0,135.0,100.0,600.0,1000.0,60.0,41.6,12657.453824,0.0,3.958222,0.0,28865.558556,0.0,0.0,0.0,0.0,0.0
293,471.183182,0.0,135.0,100.0,236.18318,0.0,0.0,135.0,100.0,600.0,1000.0,7.2,41.6,12245.220288,0.0,9.90946,261.609744,3392.518909,0.0,0.0,0.0,0.0,0.0
294,458.066357,0.0,120.0,100.0,236.18318,1.883175,0.0,120.0,100.0,600.0,1000.0,76.0,76.0,12358.341588,1.883175,15.0,0.0,34813.043117,0.0,0.0,0.0,0.0,0.0
295,470.293277,50.0,120.0,100.0,200.29328,0.0,50.0,120.0,100.0,600.0,1000.0,41.6,41.6,10772.200448,50.0,37.773075,947.49336,19564.20034,0.0,0.0,0.0,0.0,0.0
296,491.465595,100.0,120.0,100.0,171.4656,0.0,100.0,120.0,100.0,600.0,1000.0,41.6,41.6,9622.96896,50.0,28.82768,761.050752,20444.968752,0.0,0.0,0.0,0.0,0.0
297,522.482483,150.0,120.0,100.0,152.48248,0.0,150.0,120.0,100.0,600.0,1000.0,41.6,41.6,8883.271168,50.0,18.98312,501.154368,21735.271309,0.0,0.0,0.0,0.0,0.0
298,550.013912,250.0,105.0,100.0,95.013912,0.0,250.0,105.0,100.0,600.0,1000.0,41.6,41.6,6562.578739,100.0,72.468568,1517.170195,22880.578756,0.0,0.0,0.0,0.0,0.0
299,574.755119,300.0,105.0,100.0,69.755119,0.0,300.0,105.0,100.0,600.0,1000.0,41.6,41.6,5561.81295,50.0,25.258793,666.832135,23909.812942,0.0,0.0,0.0,0.0,0.0
300,578.16642,375.0,90.0,100.0,13.16642,0.0,375.0,90.0,100.0,600.0,1000.0,41.6,41.6,3252.723072,75.0,71.588699,1493.941654,24051.723072,0.0,0.0,0.0,0.0,0.0
301,561.953468,450.0,3.932572,100.0,8.020896,0.0,450.0,90.0,100.0,600.0,1000.0,2.0,41.6,2941.534417,75.0,91.212952,135.841834,1123.906936,0.0,0.0,0.0,0.0,86.067428
302,548.020896,350.0,90.0,100.0,8.020896,0.0,350.0,90.0,100.0,600.0,1000.0,28.4,41.6,3013.669274,86.067428,100.0,0.0,15563.793446,0.0,0.0,0.0,0.0,0.0
303,546.139118,300.0,75.0,100.0,71.139118,0.0,300.0,75.0,100.0,600.0,1000.0,41.6,41.6,5559.387309,63.118222,65.0,1666.321061,22719.387325,0.0,0.0,0.0,0.0,0.0
304,560.396134,250.0,75.0,100.0,135.39613,0.0,250.0,75.0,100.0,600.0,1000.0,41.6,41.6,8182.479008,64.257012,50.0,1696.385117,23312.479183,0.0,0.0,0.0,0.0,0.0
305,601.600579,200.0,60.0,100.0,241.60058,0.0,200.0,60.0,100.0,600.0,1000.0,41.6,41.6,12520.584128,106.20445,65.0,2803.79748,25026.58407,0.0,0.0,0.0,0.0,0.0
306,617.192452,150.0,45.0,100.0,322.19245,0.0,150.0,45.0,100.0,600.0,1000.0,41.6,41.6,15793.20592,80.59187,65.0,2127.625368,25675.205987,0.0,0.0,0.0,0.0,0.0
307,605.206547,50.0,60.0,100.0,395.20655,0.0,50.0,60.0,100.0,600.0,1000.0,60.0,41.6,18760.59248,88.0141,100.0,1927.57224,36312.392808,0.0,0.0,0.0,0.0,0.0
308,582.912579,0.0,60.0,100.0,395.20655,27.706032,0.0,60.0,100.0,600.0,1000.0,76.0,76.0,20816.250912,27.706032,50.0,0.0,44301.356004,0.0,0.0,0.0,0.0,0.0
309,573.49442,0.0,90.0,100.0,383.49442,0.0,0.0,90.0,100.0,600.0,1000.0,41.6,41.6,18283.367872,30.0,39.418162,309.200232,23857.367889,0.0,0.0,0.0,0.0,0.0
310,580.789785,0.0,120.0,100.0,360.78978,0.0,0.0,120.0,100.0,600.0,1000.0,41.6,41.6,17398.854848,30.0,22.70464,599.402496,24160.855056,0.0,0.0,0.0,0.0,0.0
311,556.187626,0.0,150.0,100.0,306.18763,0.0,0.0,150.0,100.0,600.0,1000.0,41.6,41.6,15187.405408,30.0,54.60215,1441.49676,23137.40525,0.0,0.0,0.0,0.0,0.0
312,530.139373,0.0,196.87111,100.0,233.26826,0.0,0.0,225.0,100.0,600.0,1000.0,2.0,41.6,12247.701836,46.87111,72.91937,1925.071368,1060.278745,0.0,0.0,0.0,0.0,28.12889
313,513.268261,0.0,180.0,100.0,233.26826,0.0,0.0,180.0,100.0,600.0,1000.0,28.4,41.6,12213.959616,0.0,16.87111,0.0,14576.818618,0.0,0.0,0.0,0.0,0.0
314,504.406293,0.0,150.0,100.0,254.40629,0.0,0.0,150.0,100.0,600.0,1000.0,41.6,41.6,13033.301664,21.13803,30.0,558.043992,20983.301789,0.0,0.0,0.0,0.0,0.0
315,505.16642,0.0,135.0,100.0,270.16642,0.0,0.0,135.0,100.0,600.0,1000.0,41.6,41.6,13658.923072,15.76013,15.0,416.067432,21014.923089,0.0,0.0,0.0,0.0,0.0
316,518.0515,0.0,135.0,100.0,283.0515,0.0,0.0,135.0,100.0,600.0,1000.0,41.6,41.6,14194.9424,12.88508,0.0,340.166112,21550.942383,0.0,0.0,0.0,0.0,0.0
317,551.358039,0.0,135.0,100.0,316.35804,0.0,0.0,135.0,100.0,600.0,1000.0,41.6,41.6,15580.494464,33.30654,0.0,879.292656,22936.494422,0.0,0.0,0.0,0.0,0.0
318,630.921087,0.0,120.0,100.0,410.92109,0.0,0.0,120.0,100.0,600.0,1000.0,60.0,41.6,19484.317344,94.56305,15.0,2496.46452,37855.26522,0.0,0.0,0.0,0.0,0.0
319,700.074103,50.0,120.0,100.0,410.92109,19.153016,50.0,120.0,100.0,600.0,1000.0,76.0,76.0,20989.94656,69.153016,0.0,0.0,53205.631798,0.0,0.0,0.0,0.0,0.0
320,725.362229,100.0,120.0,100.0,405.36223,0.0,100.0,120.0,100.0,600.0,1000.0,41.6,41.6,19353.068768,50.0,24.711876,146.753904,30175.068743,0.0,0.0,0.0,0.0,0.0
321,730.367944,150.0,120.0,100.0,360.36794,0.0,150.0,120.0,100.0,600.0,1000.0,41.6,41.6,17531.306304,50.0,44.99429,1187.849256,30383.306479,0.0,0.0,0.0,0.0,0.0
322,740.889214,250.0,105.0,100.0,285.88921,0.0,250.0,105.0,100.0,600.0,1000.0,41.6,41.6,14502.991136,100.0,89.47873,1966.238472,30820.991286,0.0,0.0,0.0,0.0,0.0
323,748.203119,300.0,105.0,100.0,243.20312,0.0,300.0,105.0,100.0,600.0,1000.0,41.6,41.6,12777.249792,50.0,42.68609,1126.912776,31125.249742,0.0,0.0,0.0,0.0,0.0
324,745.422166,375.0,90.0,100.0,180.42217,0.0,375.0,90.0,100.0,600.0,1000.0,28.4,41.6,10210.562272,75.0,77.78095,1657.41708,21169.98952,0.0,0.0,0.0,0.0,0.0
325,741.408325,450.0,10.986158,100.0,180.42217,0.0,450.0,90.0,100.0,600.0,1000.0,2.0,41.6,10127.534588,75.0,79.013842,0.0,1482.816649,0.0,0.0,0.0,0.0,79.013842
326,733.046928,350.0,90.0,100.0,193.04693,0.0,350.0,90.0,100.0,600.0,1000.0,41.6,41.6,10710.752288,91.638602,100.0,333.293664,30494.752205,0.0,0.0,0.0,0.0,0.0
327,728.004134,300.0,75.0,100.0,253.00413,0.0,300.0,75.0,100.0,600.0,1000.0,41.6,41.6,13124.971808,59.9572,65.0,1582.87008,30284.971991,0.0,0.0,0.0,0.0,0.0
328,723.628769,250.0,75.0,100.0,298.62877,0.0,250.0,75.0,100.0,600.0,1000.0,41.6,41.6,14972.956832,45.62464,50.0,1204.490496,30102.956807,0.0,0.0,0.0,0.0,0.0
329,748.861277,200.0,60.0,100.0,388.86128,0.0,200.0,60.0,100.0,600.0,1000.0,41.6,41.6,18646.629248,90.23251,65.0,2382.138264,31152.62914,0.0,0.0,0.0,0.0,0.0
330,748.805658,150.0,45.0,100.0,453.80566,0.0,150.0,45.0,100.0,600.0,1000.0,41.6,41.6,21268.315456,64.94438,65.0,1714.531632,31150.315373,0.0,0.0,0.0,0.0,0.0
331,731.999436,50.0,60.0,100.0,521.99944,0.0,50.0,60.0,100.0,600.0,1000.0,60.0,41.6,24035.176704,83.19378,100.0,1800.315792,43919.96616,0.0,0.0,0.0,0.0,0.0
332,698.155246,0.0,60.0,100.0,521.99944,16.15581,0.0,60.0,100.0,600.0,1000.0,76.0,76.0,25213.018264,16.15581,50.0,0.0,53059.798666,0.0,0.0,0.0,0.0,0.0
333,671.152198,0.0,90.0,100.0,481.1522,0.0,0.0,90.0,100.0,600.0,1000.0,41.6,41.6,22345.93152,30.0,57.00305,1078.367136,27919.93142,0.0,0.0,0.0,0.0,0.0
334,652.250992,0.0,120.0,100.0,432.25099,0.0,0.0,120.0,100.0,600.0,1000.0,41.6,41.6,20371.641184,30.0,48.90121,1290.991944,27133.641251,0.0,0.0,0.0,0.0,0.0
335,613.419626,0.0,150.0,100.0,363.41963,0.0,0.0,150.0,100.0,600.0,1000.0,41.6,41.6,17568.256608,30.0,68.83136,1817.147904,25518.256458,0.0,0.0,0.0,0.0,0.0
336,588.715499,0.0,198.69727,100.0,290.01823,0.0,0.0,225.0,100.0,600.0,1000.0,2.0,41.6,14612.152908,48.69727,73.4014,1937.79696,1177.430999,0.0,0.0,0.0,0.0,26.30273
337,570.01823,0.0,180.0,100.0,290.01823,0.0,0.0,180.0,100.0,600.0,1000.0,28.4,41.6,14574.758368,0.0,18.69727,0.0,16188.517726,0.0,0.0,0.0,0.0,0.0
338,561.063563,0.0,150.0,100.0,311.06356,0.0,0.0,150.0,100.0,600.0,1000.0,41.6,41.6,15390.244096,21.04533,30.0,555.596712,23340.244212,0.0,0.0,0.0,0.0,0.0
339,555.881722,0.0,135.0,100.0,320.88172,0.0,0.0,135.0,100.0,600.0,1000.0,41.6,41.6,15768.679552,9.81816,15.0,259.199424,23124.679619,0.0,0.0,0.0,0.0,0.0
340,564.549023,0.0,135.0,100.0,329.54902,0.0,0.0,135.0,100.0,600.0,1000.0,41.6,41.6,16129.239232,8.6673,0.0,228.81672,23485.239373,0.0,0.0,0.0,0.0,0.0
341,587.566039,0.0,135.0,100.0,352.56604,0.0,0.0,135.0,100.0,600.0,1000.0,41.6,41.6,17086.747264,23.01702,0.0,607.649328,24442.747231,0.0,0.0,0.0,0.0,0.0
342,654.976325,0.0,120.0,100.0,434.97632,0.0,0.0,120.0,100.0,600.0,1000.0,60.0,41.6,20485.014912,82.41028,15.0,2175.631392,39298.579488,0.0,0.0,0.0,0.0,0.0
343,718.428388,50.0,120.0,100.0,434.97632,13.452063,50.0,120.0,100.0,600.0,1000.0,76.0,76.0,21557.3717,63.452063,0.0,0.0,54600.557503,0.0,0.0,0.0,0.0,0.0
344,734.520833,100.0,120.0,100.0,414.52083,0.0,100.0,120.0,100.0,600.0,1000.0,41.6,41.6,19734.066528,50.0,33.907553,540.024936,30556.066644,0.0,0.0,0.0,0.0,0.0
345,733.584579,150.0,120.0,100.0,363.58458,0.0,150.0,120.0,100.0,600.0,1000.0,41.6,41.6,17665.118528,50.0,50.93625,1344.717,30517.118486,0.0,0.0,0.0,0.0,0.0
346,741.788389,250.0,105.0,100.0,286.78839,0.0,250.0,105.0,100.0,600.0,1000.0,41.6,41.6,14540.397024,100.0,91.79619,2027.419416,30858.396966,0.0,0.0,0.0,0.0,0.0
347,749.389658,300.0,105.0,100.0,244.38966,0.0,300.0,105.0,100.0,600.0,1000.0,41.6,41.6,12826.609856,50.0,42.39873,1119.326472,31174.609789,0.0,0.0,0.0,0.0,0.0
348,745.598293,375.0,90.0,100.0,180.59829,0.0,375.0,90.0,100.0,600.0,1000.0,28.4,41.6,10217.888864,75.0,78.79137,1684.092168,21174.991527,0.0,0.0,0.0,0.0,0.0
349,740.184706,450.0,9.586412,100.0,180.59829,0.0,450.0,90.0,100.0,600.0,1000.0,2.0,41.6,10132.061689,75.0,80.413588,0.0,1480.369411,0.0,0.0,0.0,0.0,80.413588
350,732.268261,350.0,90.0,100.0,192.26826,0.0,350.0,90.0,100.0,600.0,1000.0,41.6,41.6,10678.359616,92.083558,100.0,308.087208,30462.359666,0.0,0.0,0.0,0.0,0.0
351,726.956642,300.0,75.0,100.0,251.95664,0.0,300.0,75.0,100.0,600.0,1000.0,41.6,41.6,13081.396224,59.68838,65.0,1575.773232,30241.396324,0.0,0.0,0.0,0.0,0.0
352,726.428261,250.0,75.0,100.0,301.42826,0.0,250.0,75.0,100.0,600.0,1000.0,41.6,41.6,15089.415616,49.47162,50.0,1306.050768,30219.415674,0.0,0.0,0.0,0.0,0.0
353,752.152071,200.0,60.0,100.0,392.15207,0.0,200.0,60.0,100.0,600.0,1000.0,41.6,41.6,18783.526112,90.72381,65.0,2395.108584,31289.526154,0.0,0.0,0.0,0.0,0.0
354,751.920325,150.0,45.0,100.0,456.92032,0.0,150.0,45.0,100.0,600.0,1000.0,41.6,41.6,21397.885312,64.76825,65.0,1709.8818,31279.885503,0.0,0.0,0.0,0.0,0.0
355,735.874229,50.0,60.0,100.0,525.87423,0.0,50.0,60.0,100.0,600.0,1000.0,60.0,41.6,24196.367968,83.95391,100.0,1820.383224,44152.453764,0.0,0.0,0.0,0.0,0.0
356,702.632579,0.0,60.0,100.0,525.87423,16.758349,0.0,60.0,100.0,600.0,1000.0,76.0,76.0,25420.002492,16.758349,50.0,0.0,53400.075989,0.0,0.0,0.0,0.0,0.0
357,672.570484,0.0,90.0,100.0,482.57048,0.0,0.0,90.0,100.0,600.0,1000.0,41.6,41.6,22404.931968,30.0,60.062099,1143.219,27978.932118,0.0,0.0,0.0,0.0,0.0
358,651.583563,0.0,120.0,100.0,431.58356,0.0,0.0,120.0,100.0,600.0,1000.0,41.6,41.6,20343.876096,30.0,50.98692,1346.054688,27105.876221,0.0,0.0,0.0,0.0,0.0
359,616.830928,0.0,150.0,100.0,366.83093,0.0,0.0,150.0,100.0,600.0,1000.0,41.6,41.6,17710.166688,30.0,64.75263,1709.469432,25660.166613,0.0,0.0,0.0,0.0,0.0
360,588.734039,0.0,198.27086,100.0,290.46318,0.0,0.0,225.0,100.0,600.0,1000.0,2.0,41.6,14629.810008,48.27086,76.36775,2016.1086,1177.468079,0.0,0.0,0.0,0.0,26.72914
361,570.463182,0.0,180.0,100.0,290.46318,0.0,0.0,180.0,100.0,600.0,1000.0,28.4,41.6,14593.268288,0.0,18.27086,0.0,16201.154369,0.0,0.0,0.0,0.0,0.0
362,558.551436,0.0,150.0,100.0,308.55144,0.0,0.0,150.0,100.0,600.0,1000.0,41.6,41.6,15285.739904,18.08826,30.0,477.530064,23235.739738,0.0,0.0,0.0,0.0,0.0
363,557.16096,0.0,135.0,100.0,322.16096,0.0,0.0,135.0,100.0,600.0,1000.0,41.6,41.6,15821.895936,13.60952,15.0,359.291328,23177.895936,0.0,0.0,0.0,0.0,0.0
364,565.105214,0.0,135.0,100.0,330.10521,0.0,0.0,135.0,100.0,600.0,1000.0,41.6,41.6,16152.376736,7.94425,0.0,209.7282,23508.376894,0.0,0.0,0.0,0.0,0.0
365,590.096706,0.0,135.0,100.0,355.09671,0.0,0.0,135.0,100.0,600.0,1000.0,41.6,41.6,17192.023136,24.9915,0.0,659.7756,24548.02297,0.0,0.0,0.0,0.0,0.0
366,655.467626,0.0,120.0,100.0,435.46763,0.0,0.0,120.0,100.0,600.0,1000.0,60.0,41.6,20505.453408,80.37092,15.0,2121.792288,39328.057584,0.0,0.0,0.0,0.0,0.0
367,718.91042,50.0,120.0,100.0,435.46763,13.442794,50.0,120.0,100.0,600.0,1000.0,76.0,76.0,21577.105752,63.442794,0.0,0.0,54637.19195,0.0,0.0,0.0,0.0,0.0
368,735.614674,100.0,120.0,100.0,415.61467,0.0,100.0,120.0,100.0,600.0,1000.0,41.6,41.6,19779.570272,50.0,33.295754,524.118144,30601.570447,0.0,0.0,0.0,0.0,0.0
369,739.118674,150.0,120.0,100.0,369.11867,0.0,150.0,120.0,100.0,600.0,1000.0,41.6,41.6,17895.336672,50.0,46.496,1227.4944,30747.336847,0.0,0.0,0.0,0.0,0.0
370,748.638801,250.0,105.0,100.0,293.6388,0.0,250.0,105.0,100.0,600.0,1000.0,41.6,41.6,14825.37408,100.0,90.47987,1992.668568,31143.374122,0.0,0.0,0.0,0.0,0.0
371,754.914484,300.0,105.0,100.0,249.91448,0.0,300.0,105.0,100.0,600.0,1000.0,41.6,41.6,13056.442368,50.0,43.72432,1154.322048,31404.442518,0.0,0.0,0.0,0.0,0.0
372,749.26915,375.0,90.0,100.0,184.26915,0.0,375.0,90.0,100.0,600.0,1000.0,28.4,41.6,10370.59664,75.0,80.64533,1733.036712,21279.243866,0.0,0.0,0.0,0.0,0.0
373,745.904198,450.0,11.635048,100.0,184.26915,0.0,450.0,90.0,100.0,600.0,1000.0,2.0,41.6,10288.866736,75.0,78.364952,0.0,1491.808396,0.0,0.0,0.0,0.0,78.364952
374,735.559055,350.0,90.0,100.0,195.55905,0.0,350.0,90.0,100.0,600.0,1000.0,41.6,41.6,10815.25648,89.654852,100.0,298.05336,30599.25668,0.0,0.0,0.0,0.0,0.0
375,728.2915,300.0,75.0,100.0,253.2915,0.0,300.0,75.0,100.0,600.0,1000.0,41.6,41.6,13136.9264,57.73245,65.0,1524.13668,30296.926383,0.0,0.0,0.0,0.0,0.0
376,725.742293,250.0,75.0,100.0,300.74229,0.0,250.0,75.0,100.0,600.0,1000.0,41.6,41.6,15060.879264,47.45079,50.0,1252.700856,30190.879405,0.0,0.0,0.0,0.0,0.0
377,752.541404,200.0,60.0,100.0,392.5414,0.0,200.0,60.0,100.0,600.0,1000.0,41.6,41.6,18799.72224,91.79911,65.0,2423.496504,31305.722423,0.0,0.0,0.0,0.0,0.0
378,752.76388,150.0,45.0,100.0,457.76388,0.0,150.0,45.0,100.0,600.0,1000.0,41.6,41.6,21432.977408,65.22248,65.0,1721.873472,31314.977416,0.0,0.0,0.0,0.0,0.0
379,737.746738,50.0,60.0,100.0,527.74674,0.0,50.0,60.0,100.0,600.0,1000.0,60.0,41.6,24274.264384,84.98286,100.0,1847.547504,44264.804256,0.0,0.0,0.0,0.0,0.0
380,699.786737,0.0,60.0,100.0,527.74674,12.04,0.0,60.0,100.0,600.0,1000.0,76.0,76.0,25139.304384,12.04,50.0,0.0,53183.792042,0.0,0.0,0.0,0.0,0.0
381,670.076896,0.0,90.0,100.0,480.0769,0.0,0.0,90.0,100.0,600.0,1000.0,41.6,41.6,22301.19904,30.0,59.70984,1258.483776,27875.198882,0.0,0.0,0.0,0.0,0.0
382,654.142039,0.0,120.0,100.0,434.14204,0.0,0.0,120.0,100.0,600.0,1000.0,41.6,41.6,20450.308864,30.0,45.93486,1212.680304,27212.308831,0.0,0.0,0.0,0.0,0.0
383,619.176198,0.0,150.0,100.0,369.1762,0.0,0.0,150.0,100.0,600.0,1000.0,41.6,41.6,17807.72992,30.0,64.96584,1715.098176,25757.729837,0.0,0.0,0.0,0.0,0.0
384,589.716643,0.0,198.76216,100.0,290.95448,0.0,0.0,225.0,100.0,600.0,1000.0,2.0,41.6,14651.230688,48.76216,78.22172,2065.053408,1179.433285,0.0,0.0,0.0,0.0,26.23784
385,570.954484,0.0,180.0,100.0,290.95448,0.0,0.0,180.0,100.0,600.0,1000.0,28.4,41.6,14613.706368,0.0,18.76216,0.0,16215.107334,0.0,0.0,0.0,0.0,0.0
386,560.359055,0.0,150.0,100.0,310.35905,0.0,0.0,150.0,100.0,600.0,1000.0,41.6,41.6,15360.93648,19.40457,30.0,512.280648,23310.93668,0.0,0.0,0.0,0.0,0.0
387,558.180643,0.0,135.0,100.0,323.18064,0.0,0.0,135.0,100.0,600.0,1000.0,41.6,41.6,15864.314624,12.82159,15.0,338.489976,23220.314732,0.0,0.0,0.0,0.0,0.0
388,561.313849,0.0,135.0,100.0,326.31385,0.0,0.0,135.0,100.0,600.0,1000.0,41.6,41.6,15994.65616,3.13321,0.0,82.716744,23350.656102,0.0,0.0,0.0,0.0,0.0
389,583.459499,0.0,135.0,100.0,348.4595,0.0,0.0,135.0,100.0,600.0,1000.0,41.6,41.6,16915.9152,22.14565,0.0,584.64516,24271.915175,0.0,0.0,0.0,0.0,0.0
390,648.923119,0.0,120.0,100.0,428.92312,0.0,0.0,120.0,100.0,600.0,1000.0,60.0,41.6,20233.201792,80.46362,15.0,2124.239568,38935.387116,0.0,0.0,0.0,0.0,0.0
391,714.544325,50.0,120.0,100.0,428.92312,15.621206,50.0,120.0,100.0,600.0,1000.0,76.0,76.0,21470.413448,65.621206,0.0,0.0,54305.368685,0.0,0.0,0.0,0.0,0.0
392,731.934547,100.0,120.0,100.0,411.93455,0.0,100.0,120.0,100.0,600.0,1000.0,41.6,41.6,19626.47728,50.0,32.609776,448.498248,30448.477164,0.0,0.0,0.0,0.0,0.0
393,731.369087,150.0,120.0,100.0,361.36909,0.0,150.0,120.0,100.0,600.0,1000.0,41.6,41.6,17572.954144,50.0,50.56546,1334.928144,30424.954011,0.0,0.0,0.0,0.0,0.0
394,736.625087,250.0,105.0,100.0,281.62509,0.0,250.0,105.0,100.0,600.0,1000.0,41.6,41.6,14325.603744,100.0,94.744,2105.2416,30643.603611,0.0,0.0,0.0,0.0,0.0
395,748.017722,300.0,105.0,100.0,243.01772,0.0,300.0,105.0,100.0,600.0,1000.0,41.6,41.6,12769.537152,50.0,38.60737,1019.234568,31117.537227,0.0,0.0,0.0,0.0,0.0
396,741.538103,375.0,90.0,100.0,176.5381,0.0,375.0,90.0,100.0,600.0,1000.0,28.4,41.6,10048.98496,75.0,81.47962,1755.061968,21059.68212,0.0,0.0,0.0,0.0,0.0
397,736.217214,450.0,9.679111,100.0,176.5381,0.0,450.0,90.0,100.0,600.0,1000.0,2.0,41.6,9963.343182,75.0,80.320889,0.0,1472.434428,0.0,0.0,0.0,0.0,80.320889
398,728.541785,350.0,90.0,100.0,188.54179,0.0,350.0,90.0,100.0,600.0,1000.0,41.6,41.6,10523.338464,92.324579,100.0,316.897416,30307.338273,0.0,0.0,0.0,0.0,0.0
399,724.277658,300.0,75.0,100.0,249.27766,0.0,300.0,75.0,100.0,600.0,1000.0,41.6,41.6,12969.950656,60.73587,65.0,1603.426968,30129.950573,0.0,0.0,0.0,0.0,0.0
400,720.616071,250.0,75.0,100.0,295.61607,0.0,250.0,75.0,100.0,600.0,1000.0,41.6,41.6,14847.628512,46.33841,50.0,1223.334024,29977.628554,0.0,0.0,0.0,0.0,0.0
401,748.268008,200.0,60.0,100.0,388.26801,0.0,200.0,60.0,100.0,600.0,1000.0,41.6,41.6,18621.949216,92.65194,65.0,2446.011216,31127.949116,0.0,0.0,0.0,0.0,0.0
402,751.846166,150.0,45.0,100.0,456.84617,0.0,150.0,45.0,100.0,600.0,1000.0,41.6,41.6,21394.800672,68.57816,65.0,1810.463424,31276.800522,0.0,0.0,0.0,0.0,0.0
403,735.2995,50.0,60.0,100.0,525.2995,0.0,50.0,60.0,100.0,600.0,1000.0,60.0,41.6,24172.4592,83.45333,100.0,1807.167912,44117.969976,0.0,0.0,0.0,0.0,0.0
404,698.49823,0.0,60.0,100.0,525.2995,13.19873,0.0,60.0,100.0,600.0,1000.0,76.0,76.0,25125.56268,13.19873,50.0,0.0,53085.86545,0.0,0.0,0.0,0.0,0.0
405,674.452261,0.0,90.0,100.0,484.45226,0.0,0.0,90.0,100.0,600.0,1000.0,41.6,41.6,22483.214016,30.0,54.04597,1078.367136,28057.214066,0.0,0.0,0.0,0.0,0.0
406,656.366801,0.0,120.0,100.0,436.3668,0.0,0.0,120.0,100.0,600.0,1000.0,41.6,41.6,20542.85888,30.0,48.08546,1269.456144,27304.858913,0.0,0.0,0.0,0.0,0.0
407,621.743944,0.0,150.0,100.0,371.74394,0.0,0.0,150.0,100.0,600.0,1000.0,41.6,41.6,17914.547904,30.0,64.62286,1706.043504,25864.548079,0.0,0.0,0.0,0.0,0.0
408,591.728198,0.0,197.76102,100.0,293.96718,0.0,0.0,225.0,100.0,600.0,1000.0,2.0,41.6,14774.556728,47.76102,77.77676,2053.306464,1183.456396,0.0,0.0,0.0,0.0,27.23898
409,573.967182,0.0,180.0,100.0,293.96718,0.0,0.0,180.0,100.0,600.0,1000.0,28.4,41.6,14739.034688,0.0,17.76102,0.0,16300.667969,0.0,0.0,0.0,0.0,0.0
410,561.79588,0.0,150.0,100.0,311.79588,0.0,0.0,150.0,100.0,600.0,1000.0,41.6,41.6,15420.708608,17.8287,30.0,470.67768,23370.708616,0.0,0.0,0.0,0.0,0.0
411,557.077531,0.0,135.0,100.0,322.07753,0.0,0.0,135.0,100.0,600.0,1000.0,41.6,41.6,15818.425248,10.28165,15.0,271.43556,23174.425298,0.0,0.0,0.0,0.0,0.0
412,561.86077,0.0,135.0,100.0,326.86077,0.0,0.0,135.0,100.0,600.0,1000.0,41.6,41.6,16017.408032,4.78324,0.0,126.277536,23373.408015,0.0,0.0,0.0,0.0,0.0
413,586.092134,0.0,135.0,100.0,351.09213,0.0,0.0,135.0,100.0,600.0,1000.0,41.6,41.6,17025.432608,24.23136,0.0,639.707904,24381.432791,0.0,0.0,0.0,0.0,0.0
414,651.286928,0.0,120.0,100.0,431.28693,0.0,0.0,120.0,100.0,600.0,1000.0,60.0,41.6,20331.536288,80.1948,15.0,2117.14272,39077.215668,0.0,0.0,0.0,0.0,0.0
415,715.109785,50.0,120.0,100.0,431.28693,13.822857,50.0,120.0,100.0,600.0,1000.0,76.0,76.0,21432.07342,63.822857,0.0,0.0,54348.343675,0.0,0.0,0.0,0.0,0.0
416,733.788515,100.0,120.0,100.0,413.78852,0.0,100.0,120.0,100.0,600.0,1000.0,41.6,41.6,19703.602432,50.0,31.321267,461.958024,30525.602241,0.0,0.0,0.0,0.0,0.0
417,739.025975,150.0,120.0,100.0,369.02598,0.0,150.0,120.0,100.0,600.0,1000.0,41.6,41.6,17891.480768,50.0,44.76254,1181.731056,30743.480577,0.0,0.0,0.0,0.0,0.0
418,746.710674,250.0,105.0,100.0,291.71067,0.0,250.0,105.0,100.0,600.0,1000.0,41.6,41.6,14745.163872,100.0,92.31531,2041.124184,31063.164038,0.0,0.0,0.0,0.0,0.0
419,747.387373,300.0,105.0,100.0,242.38737,0.0,300.0,105.0,100.0,600.0,1000.0,41.6,41.6,12743.314592,50.0,49.3233,1302.13512,31091.3147,0.0,0.0,0.0,0.0,0.0
420,739.619246,375.0,90.0,100.0,174.61925,0.0,375.0,90.0,100.0,600.0,1000.0,41.6,41.6,9969.1608,75.0,82.76812,1789.078368,30768.160625,0.0,0.0,0.0,0.0,0.0
421,726.140896,450.0,3.190984,100.0,172.94991,0.0,450.0,90.0,100.0,600.0,1000.0,2.0,41.6,9801.098224,75.0,88.478356,44.070576,1452.281792,0.0,0.0,0.0,0.0,86.809016
422,712.949912,350.0,90.0,100.0,172.94991,0.0,350.0,90.0,100.0,600.0,1000.0,28.4,41.6,9874.716256,86.809016,100.0,0.0,20247.777512,0.0,0.0,0.0,0.0,0.0
423,704.097214,300.0,75.0,100.0,229.09721,0.0,300.0,75.0,100.0,600.0,1000.0,41.6,41.6,12130.443936,56.1473,65.0,1482.28872,29290.444086,0.0,0.0,0.0,0.0,0.0
424,707.638293,250.0,75.0,100.0,282.63829,0.0,250.0,75.0,100.0,600.0,1000.0,41.6,41.6,14307.752864,53.54108,50.0,1413.484512,29437.752989,0.0,0.0,0.0,0.0,0.0
425,735.039944,200.0,60.0,100.0,375.03994,0.0,200.0,60.0,100.0,600.0,1000.0,41.6,41.6,18071.661504,92.40165,65.0,2439.40356,30577.661662,0.0,0.0,0.0,0.0,0.0
426,731.563753,150.0,45.0,100.0,436.56375,0.0,150.0,45.0,100.0,600.0,1000.0,41.6,41.6,20551.052,61.52381,65.0,1624.228584,30433.052133,0.0,0.0,0.0,0.0,0.0
427,710.78077,50.0,60.0,100.0,500.78077,0.0,50.0,60.0,100.0,600.0,1000.0,60.0,41.6,23152.480032,79.21702,100.0,1695.329328,42646.846176,0.0,0.0,0.0,0.0,0.0
428,675.879817,0.0,60.0,100.0,500.78077,15.099048,0.0,60.0,100.0,600.0,1000.0,76.0,76.0,24250.00768,15.099048,50.0,0.0,51366.866107,0.0,0.0,0.0,0.0,0.0
429,646.225595,0.0,90.0,100.0,456.22559,0.0,0.0,90.0,100.0,600.0,1000.0,41.6,41.6,21308.984544,30.0,59.654228,1176.256752,26882.984744,0.0,0.0,0.0,0.0,0.0
430,636.251246,0.0,120.0,100.0,416.25125,0.0,0.0,120.0,100.0,600.0,1000.0,41.6,41.6,19706.052,30.0,39.97434,1055.322576,26468.051825,0.0,0.0,0.0,0.0,0.0
431,605.382674,0.0,150.0,100.0,355.38267,0.0,0.0,150.0,100.0,600.0,1000.0,41.6,41.6,17233.919072,30.0,60.86858,1606.930512,25183.91923,0.0,0.0,0.0,0.0,0.0
432,580.789785,0.0,201.28356,100.0,279.50623,0.0,0.0,225.0,100.0,600.0,1000.0,2.0,41.6,14180.026288,51.28356,75.87644,2003.138016,1161.57957,0.0,0.0,0.0,0.0,23.71644
433,559.50623,0.0,180.0,100.0,279.50623,0.0,0.0,180.0,100.0,600.0,1000.0,28.4,41.6,14137.459168,0.0,21.28356,0.0,15889.976926,0.0,0.0,0.0,0.0,0.0
434,546.111309,0.0,150.0,100.0,296.11131,0.0,0.0,150.0,100.0,600.0,1000.0,60.0,41.6,14768.230496,16.60508,30.0,438.374112,32766.67854,0.0,0.0,0.0,0.0,0.0
435,533.652643,0.0,135.0,100.0,296.11131,2.541334,0.0,135.0,100.0,600.0,1000.0,76.0,76.0,14931.37185,2.541334,15.0,0.0,40557.600838,0.0,0.0,0.0,0.0,0.0
436,526.626103,0.0,135.0,100.0,291.6261,0.0,0.0,135.0,100.0,600.0,1000.0,41.6,41.6,14551.64576,0.0,7.026544,118.409544,21907.645868,0.0,0.0,0.0,0.0,0.0
437,519.293658,0.0,135.0,100.0,284.29366,0.0,0.0,135.0,100.0,600.0,1000.0,7.2,41.6,14246.616256,0.0,7.33244,193.576416,3738.914338,0.0,0.0,0.0,0.0,0.0
438,514.695817,0.0,120.0,100.0,284.29366,10.402159,0.0,120.0,100.0,600.0,1000.0,76.0,76.0,15007.18034,10.402159,15.0,0.0,39116.882107,0.0,0.0,0.0,0.0,0.0
439,547.427626,50.0,120.0,100.0,277.42763,0.0,50.0,120.0,100.0,600.0,1000.0,41.6,41.6,13980.989408,50.0,17.268189,181.263192,22772.98925,0.0,0.0,0.0,0.0,0.0
440,579.158293,100.0,120.0,100.0,259.15829,0.0,100.0,120.0,100.0,600.0,1000.0,41.6,41.6,13270.984864,50.0,18.26934,482.310576,24092.984997,0.0,0.0,0.0,0.0,0.0
441,609.822928,150.0,120.0,100.0,239.82293,0.0,150.0,120.0,100.0,600.0,1000.0,41.6,41.6,12516.633888,50.0,19.33536,510.453504,25368.633813,0.0,0.0,0.0,0.0,0.0
442,627.528325,250.0,105.0,100.0,172.52832,0.0,250.0,105.0,100.0,600.0,1000.0,41.6,41.6,9787.178112,100.0,82.29461,1776.577704,26105.178303,0.0,0.0,0.0,0.0,0.0
443,638.364769,300.0,105.0,100.0,133.36477,0.0,300.0,105.0,100.0,600.0,1000.0,41.6,41.6,8207.974432,50.0,39.16355,1033.91772,26555.974399,0.0,0.0,0.0,0.0,0.0
444,631.236262,375.0,90.0,100.0,66.236262,0.0,375.0,90.0,100.0,600.0,1000.0,41.6,41.6,5460.428499,75.0,82.128508,1772.192611,26259.428483,0.0,0.0,0.0,0.0,0.0
445,615.51461,450.0,3.144635,100.0,62.369975,0.0,450.0,90.0,100.0,600.0,1000.0,2.0,41.6,5200.88023,75.0,90.721652,102.069977,1231.029221,0.0,0.0,0.0,0.0,86.855365
446,602.369975,350.0,90.0,100.0,62.369975,0.0,350.0,90.0,100.0,600.0,1000.0,28.4,41.6,5274.59096,86.855365,100.0,0.0,17107.307301,0.0,0.0,0.0,0.0,0.0
447,603.816071,300.0,75.0,100.0,128.81607,0.0,300.0,75.0,100.0,600.0,1000.0,41.6,41.6,7958.748512,66.446095,65.0,1754.176908,25118.748545,0.0,0.0,0.0,0.0,0.0
448,607.588896,250.0,75.0,100.0,182.5889,0.0,250.0,75.0,100.0,600.0,1000.0,41.6,41.6,10145.69824,53.77283,50.0,1419.602712,25275.698074,0.0,0.0,0.0,0.0,0.0
449,648.292769,200.0,60.0,100.0,288.29277,0.0,200.0,60.0,100.0,600.0,1000.0,41.6,41.6,14462.979232,105.70387,65.0,2790.582168,26968.979207,0.0,0.0,0.0,0.0,0.0
450,656.922992,150.0,45.0,100.0,361.92299,0.0,150.0,45.0,100.0,600.0,1000.0,41.6,41.6,17445.996384,73.63022,65.0,1943.837808,27327.996459,0.0,0.0,0.0,0.0,0.0
451,635.806293,50.0,60.0,100.0,425.80629,0.0,50.0,60.0,100.0,600.0,1000.0,60.0,41.6,20033.541664,78.8833,100.0,1686.51912,38148.37758,0.0,0.0,0.0,0.0,0.0
452,599.589023,0.0,60.0,100.0,425.80629,13.78273,0.0,60.0,100.0,600.0,1000.0,76.0,76.0,21031.029144,13.78273,50.0,0.0,45568.765778,0.0,0.0,0.0,0.0,0.0
453,585.693531,0.0,90.0,100.0,395.69353,0.0,0.0,90.0,100.0,600.0,1000.0,41.6,41.6,18790.850848,30.0,43.89549,794.976864,24364.85089,0.0,0.0,0.0,0.0,0.0
454,588.08515,0.0,120.0,100.0,368.08515,0.0,0.0,120.0,100.0,600.0,1000.0,41.6,41.6,17702.34224,30.0,27.60838,728.861232,24464.342248,0.0,0.0,0.0,0.0,0.0
455,569.230293,0.0,150.0,100.0,319.23029,0.0,0.0,150.0,100.0,600.0,1000.0,41.6,41.6,15729.980064,30.0,48.85486,1289.768304,23679.980189,0.0,0.0,0.0,0.0,0.0
456,548.808833,0.0,198.1967,100.0,250.61213,0.0,0.0,225.0,100.0,600.0,1000.0,2.0,41.6,12971.858008,48.1967,68.61816,1811.519424,1097.617666,0.0,0.0,0.0,0.0,26.8033
457,530.612134,0.0,180.0,100.0,250.61213,0.0,0.0,180.0,100.0,600.0,1000.0,28.4,41.6,12935.464608,0.0,18.1967,0.0,15069.384611,0.0,0.0,0.0,0.0,0.0
458,516.27169,0.0,150.0,100.0,266.27169,0.0,0.0,150.0,100.0,600.0,1000.0,60.0,41.6,13526.902304,15.65956,30.0,413.412384,30976.301412,0.0,0.0,0.0,0.0,0.0
459,506.380769,0.0,135.0,100.0,266.27169,5.109079,0.0,135.0,100.0,600.0,1000.0,76.0,76.0,13885.192323,5.109079,15.0,0.0,38484.938474,0.0,0.0,0.0,0.0,0.0
460,500.346103,0.0,135.0,100.0,265.3461,0.0,0.0,135.0,100.0,600.0,1000.0,41.6,41.6,13458.39776,0.0,6.034669,24.435576,20814.397868,0.0,0.0,0.0,0.0,0.0
461,493.977722,0.0,135.0,100.0,258.97772,0.0,0.0,135.0,100.0,600.0,1000.0,7.2,41.6,13193.473152,0.0,6.36838,168.125232,3556.639597,0.0,0.0,0.0,0.0,0.0
462,479.45188,0.0,120.0,100.0,258.97772,0.474158,0.0,120.0,100.0,600.0,1000.0,76.0,76.0,13199.50919,0.474158,15.0,0.0,36438.342895,0.0,0.0,0.0,0.0,0.0
463,492.707753,50.0,120.0,100.0,222.70775,0.0,50.0,120.0,100.0,600.0,1000.0,41.6,41.6,11704.6424,50.0,36.744128,957.527208,20496.642541,0.0,0.0,0.0,0.0,0.0
464,523.214801,100.0,120.0,100.0,203.2148,0.0,100.0,120.0,100.0,600.0,1000.0,41.6,41.6,10943.73568,50.0,19.49295,514.61388,21765.735713,0.0,0.0,0.0,0.0,0.0
465,553.582801,150.0,120.0,100.0,183.5828,0.0,150.0,120.0,100.0,600.0,1000.0,41.6,41.6,10177.04448,50.0,19.632,518.2848,23029.04453,0.0,0.0,0.0,0.0,0.0
466,578.935817,250.0,105.0,100.0,123.93582,0.0,250.0,105.0,100.0,600.0,1000.0,41.6,41.6,7765.730112,100.0,74.64698,1574.680272,24083.729979,0.0,0.0,0.0,0.0,0.0
467,600.94242,300.0,105.0,100.0,95.94242,0.0,300.0,105.0,100.0,600.0,1000.0,41.6,41.6,6651.204672,50.0,27.9934,739.02576,24999.204672,0.0,0.0,0.0,0.0,0.0
468,601.155626,375.0,90.0,100.0,36.155626,0.0,375.0,90.0,100.0,600.0,1000.0,41.6,41.6,4209.074042,75.0,74.786794,1578.371362,25008.074058,0.0,0.0,0.0,0.0,0.0
469,586.055055,450.0,2.912889,100.0,33.142166,0.0,450.0,90.0,100.0,600.0,1000.0,2.0,41.6,3984.539883,75.0,90.100571,79.555344,1172.11011,0.0,0.0,0.0,0.0,87.087111
470,573.142166,350.0,90.0,100.0,33.142166,0.0,350.0,90.0,100.0,600.0,1000.0,28.4,41.6,4058.714106,87.087111,100.0,0.0,16277.237526,0.0,0.0,0.0,0.0,0.0
471,565.828261,300.0,75.0,100.0,90.828261,0.0,300.0,75.0,100.0,600.0,1000.0,41.6,41.6,6378.455658,57.686095,65.0,1522.912908,23538.455666,0.0,0.0,0.0,0.0,0.0
472,571.14915,250.0,75.0,100.0,146.14915,0.0,250.0,75.0,100.0,600.0,1000.0,41.6,41.6,8629.80464,55.320889,50.0,1460.47147,23759.80464,0.0,0.0,0.0,0.0,0.0
473,612.464833,200.0,60.0,100.0,252.46483,0.0,200.0,60.0,100.0,600.0,1000.0,41.6,41.6,12972.536928,106.31568,65.0,2806.733952,25478.537036,0.0,0.0,0.0,0.0,0.0
474,627.055563,150.0,45.0,100.0,332.05556,0.0,150.0,45.0,100.0,600.0,1000.0,41.6,41.6,16203.511296,79.59073,65.0,2101.195272,26085.511421,0.0,0.0,0.0,0.0,0.0
475,614.35588,50.0,60.0,100.0,404.35588,0.0,50.0,60.0,100.0,600.0,1000.0,60.0,41.6,19141.204608,87.30032,100.0,1908.728448,36861.352812,0.0,0.0,0.0,0.0,0.0
476,590.606547,0.0,60.0,100.0,404.35588,26.250667,0.0,60.0,100.0,600.0,1000.0,76.0,76.0,21086.2553,26.250667,50.0,0.0,44886.097572,0.0,0.0,0.0,0.0,0.0
477,583.719055,0.0,90.0,100.0,393.71906,0.0,0.0,90.0,100.0,600.0,1000.0,41.6,41.6,18708.712896,30.0,36.887487,280.812048,24282.712696,0.0,0.0,0.0,0.0,0.0
478,591.811627,0.0,120.0,100.0,371.81163,0.0,0.0,120.0,100.0,600.0,1000.0,41.6,41.6,17857.363808,30.0,21.90743,578.356152,24619.363667,0.0,0.0,0.0,0.0,0.0
479,569.156134,0.0,150.0,100.0,319.15613,0.0,0.0,150.0,100.0,600.0,1000.0,41.6,41.6,15726.895008,30.0,52.6555,1390.1052,23676.895183,0.0,0.0,0.0,0.0,0.0
480,546.750928,0.0,197.44584,100.0,249.30509,0.0,0.0,225.0,100.0,600.0,1000.0,2.0,41.6,12915.983424,47.44584,69.85104,1844.067456,1093.501856,0.0,0.0,0.0,0.0,27.55416
481,529.305087,0.0,180.0,100.0,249.30509,0.0,0.0,180.0,100.0,600.0,1000.0,28.4,41.6,12881.091744,0.0,17.44584,0.0,15032.264471,0.0,0.0,0.0,0.0,0.0
482,527.525277,0.0,150.0,100.0,277.52528,0.0,0.0,150.0,100.0,600.0,1000.0,41.6,41.6,13995.051648,28.22019,30.0,745.013016,21945.051523,0.0,0.0,0.0,0.0,0.0
483,526.459246,0.0,135.0,100.0,291.45925,0.0,0.0,135.0,100.0,600.0,1000.0,41.6,41.6,14544.7048,13.93397,15.0,367.856808,21900.704617,0.0,0.0,0.0,0.0,0.0
484,533.736071,0.0,135.0,100.0,298.73607,0.0,0.0,135.0,100.0,600.0,1000.0,41.6,41.6,14847.420512,7.27682,0.0,192.108048,22203.420545,0.0,0.0,0.0,0.0,0.0
485,564.131881,0.0,135.0,100.0,329.13188,0.0,0.0,135.0,100.0,600.0,1000.0,41.6,41.6,16111.886208,30.39581,0.0,802.449384,23467.886233,0.0,0.0,0.0,0.0,0.0
486,632.858483,0.0,120.0,100.0,412.85848,0.0,0.0,120.0,100.0,600.0,1000.0,60.0,41.6,19564.912768,83.7266,15.0,2210.38224,37971.509004,0.0,0.0,0.0,0.0,0.0
487,696.282737,50.0,120.0,100.0,412.85848,13.424254,50.0,120.0,100.0,600.0,1000.0,76.0,76.0,20635.156072,63.424254,0.0,0.0,52917.488042,0.0,0.0,0.0,0.0,0.0
488,718.437658,100.0,120.0,100.0,398.43766,0.0,100.0,120.0,100.0,600.0,1000.0,41.6,41.6,19065.006656,50.0,27.845074,380.709648,29887.006581,0.0,0.0,0.0,0.0,0.0
489,720.458483,150.0,120.0,100.0,350.45848,0.0,150.0,120.0,100.0,600.0,1000.0,41.6,41.6,17119.072768,50.0,47.97918,1266.650352,29971.072909,0.0,0.0,0.0,0.0,0.0
490,730.488452,250.0,105.0,100.0,275.48845,0.0,250.0,105.0,100.0,600.0,1000.0,41.6,41.6,14070.31952,100.0,89.97003,1979.208792,30388.319595,0.0,0.0,0.0,0.0,0.0
491,739.674865,300.0,105.0,100.0,234.67486,0.0,300.0,105.0,100.0,600.0,1000.0,41.6,41.6,12422.474176,50.0,40.81359,1077.478776,30770.474367,0.0,0.0,0.0,0.0,0.0
492,737.116388,375.0,90.0,100.0,172.11639,0.0,375.0,90.0,100.0,600.0,1000.0,28.4,41.6,9865.041824,75.0,77.55847,1651.543608,20934.105431,0.0,0.0,0.0,0.0,0.0
493,733.278674,450.0,11.162285,100.0,172.11639,0.0,450.0,90.0,100.0,600.0,1000.0,2.0,41.6,9782.366394,75.0,78.837715,0.0,1466.557348,0.0,0.0,0.0,0.0,78.837715
494,723.841976,350.0,90.0,100.0,183.84198,0.0,350.0,90.0,100.0,600.0,1000.0,41.6,41.6,10327.826368,90.563305,100.0,309.555576,30111.826193,0.0,0.0,0.0,0.0,0.0
495,715.41569,300.0,75.0,100.0,240.41569,0.0,300.0,75.0,100.0,600.0,1000.0,41.6,41.6,12601.292704,56.57371,65.0,1493.545944,29761.292696,0.0,0.0,0.0,0.0,0.0
496,709.269785,250.0,75.0,100.0,284.26979,0.0,250.0,75.0,100.0,600.0,1000.0,41.6,41.6,14375.623264,43.8541,50.0,1157.74824,29505.623073,0.0,0.0,0.0,0.0,0.0
497,737.311055,200.0,60.0,100.0,377.31105,0.0,200.0,60.0,100.0,600.0,1000.0,41.6,41.6,18166.13968,93.04126,65.0,2456.289264,30672.13988,0.0,0.0,0.0,0.0,0.0
498,741.853277,150.0,45.0,100.0,446.85328,0.0,150.0,45.0,100.0,600.0,1000.0,41.6,41.6,20979.096448,69.54223,65.0,1835.914872,30861.09634,0.0,0.0,0.0,0.0,0.0
499,727.058611,50.0,60.0,100.0,517.05861,0.0,50.0,60.0,100.0,600.0,1000.0,60.0,41.6,23829.638176,85.20533,100.0,1853.420712,43623.516636,0.0,0.0,0.0,0.0,0.0
500,693.78915,0.0,60.0,100.0,517.05861,16.730539,0.0,60.0,100.0,600.0,1000.0,76.0,76.0,25051.15914,16.730539,50.0,0.0,52727.9754,0.0,0.0,0.0,0.0,0.0
501,667.064198,0.0,90.0,100.0,477.0642,0.0,0.0,90.0,100.0,600.0,1000.0,41.6,41.6,22175.87072,30.0,56.724949,1055.852424,27749.870628,0.0,0.0,0.0,0.0,0.0
502,650.971753,0.0,120.0,100.0,430.97175,0.0,0.0,120.0,100.0,600.0,1000.0,41.6,41.6,20318.4248,30.0,46.09245,1216.84068,27080.424933,0.0,0.0,0.0,0.0,0.0
503,615.208706,0.0,150.0,100.0,365.20871,0.0,0.0,150.0,100.0,600.0,1000.0,41.6,41.6,17642.682336,30.0,65.76304,1736.144256,25592.682161,0.0,0.0,0.0,0.0,0.0
504,589.633214,0.0,197.58489,100.0,292.04832,0.0,0.0,225.0,100.0,600.0,1000.0,2.0,41.6,14694.379892,47.58489,73.16039,1931.434296,1179.266428,0.0,0.0,0.0,0.0,27.41511
505,572.048325,0.0,180.0,100.0,292.04832,0.0,0.0,180.0,100.0,600.0,1000.0,28.4,41.6,14659.210112,0.0,17.58489,0.0,16246.17243,0.0,0.0,0.0,0.0,0.0
506,561.684643,0.0,150.0,100.0,311.68464,0.0,0.0,150.0,100.0,600.0,1000.0,41.6,41.6,15416.081024,19.63632,30.0,518.398848,23366.081132,0.0,0.0,0.0,0.0,0.0
507,559.626737,0.0,135.0,100.0,324.62674,0.0,0.0,135.0,100.0,600.0,1000.0,41.6,41.6,15924.472384,12.9421,15.0,341.67144,23280.472276,0.0,0.0,0.0,0.0,0.0
508,567.561722,0.0,135.0,100.0,332.56172,0.0,0.0,135.0,100.0,600.0,1000.0,41.6,41.6,16254.567552,7.93498,0.0,209.483472,23610.567627,0.0,0.0,0.0,0.0,0.0
509,590.346992,0.0,135.0,100.0,355.34699,0.0,0.0,135.0,100.0,600.0,1000.0,41.6,41.6,17202.434784,22.78527,0.0,601.531128,24558.434859,0.0,0.0,0.0,0.0,0.0
510,653.168706,0.0,120.0,100.0,433.16871,0.0,0.0,120.0,100.0,600.0,1000.0,60.0,41.6,20409.818336,77.82172,15.0,2054.493408,39190.12236,0.0,0.0,0.0,0.0,0.0
511,716.908135,50.0,120.0,100.0,433.16871,13.739429,50.0,120.0,100.0,600.0,1000.0,76.0,76.0,21504.01494,63.739429,0.0,0.0,54485.01823,0.0,0.0,0.0,0.0,0.0
512,734.69696,100.0,120.0,100.0,414.69696,0.0,100.0,120.0,100.0,600.0,1000.0,41.6,41.6,19741.393536,50.0,32.211179,487.6542,30563.393528,0.0,0.0,0.0,0.0,0.0
513,740.314484,150.0,120.0,100.0,370.31448,0.0,150.0,120.0,100.0,600.0,1000.0,41.6,41.6,17945.082368,50.0,44.38248,1171.697472,30797.082526,0.0,0.0,0.0,0.0,0.0
514,751.744198,250.0,105.0,100.0,296.7442,0.0,250.0,105.0,100.0,600.0,1000.0,41.6,41.6,14954.55872,100.0,88.57028,1942.255392,31272.55862,0.0,0.0,0.0,0.0,0.0
515,757.639817,300.0,105.0,100.0,252.63982,0.0,300.0,105.0,100.0,600.0,1000.0,41.6,41.6,13169.816512,50.0,44.10438,1164.355632,31517.816379,0.0,0.0,0.0,0.0,0.0
516,752.281849,375.0,90.0,100.0,187.28185,0.0,375.0,90.0,100.0,600.0,1000.0,28.4,41.6,10495.92496,75.0,80.35797,1725.450408,21364.8045,0.0,0.0,0.0,0.0,0.0
517,749.760452,450.0,12.478603,100.0,187.28185,0.0,450.0,90.0,100.0,600.0,1000.0,2.0,41.6,10415.882166,75.0,77.521397,0.0,1499.520904,0.0,0.0,0.0,0.0,77.521397
518,738.432706,350.0,90.0,100.0,198.43271,0.0,350.0,90.0,100.0,600.0,1000.0,41.6,41.6,10934.800736,88.672257,100.0,294.382704,30718.800553,0.0,0.0,0.0,0.0,0.0
519,732.574166,300.0,75.0,100.0,257.57417,0.0,300.0,75.0,100.0,600.0,1000.0,41.6,41.6,13315.085472,59.14146,65.0,1561.334544,30475.085322,0.0,0.0,0.0,0.0,0.0
520,725.797912,250.0,75.0,100.0,300.79791,0.0,250.0,75.0,100.0,600.0,1000.0,41.6,41.6,15063.193056,43.22374,50.0,1141.106736,30193.193148,0.0,0.0,0.0,0.0,0.0
521,750.576198,200.0,60.0,100.0,390.5762,0.0,200.0,60.0,100.0,600.0,1000.0,41.6,41.6,18717.96992,89.77829,65.0,2370.146856,31223.969837,0.0,0.0,0.0,0.0,0.0
522,753.264452,150.0,45.0,100.0,458.26445,0.0,150.0,45.0,100.0,600.0,1000.0,41.6,41.6,21453.80112,67.68825,65.0,1786.9698,31335.801195,0.0,0.0,0.0,0.0,0.0
523,737.385214,50.0,60.0,100.0,527.38521,0.0,50.0,60.0,100.0,600.0,1000.0,60.0,41.6,24259.224736,84.12076,100.0,1824.788064,44243.112816,0.0,0.0,0.0,0.0,0.0
524,701.501658,0.0,60.0,100.0,527.38521,14.116444,0.0,60.0,100.0,600.0,1000.0,76.0,76.0,25282.07448,14.116444,50.0,0.0,53314.126008,0.0,0.0,0.0,0.0,0.0
525,675.564643,0.0,90.0,100.0,485.56464,0.0,0.0,90.0,100.0,600.0,1000.0,41.6,41.6,22529.489024,30.0,55.937014,1104.063048,28103.489132,0.0,0.0,0.0,0.0,0.0
526,656.172134,0.0,120.0,100.0,436.17213,0.0,0.0,120.0,100.0,600.0,1000.0,41.6,41.6,20534.760608,30.0,49.39251,1303.962264,27296.760791,0.0,0.0,0.0,0.0,0.0
527,623.356896,0.0,150.0,100.0,373.3569,0.0,0.0,150.0,100.0,600.0,1000.0,41.6,41.6,17981.64704,30.0,62.81523,1658.322072,25931.646874,0.0,0.0,0.0,0.0,0.0
528,602.314357,0.0,199.12368,100.0,303.19067,0.0,0.0,225.0,100.0,600.0,1000.0,2.0,41.6,15160.979232,49.12368,70.16623,1852.388472,1204.628713,0.0,0.0,0.0,0.0,25.87632
529,583.190674,0.0,180.0,100.0,303.19067,0.0,0.0,180.0,100.0,600.0,1000.0,28.4,41.6,15122.731872,0.0,19.12368,0.0,16562.615147,0.0,0.0,0.0,0.0,0.0
530,572.205912,0.0,150.0,100.0,322.20591,0.0,0.0,150.0,100.0,600.0,1000.0,41.6,41.6,15853.765856,19.01524,30.0,502.002336,23803.765939,0.0,0.0,0.0,0.0,0.0
531,569.601087,0.0,135.0,100.0,334.60109,0.0,0.0,135.0,100.0,600.0,1000.0,41.6,41.6,16339.405344,12.39518,15.0,327.232752,23695.405219,0.0,0.0,0.0,0.0,0.0
532,577.239436,0.0,135.0,100.0,342.23944,0.0,0.0,135.0,100.0,600.0,1000.0,41.6,41.6,16657.160704,7.63835,0.0,201.65244,24013.160546,0.0,0.0,0.0,0.0,0.0
533,603.074483,0.0,135.0,100.0,368.07448,0.0,0.0,135.0,100.0,600.0,1000.0,41.6,41.6,17731.898368,25.83504,0.0,682.045056,25087.898509,0.0,0.0,0.0,0.0,0.0
534,667.611119,0.0,120.0,100.0,447.61112,0.0,0.0,120.0,100.0,600.0,1000.0,60.0,41.6,21010.622592,79.53664,15.0,2099.767296,40056.667128,0.0,0.0,0.0,0.0,0.0
535,728.022674,50.0,120.0,100.0,447.61112,10.411555,50.0,120.0,100.0,600.0,1000.0,76.0,76.0,21851.900772,60.411555,0.0,0.0,55329.723209,0.0,0.0,0.0,0.0,0.0
536,743.744325,100.0,120.0,100.0,423.74433,0.0,100.0,120.0,100.0,600.0,1000.0,41.6,41.6,20117.764128,50.0,34.278345,630.083256,30939.76392,0.0,0.0,0.0,0.0,0.0
537,744.161468,150.0,120.0,100.0,374.16147,0.0,150.0,120.0,100.0,600.0,1000.0,41.6,41.6,18105.117152,50.0,49.58286,1308.987504,30957.11706,0.0,0.0,0.0,0.0,0.0
538,750.094166,250.0,105.0,100.0,295.09417,0.0,250.0,105.0,100.0,600.0,1000.0,41.6,41.6,14885.917472,100.0,94.0673,2087.37672,31203.917322,0.0,0.0,0.0,0.0,0.0
539,757.009468,300.0,105.0,100.0,252.00947,0.0,300.0,105.0,100.0,600.0,1000.0,41.6,41.6,13143.593952,50.0,43.0847,1137.43608,31491.593852,0.0,0.0,0.0,0.0,0.0
540,754.413912,375.0,90.0,100.0,189.41391,0.0,375.0,90.0,100.0,600.0,1000.0,28.4,41.6,10584.618656,75.0,77.59556,1652.522784,21425.355101,0.0,0.0,0.0,0.0,0.0
541,749.176452,450.0,9.76254,100.0,189.41391,0.0,450.0,90.0,100.0,600.0,1000.0,2.0,41.6,10499.143736,75.0,80.23746,0.0,1498.352904,0.0,0.0,0.0,0.0,80.23746
542,739.406039,350.0,90.0,100.0,199.40604,0.0,350.0,90.0,100.0,600.0,1000.0,41.6,41.6,10975.291264,90.22959,100.0,263.792232,30759.291239,0.0,0.0,0.0,0.0,0.0
543,734.798928,300.0,75.0,100.0,259.79893,0.0,300.0,75.0,100.0,600.0,1000.0,41.6,41.6,13407.635488,60.39289,65.0,1594.372296,30567.635405,0.0,0.0,0.0,0.0,0.0
544,730.812896,250.0,75.0,100.0,305.8129,0.0,250.0,75.0,100.0,600.0,1000.0,41.6,41.6,15271.81664,46.01397,50.0,1214.768808,30401.81649,0.0,0.0,0.0,0.0,0.0
545,758.177468,200.0,60.0,100.0,398.17747,0.0,200.0,60.0,100.0,600.0,1000.0,41.6,41.6,19034.182752,92.36457,65.0,2438.424648,31540.18266,0.0,0.0,0.0,0.0,0.0
546,761.755627,150.0,45.0,100.0,466.75563,0.0,150.0,45.0,100.0,600.0,1000.0,41.6,41.6,21807.034208,68.57816,65.0,1810.463424,31689.034067,0.0,0.0,0.0,0.0,0.0
547,745.449976,50.0,60.0,100.0,535.44998,0.0,50.0,60.0,100.0,600.0,1000.0,60.0,41.6,24594.719168,83.69435,100.0,1813.53084,44726.998536,0.0,0.0,0.0,0.0,0.0
548,709.844515,0.0,60.0,100.0,535.44998,14.39454,0.0,60.0,100.0,600.0,1000.0,76.0,76.0,25638.704208,14.39454,50.0,0.0,53948.183155,0.0,0.0,0.0,0.0,0.0
549,685.61315,0.0,90.0,100.0,495.61315,0.0,0.0,90.0,100.0,600.0,1000.0,41.6,41.6,22947.50704,30.0,54.23137,1051.692312,28521.507057,0.0,0.0,0.0,0.0,0.0
550,670.253023,0.0,120.0,100.0,450.25302,0.0,0.0,120.0,100.0,600.0,1000.0,41.6,41.6,21120.525632,30.0,45.36013,1197.507432,27882.525765,0.0,0.0,0.0,0.0,0.0
551,632.793595,0.0,150.0,100.0,382.79359,0.0,0.0,150.0,100.0,600.0,1000.0,41.6,41.6,18374.213344,30.0,67.45943,1780.928952,26324.213535,0.0,0.0,0.0,0.0,0.0
552,607.34788,0.0,199.67987,100.0,307.66801,0.0,0.0,225.0,100.0,600.0,1000.0,2.0,41.6,15348.348956,49.67987,75.12558,1983.315312,1214.69576,0.0,0.0,0.0,0.0,25.32013
553,587.668007,0.0,180.0,100.0,307.66801,0.0,0.0,180.0,100.0,600.0,1000.0,28.4,41.6,15308.989216,0.0,19.67987,0.0,16689.77141,0.0,0.0,0.0,0.0,0.0
554,577.248706,0.0,150.0,100.0,327.24871,0.0,0.0,150.0,100.0,600.0,1000.0,41.6,41.6,16063.546336,19.5807,30.0,516.93048,24013.546153,0.0,0.0,0.0,0.0,0.0
555,573.716896,0.0,135.0,100.0,338.7169,0.0,0.0,135.0,100.0,600.0,1000.0,41.6,41.6,16510.62304,11.46819,15.0,302.760216,23866.622882,0.0,0.0,0.0,0.0,0.0
556,579.723754,0.0,135.0,100.0,344.72375,0.0,0.0,135.0,100.0,600.0,1000.0,41.6,41.6,16760.508,6.00685,0.0,158.58084,24116.50815,0.0,0.0,0.0,0.0,0.0
557,600.719944,0.0,135.0,100.0,365.71994,0.0,0.0,135.0,100.0,600.0,1000.0,41.6,41.6,17633.949504,20.99619,0.0,554.299416,24989.949679,0.0,0.0,0.0,0.0,0.0
558,665.256579,0.0,120.0,100.0,445.25658,0.0,0.0,120.0,100.0,600.0,1000.0,60.0,41.6,20912.673728,79.53664,15.0,2099.767296,39915.39474,0.0,0.0,0.0,0.0,0.0
559,730.099118,50.0,120.0,100.0,445.25658,14.842539,50.0,120.0,100.0,600.0,1000.0,76.0,76.0,22090.706692,64.842539,0.0,0.0,55487.532998,0.0,0.0,0.0,0.0,0.0
560,749.065214,100.0,120.0,100.0,429.06521,0.0,100.0,120.0,100.0,600.0,1000.0,41.6,41.6,20339.112736,50.0,31.033909,427.452168,31161.112894,0.0,0.0,0.0,0.0,0.0
561,749.463817,150.0,120.0,100.0,379.46382,0.0,150.0,120.0,100.0,600.0,1000.0,41.6,41.6,18325.694912,50.0,49.60139,1309.476696,31177.694796,0.0,0.0,0.0,0.0,0.0
562,753.755753,250.0,105.0,100.0,298.75575,0.0,250.0,105.0,100.0,600.0,1000.0,41.6,41.6,15038.2392,100.0,95.70807,2130.693048,31356.239341,0.0,0.0,0.0,0.0,0.0
563,760.36515,300.0,105.0,100.0,255.36515,0.0,300.0,105.0,100.0,600.0,1000.0,41.6,41.6,13283.19024,50.0,43.3906,1145.51184,31631.19024,0.0,0.0,0.0,0.0,0.0
564,759.80896,375.0,90.0,100.0,194.80896,0.0,375.0,90.0,100.0,600.0,1000.0,28.4,41.6,10809.052736,75.0,75.55619,1598.683416,21578.574453,0.0,0.0,0.0,0.0,0.0
565,755.609722,450.0,10.800762,100.0,194.80896,0.0,450.0,90.0,100.0,600.0,1000.0,2.0,41.6,10725.65426,75.0,79.199238,0.0,1511.219443,0.0,0.0,0.0,0.0,79.199238
566,746.265722,350.0,90.0,100.0,206.26572,0.0,350.0,90.0,100.0,600.0,1000.0,41.6,41.6,11260.653952,90.655998,100.0,302.458464,31044.654027,0.0,0.0,0.0,0.0,0.0
567,739.146484,300.0,75.0,100.0,264.14648,0.0,300.0,75.0,100.0,600.0,1000.0,41.6,41.6,13588.493568,57.88076,65.0,1528.052064,30748.493718,0.0,0.0,0.0,0.0,0.0
568,732.129214,250.0,75.0,100.0,307.12921,0.0,250.0,75.0,100.0,600.0,1000.0,41.6,41.6,15326.575136,42.98273,50.0,1134.744072,30456.575286,0.0,0.0,0.0,0.0,0.0
569,760.874992,200.0,60.0,100.0,400.87499,0.0,200.0,60.0,100.0,600.0,1000.0,41.6,41.6,19146.399584,93.74578,65.0,2474.888592,31652.399651,0.0,0.0,0.0,0.0,0.0
570,763.859881,150.0,45.0,100.0,468.85988,0.0,150.0,45.0,100.0,600.0,1000.0,41.6,41.6,21894.571008,67.98489,65.0,1794.801096,31776.571033,0.0,0.0,0.0,0.0,0.0
571,747.220516,50.0,60.0,100.0,537.22052,0.0,50.0,60.0,100.0,600.0,1000.0,60.0,41.6,24668.373632,83.36064,100.0,1804.720896,44833.230936,0.0,0.0,0.0,0.0,0.0
572,709.779626,0.0,60.0,100.0,537.22052,12.559111,0.0,60.0,100.0,600.0,1000.0,76.0,76.0,25572.866068,12.559111,50.0,0.0,53943.251606,0.0,0.0,0.0,0.0,0.0
573,682.934166,0.0,90.0,100.0,492.93417,0.0,0.0,90.0,100.0,600.0,1000.0,41.6,41.6,22836.061472,30.0,56.845461,1169.15964,28410.061306,0.0,0.0,0.0,0.0,0.0
574,667.954103,0.0,120.0,100.0,447.9541,0.0,0.0,120.0,100.0,600.0,1000.0,41.6,41.6,21024.89056,30.0,44.98007,1187.473848,27786.890676,0.0,0.0,0.0,0.0,0.0
575,635.657975,0.0,150.0,100.0,385.65798,0.0,0.0,150.0,100.0,600.0,1000.0,41.6,41.6,18493.371968,30.0,62.29612,1644.617568,26443.371777,0.0,0.0,0.0,0.0,0.0
576,608.497341,0.0,199.69841,100.0,308.79893,0.0,0.0,225.0,100.0,600.0,1000.0,2.0,41.6,15395.432308,49.69841,76.85905,2029.07892,1216.994682,0.0,0.0,0.0,0.0,25.30159
577,588.798928,0.0,180.0,100.0,308.79893,0.0,0.0,180.0,100.0,600.0,1000.0,28.4,41.6,15356.035488,0.0,19.69841,0.0,16721.889561,0.0,0.0,0.0,0.0,0.0
578,576.803753,0.0,150.0,100.0,326.80375,0.0,0.0,150.0,100.0,600.0,1000.0,41.6,41.6,16045.036,18.00482,30.0,475.327248,23995.036141,0.0,0.0,0.0,0.0,0.0
579,572.845531,0.0,135.0,100.0,337.84553,0.0,0.0,135.0,100.0,600.0,1000.0,41.6,41.6,16474.374048,11.04178,15.0,291.502992,23830.374098,0.0,0.0,0.0,0.0,0.0
580,580.094547,0.0,135.0,100.0,345.09455,0.0,0.0,135.0,100.0,600.0,1000.0,41.6,41.6,16775.93328,7.24902,0.0,191.374128,24131.933155,0.0,0.0,0.0,0.0,0.0
581,601.823055,0.0,135.0,100.0,366.82306,0.0,0.0,135.0,100.0,600.0,1000.0,41.6,41.6,17679.839296,21.72851,0.0,573.632664,25035.839088,0.0,0.0,0.0,0.0,0.0
582,663.346991,0.0,120.0,100.0,443.34699,0.0,0.0,120.0,100.0,600.0,1000.0,60.0,41.6,20833.234784,76.52393,15.0,2020.231752,39800.819484,0.0,0.0,0.0,0.0,0.0
583,730.238166,50.0,120.0,100.0,443.34699,16.891175,50.0,120.0,100.0,600.0,1000.0,76.0,76.0,22166.964084,66.891175,0.0,0.0,55498.100616,0.0,0.0,0.0,0.0,0.0
584,748.416325,100.0,120.0,100.0,428.41632,0.0,100.0,120.0,100.0,600.0,1000.0,41.6,41.6,20312.118912,50.0,31.821845,394.169688,31134.119103,0.0,0.0,0.0,0.0,0.0
585,750.770864,150.0,120.0,100.0,380.77086,0.0,150.0,120.0,100.0,600.0,1000.0,41.6,41.6,18380.067776,50.0,47.64546,1257.840144,31232.067959,0.0,0.0,0.0,0.0,0.0
586,754.858865,250.0,105.0,100.0,299.85886,0.0,250.0,105.0,100.0,600.0,1000.0,41.6,41.6,15084.128576,100.0,95.912,2136.0768,31402.128776,0.0,0.0,0.0,0.0,0.0
587,758.427754,300.0,105.0,100.0,253.42775,0.0,300.0,105.0,100.0,600.0,1000.0,41.6,41.6,13202.5944,50.0,46.43111,1225.781304,31550.59455,0.0,0.0,0.0,0.0,0.0
588,753.598166,375.0,90.0,100.0,188.59817,0.0,375.0,90.0,100.0,600.0,1000.0,28.4,41.6,10550.683872,75.0,79.82958,1711.500912,21402.187926,0.0,0.0,0.0,0.0,0.0
589,741.964516,450.0,3.366349,100.0,188.59817,0.0,450.0,90.0,100.0,600.0,1000.0,2.0,41.6,10452.41657,75.0,86.633651,0.0,1483.929031,0.0,0.0,0.0,0.0,86.633651
590,731.563753,350.0,90.0,100.0,191.56375,0.0,350.0,90.0,100.0,600.0,1000.0,41.6,41.6,10649.052,89.599231,100.0,78.291312,30433.052133,0.0,0.0,0.0,0.0,0.0
591,724.036642,300.0,75.0,100.0,249.03664,0.0,300.0,75.0,100.0,600.0,1000.0,41.6,41.6,12959.924224,57.47289,65.0,1517.284296,30119.924316,0.0,0.0,0.0,0.0,0.0
592,721.802611,250.0,75.0,100.0,296.80261,0.0,250.0,75.0,100.0,600.0,1000.0,41.6,41.6,14896.988576,47.76597,50.0,1261.021608,30026.988601,0.0,0.0,0.0,0.0,0.0
593,749.380388,200.0,60.0,100.0,389.38039,0.0,200.0,60.0,100.0,600.0,1000.0,41.6,41.6,18668.224224,92.57778,65.0,2444.053392,31174.224157,0.0,0.0,0.0,0.0,0.0
594,750.344452,150.0,45.0,100.0,455.34445,0.0,150.0,45.0,100.0,600.0,1000.0,41.6,41.6,21332.32912,65.96406,65.0,1741.451184,31214.329187,0.0,0.0,0.0,0.0,0.0
595,729.135055,50.0,60.0,100.0,519.13506,0.0,50.0,60.0,100.0,600.0,1000.0,60.0,41.6,23916.018496,78.79061,100.0,1684.072104,43748.103312,0.0,0.0,0.0,0.0,0.0
596,690.127563,0.0,60.0,100.0,519.13506,10.992508,0.0,60.0,100.0,600.0,1000.0,76.0,76.0,24701.449104,10.992508,50.0,0.0,52449.694788,0.0,0.0,0.0,0.0,0.0
597,663.893912,0.0,90.0,100.0,473.89391,0.0,0.0,90.0,100.0,600.0,1000.0,41.6,41.6,22043.986656,30.0,56.233658,1194.36636,27617.986756,0.0,0.0,0.0,0.0,0.0
598,653.317023,0.0,120.0,100.0,433.31702,0.0,0.0,120.0,100.0,600.0,1000.0,41.6,41.6,20415.988032,30.0,40.57689,1071.229896,27177.988157,0.0,0.0,0.0,0.0,0.0
599,629.196896,0.0,150.0,100.0,379.1969,0.0,0.0,150.0,100.0,600.0,1000.0,41.6,41.6,18224.59104,30.0,54.12012,1428.771168,26174.59089,0.0,0.0,0.0,0.0,0.0
600,600.599436,0.0,204.99149,100.0,295.60794,0.0,0.0,225.0,100.0,600.0,1000.0,2.0,41.6,14857.273284,54.99149,83.58896,2206.748544,1201.198872,0.0,0.0,0.0,0.0,20.00851
601,575.607944,0.0,180.0,100.0,295.60794,0.0,0.0,180.0,100.0,600.0,1000.0,28.4,41.6,14807.290304,0.0,24.99149,0.0,16347.265604,0.0,0.0,0.0,0.0,0.0
602,558.699754,0.0,150.0,100.0,308.69975,0.0,0.0,150.0,100.0,600.0,1000.0,60.0,41.6,15291.9096,13.09181,30.0,345.623784,33521.985216,0.0,0.0,0.0,0.0,0.0
603,548.660515,0.0,135.0,100.0,308.69975,4.960762,0.0,135.0,100.0,600.0,1000.0,76.0,76.0,15638.927482,4.960762,15.0,0.0,41698.199155,0.0,0.0,0.0,0.0,0.0
604,543.246928,0.0,135.0,100.0,308.24693,0.0,0.0,135.0,100.0,600.0,1000.0,41.6,41.6,15243.072288,0.0,5.413582,11.954448,22599.072213,0.0,0.0,0.0,0.0,0.0
605,533.606293,0.0,135.0,100.0,298.60629,0.0,0.0,135.0,100.0,600.0,1000.0,7.2,41.6,14842.021664,0.0,9.64064,254.512896,3841.965311,0.0,0.0,0.0,0.0,0.0
606,523.743182,0.0,120.0,100.0,298.60629,5.136889,0.0,120.0,100.0,600.0,1000.0,76.0,76.0,15202.425198,5.136889,15.0,0.0,39804.481817,0.0,0.0,0.0,0.0,0.0
607,553.786738,50.0,120.0,100.0,283.78674,0.0,50.0,120.0,100.0,600.0,1000.0,41.6,41.6,14245.528384,50.0,19.956439,391.23612,23037.528284,0.0,0.0,0.0,0.0,0.0
608,585.610103,100.0,120.0,100.0,265.6101,0.0,100.0,120.0,100.0,600.0,1000.0,41.6,41.6,13539.38016,50.0,18.17664,479.863296,24361.380276,0.0,0.0,0.0,0.0,0.0
609,618.777595,150.0,120.0,100.0,248.77759,0.0,150.0,120.0,100.0,600.0,1000.0,41.6,41.6,12889.147744,50.0,16.83251,444.378264,25741.147935,0.0,0.0,0.0,0.0,0.0
610,640.283626,250.0,105.0,100.0,185.28363,0.0,250.0,105.0,100.0,600.0,1000.0,41.6,41.6,10317.799008,100.0,78.49396,1676.240544,26635.79885,0.0,0.0,0.0,0.0,0.0
611,643.759817,300.0,105.0,100.0,138.75982,0.0,300.0,105.0,100.0,600.0,1000.0,41.6,41.6,8432.408512,50.0,46.52381,1228.228584,26780.408379,0.0,0.0,0.0,0.0,0.0
612,637.882738,375.0,90.0,100.0,72.882738,0.0,375.0,90.0,100.0,600.0,1000.0,41.6,41.6,5736.921901,75.0,80.877082,1739.154965,26535.921884,0.0,0.0,0.0,0.0,0.0
613,623.11588,450.0,2.82946,100.0,70.28642,0.0,450.0,90.0,100.0,600.0,1000.0,2.0,41.6,5529.573992,75.0,89.766858,68.542795,1246.23176,0.0,0.0,0.0,0.0,87.17054
614,610.28642,350.0,90.0,100.0,70.28642,0.0,350.0,90.0,100.0,600.0,1000.0,28.4,41.6,5603.915072,87.17054,100.0,0.0,17332.134339,0.0,0.0,0.0,0.0,0.0
615,601.952833,300.0,75.0,100.0,126.95283,0.0,300.0,75.0,100.0,600.0,1000.0,41.6,41.6,7881.237728,56.66641,65.0,1495.993224,25041.237836,0.0,0.0,0.0,0.0,0.0
616,602.991055,250.0,75.0,100.0,177.99106,0.0,250.0,75.0,100.0,600.0,1000.0,41.6,41.6,9954.428096,51.03823,50.0,1347.409272,25084.427896,0.0,0.0,0.0,0.0,0.0
617,643.787626,200.0,60.0,100.0,283.78763,0.0,200.0,60.0,100.0,600.0,1000.0,41.6,41.6,14275.565408,105.79657,65.0,2793.029448,26781.56525,0.0,0.0,0.0,0.0,0.0
618,656.737595,150.0,45.0,100.0,361.73759,0.0,150.0,45.0,100.0,600.0,1000.0,41.6,41.6,17438.283744,77.94996,65.0,2057.878944,27320.283944,0.0,0.0,0.0,0.0,0.0
619,634.693912,50.0,60.0,100.0,424.69391,0.0,50.0,60.0,100.0,600.0,1000.0,60.0,41.6,19987.266656,77.95632,100.0,1662.046848,38081.634732,0.0,0.0,0.0,0.0,0.0
620,595.018991,0.0,60.0,100.0,424.69391,10.325079,0.0,60.0,100.0,600.0,1000.0,76.0,76.0,20721.97266,10.325079,50.0,0.0,45221.443346,0.0,0.0,0.0,0.0,0.0
621,575.283499,0.0,90.0,100.0,385.2835,0.0,0.0,90.0,100.0,600.0,1000.0,41.6,41.6,18357.7936,30.0,49.735489,1040.434824,23931.793567,0.0,0.0,0.0,0.0,0.0
622,579.213912,0.0,120.0,100.0,359.21391,0.0,0.0,120.0,100.0,600.0,1000.0,41.6,41.6,17333.298656,30.0,26.06959,688.237176,24095.298739,0.0,0.0,0.0,0.0,0.0
623,559.255944,0.0,150.0,100.0,309.25594,0.0,0.0,150.0,100.0,600.0,1000.0,41.6,41.6,15315.047104,30.0,49.95797,1318.890408,23265.04727,0.0,0.0,0.0,0.0,0.0
624,537.29569,0.0,199.56864,100.0,237.72706,0.0,0.0,225.0,100.0,600.0,1000.0,2.0,41.6,12438.582976,49.56864,71.52888,1888.362432,1074.59138,0.0,0.0,0.0,0.0,25.43136
625,517.727055,0.0,180.0,100.0,237.72706,0.0,0.0,180.0,100.0,600.0,1000.0,28.4,41.6,12399.445696,0.0,19.56864,0.0,14703.448362,0.0,0.0,0.0,0.0,0.0
626,503.952071,0.0,150.0,100.0,253.95207,0.0,0.0,150.0,100.0,600.0,1000.0,41.6,41.6,13014.406112,16.22501,30.0,428.340264,20964.406145,0.0,0.0,0.0,0.0,0.0
627,495.82242,0.0,135.0,100.0,256.71588,4.10654,0.0,135.0,100.0,600.0,1000.0,76.0,76.0,13411.477633,6.87035,15.0,72.964584,37682.50392,0.0,0.0,0.0,0.0,0.0
628,491.71588,0.0,135.0,100.0,256.71588,0.0,0.0,135.0,100.0,600.0,1000.0,60.0,41.6,13099.380608,0.0,4.10654,0.0,29502.952812,0.0,0.0,0.0,0.0,0.0
629,486.46915,0.0,135.0,100.0,251.46915,0.0,0.0,135.0,100.0,600.0,1000.0,7.2,41.6,12881.11664,0.0,5.24673,138.513672,3502.577881,0.0,0.0,0.0,0.0,0.0
630,474.511055,0.0,120.0,100.0,251.46915,3.041905,0.0,120.0,100.0,600.0,1000.0,76.0,76.0,13082.30139,3.041905,15.0,0.0,36062.840165,0.0,0.0,0.0,0.0,0.0
631,490.102928,50.0,120.0,100.0,220.10293,0.0,50.0,120.0,100.0,600.0,1000.0,41.6,41.6,11596.281888,50.0,34.408125,828.068208,20388.281796,0.0,0.0,0.0,0.0,0.0
632,518.338865,100.0,120.0,100.0,198.33886,0.0,100.0,120.0,100.0,600.0,1000.0,41.6,41.6,10740.896576,50.0,21.76407,574.571448,21562.896776,0.0,0.0,0.0,0.0,0.0
633,550.384706,150.0,120.0,100.0,180.38471,0.0,150.0,120.0,100.0,600.0,1000.0,41.6,41.6,10044.003936,50.0,17.95415,473.98956,22896.003761,0.0,0.0,0.0,0.0,0.0
634,578.982166,250.0,105.0,100.0,123.98217,0.0,250.0,105.0,100.0,600.0,1000.0,41.6,41.6,7767.658272,100.0,71.40254,1489.027056,24085.658114,0.0,0.0,0.0,0.0,0.0
635,605.197277,300.0,105.0,100.0,100.19728,0.0,300.0,105.0,100.0,600.0,1000.0,41.6,41.6,6828.206848,50.0,23.78489,627.921096,25176.20674,0.0,0.0,0.0,0.0,0.0
636,603.436007,375.0,90.0,100.0,38.436007,0.0,375.0,90.0,100.0,600.0,1000.0,41.6,41.6,4303.937891,75.0,76.761273,1630.497607,25102.937908,0.0,0.0,0.0,0.0,0.0
637,583.700515,450.0,4.516571,100.0,29.183944,0.0,450.0,90.0,100.0,600.0,1000.0,2.0,41.6,3823.085212,75.0,94.735492,244.254463,1167.40103,0.0,0.0,0.0,0.0,85.483429
638,569.183944,350.0,90.0,100.0,29.183944,0.0,350.0,90.0,100.0,600.0,1000.0,28.4,41.6,3894.05207,85.483429,100.0,0.0,16164.824015,0.0,0.0,0.0,0.0,0.0
639,558.89442,300.0,75.0,100.0,83.89442,0.0,300.0,75.0,100.0,600.0,1000.0,41.6,41.6,6090.007872,54.710476,65.0,1444.356566,23250.007872,0.0,0.0,0.0,0.0,0.0
640,558.004516,250.0,75.0,100.0,133.00452,0.0,250.0,75.0,100.0,600.0,1000.0,41.6,41.6,8082.988032,49.1101,50.0,1296.50664,23212.987849,0.0,0.0,0.0,0.0,0.0
641,594.657468,200.0,60.0,100.0,234.65747,0.0,200.0,60.0,100.0,600.0,1000.0,41.6,41.6,12231.750752,101.65295,65.0,2683.63788,24737.750669,0.0,0.0,0.0,0.0,0.0
642,616.376706,150.0,45.0,100.0,321.37671,0.0,150.0,45.0,100.0,600.0,1000.0,41.6,41.6,15759.271136,86.71924,65.0,2289.387936,25641.27097,0.0,0.0,0.0,0.0,0.0
643,605.586611,50.0,60.0,100.0,395.58661,0.0,50.0,60.0,100.0,600.0,1000.0,60.0,41.6,18776.402976,89.2099,100.0,1959.14136,36335.196648,0.0,0.0,0.0,0.0,0.0
644,582.013404,0.0,60.0,100.0,395.58661,26.426793,0.0,60.0,100.0,600.0,1000.0,76.0,76.0,20734.839244,26.426793,50.0,0.0,44233.018704,0.0,0.0,0.0,0.0,0.0
645,570.361214,0.0,90.0,100.0,380.36121,0.0,0.0,90.0,100.0,600.0,1000.0,41.6,41.6,18153.026336,30.0,41.652193,401.95056,23727.026494,0.0,0.0,0.0,0.0,0.0
646,574.495563,0.0,120.0,100.0,354.49556,0.0,0.0,120.0,100.0,600.0,1000.0,41.6,41.6,17137.015296,30.0,25.86565,682.85316,23899.015421,0.0,0.0,0.0,0.0,0.0
647,548.855182,0.0,150.0,100.0,298.85518,0.0,0.0,150.0,100.0,600.0,1000.0,41.6,41.6,14882.375488,30.0,55.64038,1468.906032,22832.37558,0.0,0.0,0.0,0.0,0.0
648,526.978357,0.0,193.68229,100.0,233.29607,0.0,0.0,225.0,100.0,600.0,1000.0,2.0,41.6,12242.481092,43.68229,65.55911,1730.760504,1053.956713,0.0,0.0,0.0,0.0,31.31771
649,513.296071,0.0,180.0,100.0,233.29607,0.0,0.0,180.0,100.0,600.0,1000.0,28.4,41.6,12215.116512,0.0,13.68229,0.0,14577.608405,0.0,0.0,0.0,0.0,0.0
650,507.011119,0.0,150.0,100.0,257.01112,0.0,0.0,150.0,100.0,600.0,1000.0,41.6,41.6,13141.662592,23.71505,30.0,626.07732,21091.662534,0.0,0.0,0.0,0.0,0.0
651,507.5395,0.0,135.0,100.0,272.5395,0.0,0.0,135.0,100.0,600.0,1000.0,41.6,41.6,13757.6432,15.52838,15.0,409.949232,21113.643183,0.0,0.0,0.0,0.0,0.0
652,520.804642,0.0,135.0,100.0,285.80464,0.0,0.0,135.0,100.0,600.0,1000.0,41.6,41.6,14309.473024,13.26514,0.0,350.199696,21665.473116,0.0,0.0,0.0,0.0,0.0
653,551.29315,0.0,135.0,100.0,316.29315,0.0,0.0,135.0,100.0,600.0,1000.0,41.6,41.6,15577.79504,30.48851,0.0,804.896664,22933.795048,0.0,0.0,0.0,0.0,0.0
654,625.831944,0.0,120.0,100.0,405.83194,0.0,0.0,120.0,100.0,600.0,1000.0,60.0,41.6,19272.608704,89.53879,15.0,2363.824056,37549.91664,0.0,0.0,0.0,0.0,0.0
655,695.318674,50.0,120.0,100.0,405.83194,19.48673,50.0,120.0,100.0,600.0,1000.0,76.0,76.0,20803.600184,69.48673,0.0,0.0,52844.219239,0.0,0.0,0.0,0.0,0.0
656,714.099373,100.0,120.0,100.0,394.09937,0.0,100.0,120.0,100.0,600.0,1000.0,41.6,41.6,18884.533792,50.0,31.2193,309.739848,29706.5339,0.0,0.0,0.0,0.0,0.0
657,718.650865,150.0,120.0,100.0,348.65086,0.0,150.0,120.0,100.0,600.0,1000.0,41.6,41.6,17043.875776,50.0,45.44851,1199.840664,29895.875967,0.0,0.0,0.0,0.0,0.0
658,725.037785,250.0,105.0,100.0,270.03779,0.0,250.0,105.0,100.0,600.0,1000.0,41.6,41.6,13843.572064,100.0,93.61307,2075.385048,30161.571873,0.0,0.0,0.0,0.0,0.0
659,733.816325,300.0,105.0,100.0,228.81632,0.0,300.0,105.0,100.0,600.0,1000.0,41.6,41.6,12178.758912,50.0,41.22147,1088.246808,30526.759112,0.0,0.0,0.0,0.0,0.0
660,725.677404,375.0,90.0,100.0,160.6774,0.0,375.0,90.0,100.0,600.0,1000.0,28.4,41.6,9389.17984,75.0,83.13892,1798.867488,20609.238274,0.0,0.0,0.0,0.0,0.0
661,723.999563,450.0,13.322159,100.0,160.6774,0.0,450.0,90.0,100.0,600.0,1000.0,2.0,41.6,9310.824158,75.0,76.677841,0.0,1447.999126,0.0,0.0,0.0,0.0,76.677841
662,715.842103,350.0,90.0,100.0,175.8421,0.0,350.0,90.0,100.0,600.0,1000.0,41.6,41.6,9995.03136,91.842541,100.0,400.34808,29779.031468,0.0,0.0,0.0,0.0,0.0
663,707.406547,300.0,75.0,100.0,232.40655,0.0,300.0,75.0,100.0,600.0,1000.0,41.6,41.6,12268.11248,56.56445,65.0,1493.30148,29428.112364,0.0,0.0,0.0,0.0,0.0
664,698.368452,250.0,75.0,100.0,273.36845,0.0,250.0,75.0,100.0,600.0,1000.0,41.6,41.6,13922.12752,40.9619,50.0,1081.39416,29052.127603,0.0,0.0,0.0,0.0,0.0
665,724.898738,200.0,60.0,100.0,364.89874,0.0,200.0,60.0,100.0,600.0,1000.0,41.6,41.6,17649.787584,91.53029,65.0,2416.399656,30155.787492,0.0,0.0,0.0,0.0,0.0
666,735.012134,150.0,45.0,100.0,440.01213,0.0,150.0,45.0,100.0,600.0,1000.0,41.6,41.6,20694.504608,75.11339,65.0,1982.993496,30576.504791,0.0,0.0,0.0,0.0,0.0
667,720.161849,50.0,60.0,100.0,510.16185,0.0,50.0,60.0,100.0,600.0,1000.0,60.0,41.6,23542.73296,85.14972,100.0,1851.952608,43209.710928,0.0,0.0,0.0,0.0,0.0
668,683.119563,0.0,60.0,100.0,510.16185,12.957714,0.0,60.0,100.0,600.0,1000.0,76.0,76.0,24477.519224,12.957714,50.0,0.0,51917.086788,0.0,0.0,0.0,0.0,0.0
669,656.99715,0.0,90.0,100.0,466.99715,0.0,0.0,90.0,100.0,600.0,1000.0,41.6,41.6,21757.08144,30.0,56.122414,1139.54808,27331.08144,0.0,0.0,0.0,0.0,0.0
670,642.091246,0.0,120.0,100.0,422.09125,0.0,0.0,120.0,100.0,600.0,1000.0,41.6,41.6,19948.996,30.0,44.9059,1185.51576,26710.995817,0.0,0.0,0.0,0.0,0.0
671,600.729214,0.0,150.0,100.0,350.72921,0.0,0.0,150.0,100.0,600.0,1000.0,41.6,41.6,17040.335136,30.0,71.36204,1883.957856,24990.335286,0.0,0.0,0.0,0.0,0.0
672,563.974293,0.0,202.32178,100.0,261.65252,0.0,0.0,225.0,100.0,600.0,1000.0,2.0,41.6,13439.388392,52.32178,89.07669,2351.624616,1127.948586,0.0,0.0,0.0,0.0,22.67822
673,541.652515,0.0,180.0,100.0,261.65252,0.0,0.0,180.0,100.0,600.0,1000.0,28.4,41.6,13394.744832,0.0,22.32178,0.0,15382.931432,0.0,0.0,0.0,0.0,0.0
674,532.957404,0.0,150.0,100.0,282.9574,0.0,0.0,150.0,100.0,600.0,1000.0,41.6,41.6,14221.02784,21.30488,30.0,562.448832,22171.028006,0.0,0.0,0.0,0.0,0.0
675,529.064071,0.0,135.0,100.0,294.06407,0.0,0.0,135.0,100.0,600.0,1000.0,41.6,41.6,14653.065312,11.10667,15.0,293.216088,22009.065337,0.0,0.0,0.0,0.0,0.0
676,535.330484,0.0,135.0,100.0,300.33048,0.0,0.0,135.0,100.0,600.0,1000.0,41.6,41.6,14913.747968,6.26641,0.0,165.433224,22269.748126,0.0,0.0,0.0,0.0,0.0
677,557.680071,0.0,135.0,100.0,322.68007,0.0,0.0,135.0,100.0,600.0,1000.0,41.6,41.6,15843.490912,22.34959,0.0,590.029176,23199.490954,0.0,0.0,0.0,0.0,0.0
678,622.874864,0.0,120.0,100.0,402.87486,0.0,0.0,120.0,100.0,600.0,1000.0,60.0,41.6,19149.594176,80.19479,15.0,2117.142456,37372.491864,0.0,0.0,0.0,0.0,0.0
679,689.914357,50.0,120.0,100.0,402.87486,17.039492,50.0,120.0,100.0,600.0,1000.0,76.0,76.0,20494.595568,67.039492,0.0,0.0,52433.491102,0.0,0.0,0.0,0.0,0.0
680,709.445912,100.0,120.0,100.0,389.44591,0.0,100.0,120.0,100.0,600.0,1000.0,41.6,41.6,18690.949856,50.0,30.468442,354.52428,29512.949956,0.0,0.0,0.0,0.0,0.0
681,709.58496,150.0,120.0,100.0,339.58496,0.0,150.0,120.0,100.0,600.0,1000.0,41.6,41.6,16666.734336,50.0,49.86095,1316.32908,29518.734336,0.0,0.0,0.0,0.0,0.0
682,716.713468,250.0,105.0,100.0,261.71347,0.0,250.0,105.0,100.0,600.0,1000.0,41.6,41.6,13497.280352,100.0,92.87149,2055.807336,29815.280252,0.0,0.0,0.0,0.0,0.0
683,729.904452,300.0,105.0,100.0,224.90445,0.0,300.0,105.0,100.0,600.0,1000.0,41.6,41.6,12016.02512,50.0,36.80902,971.758128,30364.025203,0.0,0.0,0.0,0.0,0.0
684,727.355246,375.0,90.0,100.0,162.35525,0.0,375.0,90.0,100.0,600.0,1000.0,28.4,41.6,9458.9784,75.0,77.5492,1651.29888,20656.888981,0.0,0.0,0.0,0.0,0.0
685,722.312452,450.0,9.957206,100.0,162.35525,0.0,450.0,90.0,100.0,600.0,1000.0,2.0,41.6,9373.892812,75.0,80.042794,0.0,1444.624903,0.0,0.0,0.0,0.0,80.042794
686,715.628896,350.0,90.0,100.0,175.6289,0.0,350.0,90.0,100.0,600.0,1000.0,41.6,41.6,9986.16224,93.316444,100.0,350.42436,29770.162082,0.0,0.0,0.0,0.0,0.0
687,710.206039,300.0,75.0,100.0,235.20604,0.0,300.0,75.0,100.0,600.0,1000.0,41.6,41.6,12384.571264,59.57714,65.0,1572.836496,29544.571231,0.0,0.0,0.0,0.0,0.0
688,705.098357,250.0,75.0,100.0,280.09836,0.0,250.0,75.0,100.0,600.0,1000.0,41.6,41.6,14202.091776,44.89232,50.0,1185.157248,29332.091643,0.0,0.0,0.0,0.0,0.0
689,725.213912,200.0,60.0,100.0,365.21391,0.0,200.0,60.0,100.0,600.0,1000.0,41.6,41.6,17662.898656,85.11555,65.0,2247.05052,30168.898756,0.0,0.0,0.0,0.0,0.0
690,729.848833,150.0,45.0,100.0,434.84883,0.0,150.0,45.0,100.0,600.0,1000.0,41.6,41.6,20479.711328,69.63492,65.0,1838.361888,30361.711436,0.0,0.0,0.0,0.0,0.0
691,715.721595,50.0,60.0,100.0,505.72159,0.0,50.0,60.0,100.0,600.0,1000.0,60.0,41.6,23358.018144,85.87276,100.0,1871.040864,42943.2957,0.0,0.0,0.0,0.0,0.0
692,678.660769,0.0,60.0,100.0,505.72159,12.939174,0.0,60.0,100.0,600.0,1000.0,76.0,76.0,24291.395368,12.939174,50.0,0.0,51578.218459,0.0,0.0,0.0,0.0,0.0
693,649.813023,0.0,90.0,100.0,459.81302,0.0,0.0,90.0,100.0,600.0,1000.0,41.6,41.6,21458.221632,30.0,58.847744,1211.986248,27032.221757,0.0,0.0,0.0,0.0,0.0
694,627.593214,0.0,120.0,100.0,407.59321,0.0,0.0,120.0,100.0,600.0,1000.0,41.6,41.6,19345.877536,30.0,52.21981,1378.602984,26107.877702,0.0,0.0,0.0,0.0,0.0
695,586.017976,0.0,150.0,100.0,336.01798,0.0,0.0,150.0,100.0,600.0,1000.0,41.6,41.6,16428.347968,30.0,71.57523,1889.586072,24378.347785,0.0,0.0,0.0,0.0,0.0
696,549.383563,0.0,204.2499,100.0,245.13366,0.0,0.0,225.0,100.0,600.0,1000.0,2.0,41.6,12756.060056,54.2499,90.88432,2399.346048,1098.767126,0.0,0.0,0.0,0.0,20.7501
697,525.133658,0.0,180.0,100.0,245.13366,0.0,0.0,180.0,100.0,600.0,1000.0,28.4,41.6,12707.560256,0.0,24.2499,0.0,14913.795899,0.0,0.0,0.0,0.0,0.0
698,512.313468,0.0,150.0,100.0,262.31347,0.0,0.0,150.0,100.0,600.0,1000.0,41.6,41.6,13362.240352,17.17981,30.0,453.546984,21312.240269,0.0,0.0,0.0,0.0,0.0
699,512.7955,0.0,135.0,100.0,277.7955,0.0,0.0,135.0,100.0,600.0,1000.0,41.6,41.6,13976.2928,15.48203,15.0,408.725592,21332.292783,0.0,0.0,0.0,0.0,0.0
700,522.278547,0.0,135.0,100.0,287.27855,0.0,0.0,135.0,100.0,600.0,1000.0,41.6,41.6,14370.78768,9.48305,0.0,250.35252,21726.787555,0.0,0.0,0.0,0.0,0.0
701,550.338356,0.0,135.0,100.0,315.33836,0.0,0.0,135.0,100.0,600.0,1000.0,41.6,41.6,15538.075776,28.05981,0.0,740.778984,22894.075626,0.0,0.0,0.0,0.0,0.0
702,615.588769,0.0,120.0,100.0,395.58877,0.0,0.0,120.0,100.0,600.0,1000.0,60.0,41.6,18846.492832,80.25041,15.0,2118.610824,36935.326152,0.0,0.0,0.0,0.0,0.0
703,680.542547,50.0,120.0,100.0,395.58877,14.953778,50.0,120.0,100.0,600.0,1000.0,76.0,76.0,20032.97996,64.953778,0.0,0.0,51721.233557,0.0,0.0,0.0,0.0,0.0
704,696.356896,100.0,120.0,100.0,376.3569,0.0,100.0,120.0,100.0,600.0,1000.0,41.6,41.6,18146.44704,50.0,34.185648,507.721368,28968.446882,0.0,0.0,0.0,0.0,0.0
705,699.008071,150.0,120.0,100.0,329.00807,0.0,150.0,120.0,100.0,600.0,1000.0,41.6,41.6,16226.735712,50.0,47.34883,1250.009112,29078.735737,0.0,0.0,0.0,0.0,0.0
706,704.264071,250.0,105.0,100.0,249.26407,0.0,250.0,105.0,100.0,600.0,1000.0,41.6,41.6,12979.385312,100.0,94.744,2105.2416,29297.385337,0.0,0.0,0.0,0.0,0.0
707,709.279055,300.0,105.0,100.0,204.27905,0.0,300.0,105.0,100.0,600.0,1000.0,41.6,41.6,11158.00848,50.0,44.98502,1187.604528,29506.00868,0.0,0.0,0.0,0.0,0.0
708,704.384579,375.0,90.0,100.0,139.38458,0.0,375.0,90.0,100.0,600.0,1000.0,28.4,41.6,8503.398528,75.0,79.89447,1713.214008,20004.522038,0.0,0.0,0.0,0.0,0.0
709,707.934928,450.0,18.550349,100.0,139.38458,0.0,450.0,90.0,100.0,600.0,1000.0,2.0,41.6,8435.499226,75.0,71.449651,0.0,1415.869856,0.0,0.0,0.0,0.0,71.449651
710,707.415817,350.0,90.0,100.0,167.41582,0.0,350.0,90.0,100.0,600.0,1000.0,41.6,41.6,9644.498112,99.480891,100.0,740.024736,29428.497996,0.0,0.0,0.0,0.0,0.0
711,702.345214,300.0,75.0,100.0,227.34521,0.0,300.0,75.0,100.0,600.0,1000.0,41.6,41.6,12057.560736,59.92939,65.0,1582.135896,29217.560886,0.0,0.0,0.0,0.0,0.0
712,696.774039,250.0,75.0,100.0,271.77404,0.0,250.0,75.0,100.0,600.0,1000.0,41.6,41.6,13855.800064,44.42883,50.0,1172.921112,28985.800022,0.0,0.0,0.0,0.0,0.0
713,716.398293,200.0,60.0,100.0,356.39829,0.0,200.0,60.0,100.0,600.0,1000.0,41.6,41.6,17296.168864,84.62425,65.0,2234.0802,29802.168989,0.0,0.0,0.0,0.0,0.0
714,721.088833,150.0,45.0,100.0,426.08883,0.0,150.0,45.0,100.0,600.0,1000.0,41.6,41.6,20115.295328,69.69054,65.0,1839.830256,29997.295436,0.0,0.0,0.0,0.0,0.0
715,702.196896,50.0,60.0,100.0,492.1969,0.0,50.0,60.0,100.0,600.0,1000.0,60.0,41.6,22795.39104,81.10807,100.0,1745.253048,42131.81376,0.0,0.0,0.0,0.0,0.0
716,667.648198,0.0,60.0,100.0,492.1969,15.451302,0.0,60.0,100.0,600.0,1000.0,76.0,76.0,23919.689992,15.451302,50.0,0.0,50741.263018,0.0,0.0,0.0,0.0,0.0
717,639.226865,0.0,90.0,100.0,449.22686,0.0,0.0,90.0,100.0,600.0,1000.0,41.6,41.6,21017.837376,30.0,58.421342,1134.409056,26591.837576,0.0,0.0,0.0,0.0,0.0
718,614.532007,0.0,120.0,100.0,394.53201,0.0,0.0,120.0,100.0,600.0,1000.0,41.6,41.6,18802.531616,30.0,54.69485,1443.94404,25564.5315,0.0,0.0,0.0,0.0,0.0
719,565.142293,0.0,150.0,100.0,315.14229,0.0,0.0,150.0,100.0,600.0,1000.0,41.6,41.6,15559.919264,30.0,79.38972,2095.888608,23509.919397,0.0,0.0,0.0,0.0,0.0
720,529.12896,0.0,199.68914,100.0,229.43982,0.0,0.0,225.0,100.0,600.0,1000.0,2.0,41.6,12094.074792,49.68914,85.70247,2262.545208,1058.25792,0.0,0.0,0.0,0.0,25.31086
721,509.439817,0.0,180.0,100.0,229.43982,0.0,0.0,180.0,100.0,600.0,1000.0,28.4,41.6,12054.696512,0.0,19.68914,0.0,14468.090808,0.0,0.0,0.0,0.0,0.0
722,500.077277,0.0,150.0,100.0,250.07728,0.0,0.0,150.0,100.0,600.0,1000.0,41.6,41.6,12853.214848,20.63746,30.0,544.828944,20803.21474,0.0,0.0,0.0,0.0,0.0
723,505.370357,0.0,135.0,100.0,270.37036,0.0,0.0,135.0,100.0,600.0,1000.0,41.6,41.6,13667.406976,20.29308,15.0,535.737312,21023.406843,0.0,0.0,0.0,0.0,0.0
724,517.560198,0.0,135.0,100.0,282.5602,0.0,0.0,135.0,100.0,600.0,1000.0,41.6,41.6,14174.50432,12.18984,0.0,321.811776,21530.504237,0.0,0.0,0.0,0.0,0.0
725,544.368579,0.0,135.0,100.0,309.36858,0.0,0.0,135.0,100.0,600.0,1000.0,41.6,41.6,15289.732928,26.80838,0.0,707.741232,22645.732886,0.0,0.0,0.0,0.0,0.0
726,607.014166,0.0,120.0,100.0,387.01417,0.0,0.0,120.0,100.0,600.0,1000.0,60.0,41.6,18489.789472,77.64559,15.0,2049.843576,36420.849972,0.0,0.0,0.0,0.0,0.0
727,664.172008,50.0,120.0,100.0,387.01417,7.157841,50.0,120.0,100.0,600.0,1000.0,76.0,76.0,19083.785418,57.157841,0.0,0.0,50477.072578,0.0,0.0,0.0,0.0,0.0
728,679.652642,100.0,120.0,100.0,359.65264,0.0,100.0,120.0,100.0,600.0,1000.0,41.6,41.6,17451.549824,50.0,34.519371,722.344392,28273.549924,0.0,0.0,0.0,0.0,0.0
729,681.719817,150.0,120.0,100.0,311.71982,0.0,150.0,120.0,100.0,600.0,1000.0,41.6,41.6,15507.544512,50.0,47.93282,1265.426448,28359.544387,0.0,0.0,0.0,0.0,0.0
730,688.357023,250.0,105.0,100.0,233.35702,0.0,250.0,105.0,100.0,600.0,1000.0,41.6,41.6,12317.652032,100.0,93.3628,2068.77792,28635.652157,0.0,0.0,0.0,0.0,0.0
731,708.98242,300.0,105.0,100.0,203.98242,0.0,300.0,105.0,100.0,600.0,1000.0,41.6,41.6,11145.668672,50.0,29.3746,775.48944,29493.66868,0.0,0.0,0.0,0.0,0.0
732,710.224579,375.0,90.0,100.0,145.22458,0.0,375.0,90.0,100.0,600.0,1000.0,28.4,41.6,8746.342528,75.0,73.75784,1551.206976,20170.378032,0.0,0.0,0.0,0.0,0.0
733,707.758801,450.0,12.534223,100.0,145.22458,0.0,450.0,90.0,100.0,600.0,1000.0,2.0,41.6,8666.410974,75.0,77.465777,0.0,1415.517602,0.0,0.0,0.0,0.0,77.465777
734,692.463563,350.0,90.0,100.0,152.46356,0.0,350.0,90.0,100.0,600.0,1000.0,41.6,41.6,9022.484096,84.704757,100.0,191.109072,28806.484212,0.0,0.0,0.0,0.0,0.0
735,685.668769,300.0,75.0,100.0,210.66877,0.0,300.0,75.0,100.0,600.0,1000.0,41.6,41.6,11363.820832,58.20521,65.0,1536.617544,28523.820799,0.0,0.0,0.0,0.0,0.0
736,680.023436,250.0,75.0,100.0,255.02344,0.0,250.0,75.0,100.0,600.0,1000.0,41.6,41.6,13158.975104,44.35467,50.0,1170.963288,28288.974929,0.0,0.0,0.0,0.0,0.0
737,699.712579,200.0,60.0,100.0,339.71258,0.0,200.0,60.0,100.0,600.0,1000.0,41.6,41.6,16602.043328,84.68914,65.0,2235.793296,29108.04327,0.0,0.0,0.0,0.0,0.0
738,711.642865,150.0,45.0,100.0,416.64286,0.0,150.0,45.0,100.0,600.0,1000.0,41.6,41.6,19722.342976,76.93028,65.0,2030.959392,29604.343167,0.0,0.0,0.0,0.0,0.0
739,699.332515,50.0,60.0,100.0,489.33252,0.0,50.0,60.0,100.0,600.0,1000.0,60.0,41.6,22676.232832,87.68966,100.0,1919.007024,41959.950912,0.0,0.0,0.0,0.0,0.0
740,662.151182,0.0,60.0,100.0,489.33252,12.818667,0.0,60.0,100.0,600.0,1000.0,76.0,76.0,23600.451524,12.818667,50.0,0.0,50323.489817,0.0,0.0,0.0,0.0,0.0
741,637.122611,0.0,90.0,100.0,447.12261,0.0,0.0,90.0,100.0,600.0,1000.0,41.6,41.6,20930.300576,30.0,55.028577,1114.341624,26504.300609,0.0,0.0,0.0,0.0,0.0
742,615.885404,0.0,120.0,100.0,395.8854,0.0,0.0,120.0,100.0,600.0,1000.0,41.6,41.6,18858.83264,30.0,51.23721,1352.662344,25620.832823,0.0,0.0,0.0,0.0,0.0
743,568.414547,0.0,150.0,100.0,318.41455,0.0,0.0,150.0,100.0,600.0,1000.0,41.6,41.6,15696.04528,30.0,77.47085,2045.23044,23646.045147,0.0,0.0,0.0,0.0,0.0
744,530.973658,0.0,225.0,100.0,205.97366,0.0,0.0,225.0,100.0,600.0,1000.0,15.2,41.6,11168.504256,75.0,112.44089,2968.439496,8070.799605,0.0,0.0,0.0,0.0,0.0
