Hour,Demand (MWh),Plant 1 (MWh),Plant 2 (MWh),Plant 3 (MWh),Plant 4 (MWh),Plant 5 (MWh),Plant 1 Available (MWh),Plant 2 Available (MWh),Plant 3 Available (MWh),Plant 4 Available (MWh),Plant 5 Available (MWh),Clearing Price ($/MWh),Highest Running Cost ($/MWh),Production Cost ($),Ramp Up (MWh),Ramp Down (MWh),Ramp Cost ($),Market Cost ($),Unserved Energy (MWh),Unserved Cost ($),Spill (MWh),Spill Cost ($),Curtailment (MWh)
1,435.457214,0.0,163.15391,100.0,172.30331,0.0,0.0,180.0,100.0,600.0,1000.0,2.0,41.6,9644.125516,0.0,0.0,0.0,870.914428,0.0,0.0,0.0,0.0,16.84609
2,422.303309,0.0,150.0,100.0,172.30331,0.0,0.0,150.0,100.0,600.0,1000.0,40.2,41.6,9617.817696,0.0,13.15391,0.0,16976.593014,0.0,0.0,0.0,0.0,0.0
3,409.807563,0.0,135.0,100.0,172.30331,2.504254,0.0,135.0,100.0,600.0,1000.0,142.0,76.0,9778.141015,2.504254,15.0,82.640389,58192.673946,0.0,0.0,0.0,0.0,0.0
4,405.181912,0.0,135.0,100.0,170.18191,0.0,0.0,135.0,100.0,600.0,1000.0,41.6,41.6,9499.567456,0.0,4.625654,208.651549,16855.567548,0.0,0.0,0.0,0.0,0.0
5,400.07423,0.0,134.86883,100.0,165.2054,0.0,0.0,135.0,100.0,600.0,1000.0,2.0,41.6,9292.2823,0.0,5.10768,295.604694,800.14846,0.0,0.0,0.0,0.0,0.13117
6,385.205404,0.0,120.0,100.0,165.2054,0.0,0.0,120.0,100.0,600.0,1000.0,81.2,41.6,9262.54464,0.0,14.86883,0.0,31278.678821,0.0,0.0,0.0,0.0,0.0
7,384.491626,50.0,120.0,100.0,114.49163,0.0,50.0,120.0,100.0,600.0,1000.0,41.6,41.6,7202.851808,50.0,50.71377,3012.397938,15994.85165,0.0,0.0,0.0,0.0,0.0
8,391.629404,100.0,120.0,100.0,71.629404,0.0,100.0,120.0,100.0,600.0,1000.0,41.6,41.6,5469.783206,50.0,42.862226,2546.016224,16291.783223,0.0,0.0,0.0,0.0,0.0
9,411.856198,150.0,120.0,100.0,41.856198,0.0,150.0,120.0,100.0,600.0,1000.0,41.6,41.6,4281.217837,50.0,29.773206,1768.528436,17133.21782,0.0,0.0,0.0,0.0,0.0
10,436.133912,250.0,86.133912,100.0,0.0,0.0,250.0,105.0,100.0,600.0,1000.0,2.0,21.5,2572.267824,100.0,75.722286,2486.258161,872.267825,0.0,0.0,0.0,0.0,18.866088
11,464.981658,300.0,64.981658,100.0,0.0,0.0,300.0,105.0,100.0,600.0,1000.0,2.0,21.5,2579.963316,50.0,21.152254,0.0,929.963316,0.0,0.0,0.0,0.0,40.018342
12,477.829658,375.0,2.829658,100.0,0.0,0.0,375.0,90.0,100.0,600.0,1000.0,2.0,21.5,2530.659317,75.0,62.152,0.0,955.659317,0.0,0.0,0.0,0.0,87.170342
13,478.265341,378.26534,0.0,100.0,0.0,0.0,450.0,90.0,100.0,600.0,1000.0,1.0,21.5,2528.26534,3.26534,2.829658,0.0,478.265341,0.0,0.0,0.0,0.0,161.73466
14,477.857468,350.0,27.857468,100.0,0.0,0.0,350.0,90.0,100.0,600.0,1000.0,2.0,21.5,2555.714936,27.857468,28.26534,0.0,955.714936,0.0,0.0,0.0,0.0,62.142532
15,483.345214,300.0,75.0,100.0,8.345214,0.0,300.0,75.0,100.0,600.0,1000.0,41.6,41.6,2947.160886,55.487746,50.0,495.705688,20107.160886,0.0,0.0,0.0,0.0,0.0
16,502.904579,250.0,75.0,100.0,77.904579,0.0,250.0,75.0,100.0,600.0,1000.0,41.6,41.6,5790.830486,69.559365,50.0,4131.826305,20920.830478,0.0,0.0,0.0,0.0,0.0
17,532.280706,200.0,60.0,100.0,172.28071,0.0,200.0,60.0,100.0,600.0,1000.0,41.6,41.6,9636.877536,94.376131,65.0,5605.942181,22142.87737,0.0,0.0,0.0,0.0,0.0
18,544.646674,150.0,45.0,100.0,249.64667,0.0,150.0,45.0,100.0,600.0,1000.0,41.6,41.6,12775.301472,77.36596,65.0,4595.538024,22657.301647,0.0,0.0,0.0,0.0,0.0
19,535.53442,50.0,60.0,100.0,325.53442,0.0,50.0,60.0,100.0,600.0,1000.0,60.0,41.6,15862.231872,90.88775,100.0,4507.73235,32132.065212,0.0,0.0,0.0,0.0,0.0
20,517.625087,0.0,60.0,100.0,325.53442,32.090667,0.0,60.0,100.0,600.0,1000.0,142.0,76.0,18251.122564,32.090667,50.0,1058.992011,73502.762326,0.0,0.0,0.0,0.0,0.0
21,508.10496,0.0,90.0,100.0,318.10496,0.0,0.0,90.0,100.0,600.0,1000.0,41.6,41.6,15563.166336,30.0,39.520127,1500.301935,21137.166336,0.0,0.0,0.0,0.0,0.0
22,507.391182,0.0,120.0,100.0,287.39118,0.0,0.0,120.0,100.0,600.0,1000.0,41.6,41.6,14345.473088,30.0,30.71378,1824.398532,21107.473171,0.0,0.0,0.0,0.0,0.0
23,477.227119,0.0,150.0,100.0,227.22712,0.0,0.0,150.0,100.0,600.0,1000.0,41.6,41.6,11902.648192,30.0,60.16406,3573.745164,19852.648134,0.0,0.0,0.0,0.0,0.0
24,449.491753,0.0,173.44343,100.0,176.04832,0.0,0.0,225.0,100.0,600.0,1000.0,2.0,41.6,9820.496972,23.44343,51.1788,3040.02072,898.983506,0.0,0.0,0.0,0.0,51.55657
25,432.240579,0.0,156.19225,100.0,176.04832,0.0,0.0,180.0,100.0,600.0,1000.0,2.0,41.6,9785.994612,0.0,17.25118,0.0,864.481158,0.0,0.0,0.0,0.0,23.80775
26,426.048325,0.0,150.0,100.0,176.04832,0.0,0.0,150.0,100.0,600.0,1000.0,2.0,41.6,9773.610112,0.0,6.19225,0.0,852.096649,0.0,0.0,0.0,0.0,0.0
27,427.309023,0.0,135.0,100.0,192.30902,0.0,0.0,135.0,100.0,600.0,1000.0,41.6,41.6,10420.055232,16.2607,15.0,965.88558,17776.055357,0.0,0.0,0.0,0.0,0.0
28,435.800198,0.0,135.0,100.0,200.8002,0.0,0.0,135.0,100.0,600.0,1000.0,41.6,41.6,10773.28832,8.49118,0.0,504.376092,18129.288228,0.0,0.0,0.0,0.0,0.0
29,454.145214,0.0,135.0,100.0,219.14521,0.0,0.0,135.0,100.0,600.0,1000.0,41.6,41.6,11536.440736,18.34501,0.0,1089.693594,18892.440902,0.0,0.0,0.0,0.0,0.0
30,497.518801,0.0,120.0,100.0,276.00007,1.51873,0.0,120.0,100.0,600.0,1000.0,142.0,76.0,13987.026422,58.37359,15.0,3427.296787,70647.66977,0.0,0.0,0.0,0.0,0.0
31,546.000071,50.0,120.0,100.0,276.00007,0.0,50.0,120.0,100.0,600.0,1000.0,60.0,41.6,13921.602912,50.0,1.51873,50.118103,32760.004248,0.0,0.0,0.0,0.0,0.0
32,577.869785,100.0,120.0,100.0,257.86979,0.0,100.0,120.0,100.0,600.0,1000.0,41.6,41.6,13217.383264,50.0,18.13028,1076.938632,24039.383073,0.0,0.0,0.0,0.0,0.0
33,590.838293,150.0,120.0,100.0,220.83829,0.0,150.0,120.0,100.0,600.0,1000.0,41.6,41.6,11726.872864,50.0,37.0315,2199.6711,24578.873005,0.0,0.0,0.0,0.0,0.0
34,604.872833,250.0,105.0,100.0,149.87283,0.0,250.0,105.0,100.0,600.0,1000.0,41.6,41.6,8844.709728,100.0,85.96546,4215.348324,25162.709844,0.0,0.0,0.0,0.0,0.0
35,617.32223,300.0,105.0,100.0,112.32223,0.0,300.0,105.0,100.0,600.0,1000.0,41.6,41.6,7332.604768,50.0,37.5506,2230.50564,25680.60476,0.0,0.0,0.0,0.0,0.0
36,623.069531,375.0,74.603556,100.0,73.465976,0.0,375.0,90.0,100.0,600.0,1000.0,2.0,41.6,5730.391714,75.0,69.252698,2308.061488,1246.139063,0.0,0.0,0.0,0.0,15.396444
37,618.073087,444.60711,0.0,100.0,73.465976,0.0,450.0,90.0,100.0,600.0,1000.0,1.0,41.6,5650.791712,69.60711,74.603556,0.0,618.073087,0.0,0.0,0.0,0.0,95.39289
38,613.465976,350.0,90.0,100.0,73.465976,0.0,350.0,90.0,100.0,600.0,1000.0,3.0,41.6,5736.184602,90.0,94.60711,0.0,1840.397927,0.0,0.0,0.0,0.0,0.0
39,611.751055,300.0,75.0,100.0,136.75106,0.0,300.0,75.0,100.0,600.0,1000.0,41.6,41.6,8288.844096,63.285084,65.0,3759.13399,25448.843896,0.0,0.0,0.0,0.0,0.0
40,622.911944,250.0,75.0,100.0,197.91194,0.0,250.0,75.0,100.0,600.0,1000.0,41.6,41.6,10783.136704,61.16088,50.0,3632.956272,25913.136862,0.0,0.0,0.0,0.0,0.0
41,651.481595,200.0,60.0,100.0,291.48159,0.0,200.0,60.0,100.0,600.0,1000.0,41.6,41.6,14595.634144,93.56965,65.0,5558.03721,27101.634344,0.0,0.0,0.0,0.0,0.0
42,652.31588,150.0,45.0,100.0,357.31588,0.0,150.0,45.0,100.0,600.0,1000.0,41.6,41.6,17254.340608,65.83429,65.0,3910.556826,27136.340625,0.0,0.0,0.0,0.0,0.0
43,635.092516,50.0,60.0,100.0,425.09252,0.0,50.0,60.0,100.0,600.0,1000.0,60.0,41.6,20003.848832,82.77664,100.0,4025.932416,38105.550936,0.0,0.0,0.0,0.0,0.0
44,598.180007,0.0,60.0,100.0,425.09252,13.087492,0.0,60.0,100.0,600.0,1000.0,142.0,76.0,20948.498224,13.087492,50.0,431.887236,84941.561051,0.0,0.0,0.0,0.0,0.0
45,573.281214,0.0,90.0,100.0,383.28121,0.0,0.0,90.0,100.0,600.0,1000.0,41.6,41.6,18274.498336,30.0,54.898802,2915.47905,23848.498502,0.0,0.0,0.0,0.0,0.0
46,561.489976,0.0,120.0,100.0,341.48998,0.0,0.0,120.0,100.0,600.0,1000.0,41.6,41.6,16595.983168,30.0,41.79123,2482.399062,23357.982985,0.0,0.0,0.0,0.0,0.0
47,523.641214,0.0,150.0,100.0,273.64121,0.0,0.0,150.0,100.0,600.0,1000.0,41.6,41.6,13833.474336,30.0,67.84877,4030.216938,21783.474486,0.0,0.0,0.0,0.0,0.0
48,492.624325,0.0,182.18489,100.0,210.43944,0.0,0.0,225.0,100.0,600.0,1000.0,2.0,41.6,11268.650484,32.18489,63.20177,3754.185138,985.248649,0.0,0.0,0.0,0.0,42.81511
49,471.757912,0.0,161.31848,100.0,210.43944,0.0,0.0,180.0,100.0,600.0,1000.0,2.0,41.6,11226.917664,0.0,20.86641,0.0,943.515824,0.0,0.0,0.0,0.0,18.68152
50,460.439436,0.0,150.0,100.0,210.43944,0.0,0.0,150.0,100.0,600.0,1000.0,2.0,41.6,11204.280704,0.0,11.31848,0.0,920.878872,0.0,0.0,0.0,0.0,0.0
51,458.140516,0.0,135.0,100.0,223.14052,0.0,0.0,135.0,100.0,600.0,1000.0,41.6,41.6,11702.645632,12.70108,15.0,754.444152,19058.645449,0.0,0.0,0.0,0.0,0.0
52,467.846039,0.0,135.0,100.0,232.84604,0.0,0.0,135.0,100.0,600.0,1000.0,41.6,41.6,12106.395264,9.70552,0.0,576.507888,19462.395239,0.0,0.0,0.0,0.0,0.0
53,484.874738,0.0,135.0,100.0,249.87474,0.0,0.0,135.0,100.0,600.0,1000.0,41.6,41.6,12814.789184,17.0287,0.0,1011.50478,20170.789092,0.0,0.0,0.0,0.0,0.0
54,523.455817,0.0,120.0,100.0,300.63004,2.825778,0.0,120.0,100.0,600.0,1000.0,142.0,76.0,15110.968807,53.581078,15.0,3108.115501,74330.726042,0.0,0.0,0.0,0.0,0.0
55,570.630039,50.0,120.0,100.0,300.63004,0.0,50.0,120.0,100.0,600.0,1000.0,60.0,41.6,14946.209664,50.0,2.825778,93.250681,34237.80234,0.0,0.0,0.0,0.0,0.0
56,597.679436,100.0,120.0,100.0,277.67944,0.0,100.0,120.0,100.0,600.0,1000.0,41.6,41.6,14041.464704,50.0,22.9506,1363.26564,24863.464529,0.0,0.0,0.0,0.0,0.0
57,613.855309,150.0,120.0,100.0,243.85531,0.0,150.0,120.0,100.0,600.0,1000.0,41.6,41.6,12684.380896,50.0,33.82413,2009.153322,25536.380863,0.0,0.0,0.0,0.0,0.0
58,631.838801,250.0,105.0,100.0,176.8388,0.0,250.0,105.0,100.0,600.0,1000.0,41.6,41.6,9966.49408,100.0,82.01651,3980.780694,26284.494113,0.0,0.0,0.0,0.0,0.0
59,649.025087,300.0,105.0,100.0,144.02509,0.0,300.0,105.0,100.0,600.0,1000.0,41.6,41.6,8651.443744,50.0,32.81371,1949.134374,26999.443611,0.0,0.0,0.0,0.0,0.0
60,650.137468,375.0,85.171174,100.0,89.966293,0.0,375.0,90.0,100.0,600.0,1000.0,2.0,41.6,6437.940137,75.0,73.887623,3211.092542,1300.274935,0.0,0.0,0.0,0.0,4.828826
61,642.610357,450.0,2.644063,100.0,89.966293,0.0,450.0,90.0,100.0,600.0,1000.0,2.0,41.6,6347.885916,75.0,82.527111,0.0,1285.220713,0.0,0.0,0.0,0.0,87.355937
62,629.966293,350.0,90.0,100.0,89.966293,0.0,350.0,90.0,100.0,600.0,1000.0,2.0,41.6,6422.597789,87.355937,100.0,0.0,1259.932586,0.0,0.0,0.0,0.0,0.0
63,623.959436,300.0,75.0,100.0,148.95944,0.0,300.0,75.0,100.0,600.0,1000.0,41.6,41.6,8796.712704,58.993147,65.0,3504.192932,25956.712529,0.0,0.0,0.0,0.0,0.0
64,629.873595,250.0,75.0,100.0,204.8736,0.0,250.0,75.0,100.0,600.0,1000.0,41.6,41.6,11072.74176,55.91416,50.0,3321.301104,26202.741552,0.0,0.0,0.0,0.0,0.0
65,651.036643,200.0,60.0,100.0,291.03664,0.0,200.0,60.0,100.0,600.0,1000.0,41.6,41.6,14577.124224,86.16304,65.0,5118.084576,27083.124332,0.0,0.0,0.0,0.0,0.0
66,649.015817,150.0,45.0,100.0,354.01582,0.0,150.0,45.0,100.0,600.0,1000.0,41.6,41.6,17117.058112,62.97918,65.0,3740.963292,26999.057979,0.0,0.0,0.0,0.0,0.0
67,629.039309,50.0,60.0,100.0,419.03931,0.0,50.0,60.0,100.0,600.0,1000.0,60.0,41.6,19752.035296,80.02349,100.0,3862.395306,37742.358528,0.0,0.0,0.0,0.0,0.0
68,592.312198,0.0,60.0,100.0,419.03931,13.272889,0.0,60.0,100.0,600.0,1000.0,142.0,76.0,20710.77486,13.272889,50.0,438.005337,84108.332059,0.0,0.0,0.0,0.0,0.0
69,571.362356,0.0,90.0,100.0,381.36236,0.0,0.0,90.0,100.0,600.0,1000.0,41.6,41.6,18194.674176,30.0,50.949839,2676.016167,23768.674026,0.0,0.0,0.0,0.0,0.0
70,556.623309,0.0,120.0,100.0,336.62331,0.0,0.0,120.0,100.0,600.0,1000.0,41.6,41.6,16393.529696,30.0,44.73905,2657.49957,23155.529654,0.0,0.0,0.0,0.0,0.0
71,514.176706,0.0,150.0,100.0,264.17671,0.0,0.0,150.0,100.0,600.0,1000.0,41.6,41.6,13439.751136,30.0,72.4466,4303.32804,21389.750953,0.0,0.0,0.0,0.0,0.0
72,482.835373,0.0,184.56724,100.0,198.26813,0.0,0.0,225.0,100.0,600.0,1000.0,2.0,41.6,10767.088688,34.56724,65.90858,3914.969652,965.670745,0.0,0.0,0.0,0.0,40.43276
73,457.788262,0.0,159.52013,100.0,198.26813,0.0,0.0,180.0,100.0,600.0,1000.0,2.0,41.6,10716.994468,0.0,25.04711,0.0,915.576523,0.0,0.0,0.0,0.0,20.47987
74,448.268134,0.0,150.0,100.0,198.26813,0.0,0.0,150.0,100.0,600.0,1000.0,2.0,41.6,10697.954208,0.0,9.52013,0.0,896.536268,0.0,0.0,0.0,0.0,0.0
75,451.985341,0.0,135.0,100.0,216.98534,0.0,0.0,135.0,100.0,600.0,1000.0,41.6,41.6,11446.590144,18.71721,15.0,1111.802274,18802.590169,0.0,0.0,0.0,0.0,0.0
76,463.12769,0.0,135.0,100.0,228.12769,0.0,0.0,135.0,100.0,600.0,1000.0,41.6,41.6,11910.111904,11.14235,0.0,661.85559,19266.111896,0.0,0.0,0.0,0.0,0.0
77,486.765785,0.0,135.0,100.0,251.76579,0.0,0.0,135.0,100.0,600.0,1000.0,41.6,41.6,12893.456864,23.6381,0.0,1404.10314,20249.456673,0.0,0.0,0.0,0.0,0.0
78,533.884388,0.0,120.0,100.0,313.28337,0.601016,0.0,120.0,100.0,600.0,1000.0,142.0,76.0,15468.265408,62.118596,15.0,3673.97778,75811.583153,0.0,0.0,0.0,0.0,0.0
79,583.283372,50.0,120.0,100.0,313.28337,0.0,50.0,120.0,100.0,600.0,1000.0,60.0,41.6,15472.588192,50.0,0.601016,19.833528,34997.002344,0.0,0.0,0.0,0.0,0.0
80,615.866864,100.0,120.0,100.0,295.86686,0.0,100.0,120.0,100.0,600.0,1000.0,41.6,41.6,14798.061376,50.0,17.41651,1034.540694,25620.061559,0.0,0.0,0.0,0.0,0.0
81,633.69277,150.0,120.0,100.0,263.69277,0.0,150.0,120.0,100.0,600.0,1000.0,41.6,41.6,13509.619232,50.0,32.17409,1911.140946,26361.619215,0.0,0.0,0.0,0.0,0.0
82,650.721468,250.0,105.0,100.0,195.72147,0.0,250.0,105.0,100.0,600.0,1000.0,41.6,41.6,10752.013152,100.0,82.9713,4037.49522,27070.013069,0.0,0.0,0.0,0.0,0.0
83,667.342293,300.0,105.0,100.0,162.34229,0.0,300.0,105.0,100.0,600.0,1000.0,41.6,41.6,9413.439264,50.0,33.37918,1982.723292,27761.439389,0.0,0.0,0.0,0.0,0.0
84,665.441975,375.0,90.0,100.0,100.44198,0.0,375.0,90.0,100.0,600.0,1000.0,3.0,41.6,6883.386368,75.0,76.90031,3676.878414,1996.325926,0.0,0.0,0.0,0.0,0.0
85,645.33569,444.89371,0.0,100.0,100.44198,0.0,450.0,90.0,100.0,600.0,1000.0,1.0,41.6,6773.280078,69.89371,90.0,0.0,645.33569,0.0,0.0,0.0,0.0,95.10629
86,627.79715,350.0,77.355175,100.0,100.44198,0.0,350.0,90.0,100.0,600.0,1000.0,2.0,41.6,6833.096718,77.355175,94.89371,0.0,1255.594301,0.0,0.0,0.0,0.0,12.644825
87,621.317531,300.0,75.0,100.0,146.31753,0.0,300.0,75.0,100.0,600.0,1000.0,41.6,41.6,8686.809248,45.87555,52.355175,2725.00767,25846.809306,0.0,0.0,0.0,0.0,0.0
88,626.703309,250.0,75.0,100.0,201.70331,0.0,250.0,75.0,100.0,600.0,1000.0,41.6,41.6,10940.857696,55.38578,50.0,3289.915332,26070.857654,0.0,0.0,0.0,0.0,0.0
89,643.129468,200.0,60.0,100.0,283.12947,0.0,200.0,60.0,100.0,600.0,1000.0,41.6,41.6,14248.185952,81.42616,65.0,4836.713904,26754.185852,0.0,0.0,0.0,0.0,0.0
90,637.521214,150.0,45.0,100.0,342.52121,0.0,150.0,45.0,100.0,600.0,1000.0,41.6,41.6,16638.882336,59.39174,65.0,3527.869356,26520.882486,0.0,0.0,0.0,0.0,0.0
91,616.617722,50.0,60.0,100.0,406.61772,0.0,50.0,60.0,100.0,600.0,1000.0,60.0,41.6,19235.297152,79.09651,100.0,3807.332694,36997.063308,0.0,0.0,0.0,0.0,0.0
92,580.678547,0.0,60.0,100.0,406.61772,14.060825,0.0,60.0,100.0,600.0,1000.0,142.0,76.0,20253.919852,14.060825,50.0,464.007225,82456.353646,0.0,0.0,0.0,0.0,0.0
93,558.30115,0.0,90.0,100.0,368.30115,0.0,0.0,90.0,100.0,600.0,1000.0,41.6,41.6,17651.32784,30.0,52.377395,2740.011483,23225.327848,0.0,0.0,0.0,0.0,0.0
94,543.812389,0.0,120.0,100.0,323.81239,0.0,0.0,120.0,100.0,600.0,1000.0,41.6,41.6,15860.595424,30.0,44.48876,2642.632344,22622.595366,0.0,0.0,0.0,0.0,0.0
95,511.0435,0.0,150.0,100.0,261.0435,0.0,0.0,150.0,100.0,600.0,1000.0,41.6,41.6,13309.4096,30.0,62.76889,3728.472066,21259.409583,0.0,0.0,0.0,0.0,0.0
96,476.383563,0.0,180.48851,100.0,195.89506,0.0,0.0,225.0,100.0,600.0,1000.0,2.0,41.6,10660.211516,30.48851,65.14844,3869.817336,952.767126,0.0,0.0,0.0,0.0,44.51149
97,456.286547,0.0,160.39149,100.0,195.89506,0.0,0.0,180.0,100.0,600.0,1000.0,2.0,41.6,10620.017476,0.0,20.09702,0.0,912.573094,0.0,0.0,0.0,0.0,19.60851
98,445.895055,0.0,150.0,100.0,195.89506,0.0,0.0,150.0,100.0,600.0,1000.0,2.0,41.6,10599.234496,0.0,10.39149,0.0,891.79011,0.0,0.0,0.0,0.0,0.0
99,447.34115,0.0,135.0,100.0,212.34115,0.0,0.0,135.0,100.0,600.0,1000.0,41.6,41.6,11253.39184,16.44609,15.0,976.897746,18609.391857,0.0,0.0,0.0,0.0,0.0
100,453.487055,0.0,135.0,100.0,218.48705,0.0,0.0,135.0,100.0,600.0,1000.0,41.6,41.6,11509.06128,6.1459,0.0,365.06646,18865.06148,0.0,0.0,0.0,0.0,0.0
101,455.164896,0.0,135.0,100.0,220.1649,0.0,0.0,135.0,100.0,600.0,1000.0,60.0,41.6,11578.85984,1.67785,0.0,99.66429,27309.89376,0.0,0.0,0.0,0.0,0.0
102,458.372261,0.0,120.0,100.0,220.1649,18.207365,0.0,120.0,100.0,600.0,1000.0,142.0,76.0,12932.61958,18.207365,15.0,600.843045,65088.861119,0.0,0.0,0.0,0.0,0.0
103,484.939627,50.0,120.0,100.0,214.93963,0.0,50.0,120.0,100.0,600.0,1000.0,41.6,41.6,11381.488608,50.0,23.432635,911.224083,20173.488467,0.0,0.0,0.0,0.0,0.0
104,519.553214,100.0,120.0,100.0,199.55321,0.0,100.0,120.0,100.0,600.0,1000.0,41.6,41.6,10791.413536,50.0,15.38642,913.953348,21613.413694,0.0,0.0,0.0,0.0,0.0
105,551.358039,150.0,120.0,100.0,181.35804,0.0,150.0,120.0,100.0,600.0,1000.0,41.6,41.6,10084.494464,50.0,18.19517,1080.793098,22936.494422,0.0,0.0,0.0,0.0,0.0
106,577.276516,250.0,105.0,100.0,122.27652,0.0,250.0,105.0,100.0,600.0,1000.0,41.6,41.6,7696.703232,100.0,74.08152,3509.442288,24014.703049,0.0,0.0,0.0,0.0,0.0
107,595.195118,300.0,105.0,100.0,90.195118,0.0,300.0,105.0,100.0,600.0,1000.0,41.6,41.6,6412.116909,50.0,32.081402,1905.635279,24760.116925,0.0,0.0,0.0,0.0,0.0
108,597.160325,375.0,86.385524,100.0,35.774801,0.0,375.0,90.0,100.0,600.0,1000.0,2.0,41.6,4186.00277,75.0,73.034793,3232.56683,1194.32065,0.0,0.0,0.0,0.0,3.614476
109,587.019119,450.0,1.244318,100.0,35.774801,0.0,450.0,90.0,100.0,600.0,1000.0,2.0,41.6,4090.720358,75.0,85.141206,0.0,1174.038238,0.0,0.0,0.0,0.0,88.755682
110,575.774801,350.0,90.0,100.0,35.774801,0.0,350.0,90.0,100.0,600.0,1000.0,2.0,41.6,4168.231722,88.755682,100.0,0.0,1151.549602,0.0,0.0,0.0,0.0,0.0
111,575.22788,300.0,75.0,100.0,100.22788,0.0,300.0,75.0,100.0,600.0,1000.0,41.6,41.6,6769.479808,64.453079,65.0,3828.512893,23929.479825,0.0,0.0,0.0,0.0,0.0
112,589.642484,250.0,75.0,100.0,164.64248,0.0,250.0,75.0,100.0,600.0,1000.0,41.6,41.6,9399.127168,64.4146,50.0,3826.22724,24529.127326,0.0,0.0,0.0,0.0,0.0
113,618.582928,200.0,60.0,100.0,258.58293,0.0,200.0,60.0,100.0,600.0,1000.0,41.6,41.6,13227.049888,93.94045,65.0,5580.06273,25733.049813,0.0,0.0,0.0,0.0,0.0
114,622.53188,150.0,45.0,100.0,327.53188,0.0,150.0,45.0,100.0,600.0,1000.0,41.6,41.6,16015.326208,68.94895,65.0,4095.56763,25897.326225,0.0,0.0,0.0,0.0,0.0
115,606.003754,50.0,60.0,100.0,396.00375,0.0,50.0,60.0,100.0,600.0,1000.0,60.0,41.6,18793.756,83.47187,100.0,4067.229078,36360.225216,0.0,0.0,0.0,0.0,0.0
116,575.83042,0.0,60.0,100.0,396.00375,19.826667,0.0,60.0,100.0,600.0,1000.0,142.0,76.0,20250.582692,19.826667,50.0,654.280011,81767.919668,0.0,0.0,0.0,0.0,0.0
117,556.808706,0.0,90.0,100.0,366.80871,0.0,0.0,90.0,100.0,600.0,1000.0,41.6,41.6,17589.242336,30.0,49.021707,2388.465387,23163.24217,0.0,0.0,0.0,0.0,0.0
118,553.267627,0.0,120.0,100.0,333.26763,0.0,0.0,120.0,100.0,600.0,1000.0,41.6,41.6,16253.933408,30.0,33.54108,1992.340152,23015.933267,0.0,0.0,0.0,0.0,0.0
119,522.185849,0.0,150.0,100.0,272.18585,0.0,0.0,150.0,100.0,600.0,1000.0,41.6,41.6,13772.93136,30.0,61.08178,3628.257732,21722.93131,0.0,0.0,0.0,0.0,0.0
120,481.305848,0.0,188.43276,100.0,192.87309,0.0,0.0,225.0,100.0,600.0,1000.0,2.0,41.6,10550.386064,38.43276,79.31276,4711.177944,962.611697,0.0,0.0,0.0,0.0,36.56724
121,452.995753,0.0,160.12267,100.0,192.87309,0.0,0.0,180.0,100.0,600.0,1000.0,2.0,41.6,10493.765884,0.0,28.31009,0.0,905.991506,0.0,0.0,0.0,0.0,19.87733
122,442.873087,0.0,150.0,100.0,192.87309,0.0,0.0,150.0,100.0,600.0,1000.0,2.0,41.6,10473.520544,0.0,10.12267,0.0,885.746173,0.0,0.0,0.0,0.0,0.0
123,443.206801,0.0,135.0,100.0,208.2068,0.0,0.0,135.0,100.0,600.0,1000.0,60.0,41.6,11081.40288,15.33371,15.0,910.822374,26592.408072,0.0,0.0,0.0,0.0,0.0
124,444.105976,0.0,135.0,100.0,208.2068,0.899174,0.0,135.0,100.0,600.0,1000.0,142.0,76.0,11149.740134,0.899174,0.0,29.672755,63063.048535,0.0,0.0,0.0,0.0,0.0
125,436.912579,0.0,128.8527,100.0,208.05988,0.0,0.0,135.0,100.0,600.0,1000.0,2.0,41.6,11062.996408,0.0,7.193394,38.399803,873.825157,0.0,0.0,0.0,0.0,6.1473
126,428.05988,0.0,120.0,100.0,208.05988,0.0,0.0,120.0,100.0,600.0,1000.0,81.2,41.6,11045.291008,0.0,8.8527,0.0,34758.462288,0.0,0.0,0.0,0.0,0.0
127,440.416579,50.0,120.0,100.0,170.41658,0.0,50.0,120.0,100.0,600.0,1000.0,41.6,41.6,9529.329728,50.0,37.6433,2236.01202,18321.32967,0.0,0.0,0.0,0.0,0.0
128,466.761468,100.0,120.0,100.0,146.76147,0.0,100.0,120.0,100.0,600.0,1000.0,41.6,41.6,8595.277152,50.0,23.65511,1405.113534,19417.277069,0.0,0.0,0.0,0.0,0.0
129,496.350801,150.0,120.0,100.0,126.3508,0.0,150.0,120.0,100.0,600.0,1000.0,41.6,41.6,7796.19328,50.0,20.41067,1212.393798,20648.193322,0.0,0.0,0.0,0.0,0.0
130,521.870674,250.0,105.0,100.0,66.870674,0.0,250.0,105.0,100.0,600.0,1000.0,41.6,41.6,5391.820038,100.0,74.480126,3533.119484,21709.820047,0.0,0.0,0.0,0.0,0.0
131,550.15296,300.0,105.0,100.0,45.15296,0.0,300.0,105.0,100.0,600.0,1000.0,41.6,41.6,4538.363136,50.0,21.717714,1290.032212,22886.363136,0.0,0.0,0.0,0.0,0.0
132,553.230547,375.0,78.230547,100.0,0.0,0.0,375.0,90.0,100.0,600.0,1000.0,2.0,21.5,2681.461094,75.0,71.922413,2682.085824,1106.461094,0.0,0.0,0.0,0.0,11.769453
133,536.758039,436.75804,0.0,100.0,0.0,0.0,450.0,90.0,100.0,600.0,1000.0,1.0,21.5,2586.75804,61.75804,78.230547,0.0,536.758039,0.0,0.0,0.0,0.0,103.24196
134,525.272706,350.0,75.272706,100.0,0.0,0.0,350.0,90.0,100.0,600.0,1000.0,2.0,21.5,2650.545412,75.272706,86.75804,0.0,1050.545412,0.0,0.0,0.0,0.0,14.727294
135,526.125531,300.0,75.0,100.0,51.125531,0.0,300.0,75.0,100.0,600.0,1000.0,41.6,41.6,4726.82209,51.125531,50.272706,3036.856541,21886.82209,0.0,0.0,0.0,0.0,0.0
136,547.594484,250.0,75.0,100.0,122.59448,0.0,250.0,75.0,100.0,600.0,1000.0,41.6,41.6,7649.930368,71.468949,50.0,4245.255571,22779.930526,0.0,0.0,0.0,0.0,0.0
137,580.317023,200.0,60.0,100.0,220.31702,0.0,200.0,60.0,100.0,600.0,1000.0,41.6,41.6,11635.188032,97.72254,65.0,5804.718876,24141.188173,0.0,0.0,0.0,0.0,0.0
138,592.228769,150.0,45.0,100.0,297.22877,0.0,150.0,45.0,100.0,600.0,1000.0,41.6,41.6,14754.716832,76.91175,65.0,4568.55795,24636.716807,0.0,0.0,0.0,0.0,0.0
139,581.957785,50.0,60.0,100.0,371.95779,0.0,50.0,60.0,100.0,600.0,1000.0,60.0,41.6,17793.444064,89.72902,100.0,4438.903788,34917.467112,0.0,0.0,0.0,0.0,0.0
140,560.405404,0.0,60.0,100.0,371.95779,28.447619,0.0,60.0,100.0,600.0,1000.0,142.0,76.0,19905.463108,28.447619,50.0,938.771427,79577.567396,0.0,0.0,0.0,0.0,0.0
141,550.431055,0.0,90.0,100.0,360.43106,0.0,0.0,90.0,100.0,600.0,1000.0,41.6,41.6,17323.932096,30.0,39.974349,1623.459189,22897.931896,0.0,0.0,0.0,0.0,0.0
142,551.367309,0.0,120.0,100.0,331.36731,0.0,0.0,120.0,100.0,600.0,1000.0,41.6,41.6,16174.880096,30.0,29.06375,1726.38675,22936.880054,0.0,0.0,0.0,0.0,0.0
143,516.503436,0.0,150.0,100.0,266.50344,0.0,0.0,150.0,100.0,600.0,1000.0,41.6,41.6,13536.543104,30.0,64.86387,3852.913878,21486.542938,0.0,0.0,0.0,0.0,0.0
144,484.031182,0.0,172.85943,100.0,211.17175,0.0,0.0,225.0,100.0,600.0,1000.0,2.0,41.6,11280.46366,22.85943,55.33169,3286.702386,968.062364,0.0,0.0,0.0,0.0,52.14057
145,464.963119,0.0,153.79137,100.0,211.17175,0.0,0.0,180.0,100.0,600.0,1000.0,2.0,41.6,11242.32754,0.0,19.06806,0.0,929.926237,0.0,0.0,0.0,0.0,26.20863
146,461.171753,0.0,150.0,100.0,211.17175,0.0,0.0,150.0,100.0,600.0,1000.0,2.0,41.6,11234.7448,0.0,3.79137,0.0,922.343507,0.0,0.0,0.0,0.0,0.0
147,467.048833,0.0,135.0,100.0,232.04883,0.0,0.0,135.0,100.0,600.0,1000.0,41.6,41.6,12073.231328,20.87708,15.0,1240.098552,19429.231436,0.0,0.0,0.0,0.0,0.0
148,486.311563,0.0,135.0,100.0,251.31156,0.0,0.0,135.0,100.0,600.0,1000.0,41.6,41.6,12874.560896,19.26273,0.0,1144.206162,20230.561029,0.0,0.0,0.0,0.0,0.0
149,524.957531,0.0,135.0,100.0,289.95753,0.0,0.0,135.0,100.0,600.0,1000.0,41.6,41.6,14482.233248,38.64597,0.0,2295.570618,21838.233306,0.0,0.0,0.0,0.0,0.0
150,601.415182,0.0,120.0,100.0,381.41518,0.0,0.0,120.0,100.0,600.0,1000.0,60.0,41.6,18256.871488,91.45765,15.0,5432.58441,36084.910932,0.0,0.0,0.0,0.0,0.0
151,674.452261,50.0,120.0,100.0,381.41518,23.037079,50.0,120.0,100.0,600.0,1000.0,142.0,76.0,20057.689492,73.037079,0.0,760.223607,95772.22109,0.0,0.0,0.0,0.0,0.0
152,698.980261,100.0,120.0,100.0,378.98026,0.0,100.0,120.0,100.0,600.0,1000.0,41.6,41.6,18255.578816,50.0,25.471999,904.857855,29077.578866,0.0,0.0,0.0,0.0,0.0
153,704.226992,150.0,120.0,100.0,334.22699,0.0,150.0,120.0,100.0,600.0,1000.0,41.6,41.6,16443.842784,50.0,44.75327,2658.344238,29295.842859,0.0,0.0,0.0,0.0,0.0
154,711.123754,250.0,105.0,100.0,256.12375,0.0,250.0,105.0,100.0,600.0,1000.0,41.6,41.6,13264.748,100.0,93.10324,4639.332456,29582.74815,0.0,0.0,0.0,0.0,0.0
155,721.811881,300.0,105.0,100.0,216.81188,0.0,300.0,105.0,100.0,600.0,1000.0,41.6,41.6,11679.374208,50.0,39.31187,2335.125078,30027.374233,0.0,0.0,0.0,0.0,0.0
156,718.734293,375.0,76.68,100.0,167.05429,0.0,375.0,90.0,100.0,600.0,1000.0,2.0,41.6,9627.818464,75.0,78.07759,2955.600846,1437.468587,0.0,0.0,0.0,0.0,13.32
157,716.110928,449.05663,0.0,100.0,167.05429,0.0,450.0,90.0,100.0,600.0,1000.0,1.0,41.6,9548.515094,74.05663,76.68,0.0,716.110928,0.0,0.0,0.0,0.0,90.94337
158,707.054293,350.0,90.0,100.0,167.05429,0.0,350.0,90.0,100.0,600.0,1000.0,3.0,41.6,9629.458464,90.0,99.05663,0.0,2121.16288,0.0,0.0,0.0,0.0,0.0
159,702.169087,300.0,75.0,100.0,227.16909,0.0,300.0,75.0,100.0,600.0,1000.0,41.6,41.6,12050.234144,60.1148,65.0,3570.81912,29210.234003,0.0,0.0,0.0,0.0,0.0
160,708.027626,250.0,75.0,100.0,283.02763,0.0,250.0,75.0,100.0,600.0,1000.0,41.6,41.6,14323.949408,55.85854,50.0,3317.997276,29453.949258,0.0,0.0,0.0,0.0,0.0
161,729.839563,200.0,60.0,100.0,369.83956,0.0,200.0,60.0,100.0,600.0,1000.0,41.6,41.6,17855.325696,86.81193,65.0,5156.628642,30361.325829,0.0,0.0,0.0,0.0,0.0
162,727.281087,150.0,45.0,100.0,432.28109,0.0,150.0,45.0,100.0,600.0,1000.0,41.6,41.6,20372.893344,62.44153,65.0,3709.026882,30254.893219,0.0,0.0,0.0,0.0,0.0
163,709.881595,50.0,60.0,100.0,499.88159,0.0,50.0,60.0,100.0,600.0,1000.0,60.0,41.6,23115.074144,82.6005,100.0,4015.4697,42592.895676,0.0,0.0,0.0,0.0,0.0
164,673.219372,0.0,60.0,100.0,499.88159,13.337778,0.0,60.0,100.0,600.0,1000.0,142.0,76.0,24078.745272,13.337778,50.0,440.146674,95597.150852,0.0,0.0,0.0,0.0,0.0
165,642.934801,0.0,90.0,100.0,452.9348,0.0,0.0,90.0,100.0,600.0,1000.0,41.6,41.6,21172.08768,30.0,60.284568,3228.786,26746.08773,0.0,0.0,0.0,0.0,0.0
166,617.92477,0.0,120.0,100.0,397.92477,0.0,0.0,120.0,100.0,600.0,1000.0,41.6,41.6,18943.670432,30.0,55.01003,3267.595782,25705.670415,0.0,0.0,0.0,0.0,0.0
167,571.260388,0.0,150.0,100.0,321.26039,0.0,0.0,150.0,100.0,600.0,1000.0,41.6,41.6,15814.432224,30.0,76.66438,4553.864172,23764.432149,0.0,0.0,0.0,0.0,0.0
168,536.656071,0.0,176.31708,100.0,260.33899,0.0,0.0,225.0,100.0,600.0,1000.0,2.0,41.6,13332.736144,26.31708,60.9214,3618.73116,1073.312142,0.0,0.0,0.0,0.0,48.68292
169,516.327309,0.0,155.98832,100.0,260.33899,0.0,0.0,180.0,100.0,600.0,1000.0,2.0,41.6,13292.078624,0.0,20.32876,0.0,1032.654618,0.0,0.0,0.0,0.0,24.01168
170,510.338992,0.0,150.0,100.0,260.33899,0.0,0.0,150.0,100.0,600.0,1000.0,2.0,41.6,13280.101984,0.0,5.98832,0.0,1020.677983,0.0,0.0,0.0,0.0,0.0
171,515.724769,0.0,135.0,100.0,280.72477,0.0,0.0,135.0,100.0,600.0,1000.0,41.6,41.6,14098.150432,20.38578,15.0,1210.915332,21454.150399,0.0,0.0,0.0,0.0,0.0
172,527.35842,0.0,135.0,100.0,292.35842,0.0,0.0,135.0,100.0,600.0,1000.0,41.6,41.6,14582.110272,11.63365,0.0,691.03881,21938.110272,0.0,0.0,0.0,0.0,0.0
173,552.989531,0.0,135.0,100.0,317.98953,0.0,0.0,135.0,100.0,600.0,1000.0,41.6,41.6,15648.364448,25.63111,0.0,1522.487934,23004.364506,0.0,0.0,0.0,0.0,0.0
174,622.096198,0.0,120.0,100.0,402.0962,0.0,0.0,120.0,100.0,600.0,1000.0,60.0,41.6,19117.20192,84.10667,15.0,4995.936198,37325.771856,0.0,0.0,0.0,0.0,0.0
175,687.124135,50.0,120.0,100.0,402.0962,15.027937,50.0,120.0,100.0,600.0,1000.0,142.0,76.0,20309.325132,65.027937,0.0,495.921921,97571.627113,0.0,0.0,0.0,0.0,0.0
176,702.808706,100.0,120.0,100.0,382.80871,0.0,100.0,120.0,100.0,600.0,1000.0,41.6,41.6,18414.842336,50.0,34.315427,1641.598827,29236.842161,0.0,0.0,0.0,0.0,0.0
177,700.769341,150.0,120.0,100.0,330.76934,0.0,150.0,120.0,100.0,600.0,1000.0,41.6,41.6,16300.004544,50.0,52.03937,3091.138578,29152.004569,0.0,0.0,0.0,0.0,0.0
178,710.72515,250.0,105.0,100.0,255.72515,0.0,250.0,105.0,100.0,600.0,1000.0,41.6,41.6,13248.16624,100.0,90.04419,4457.624886,29566.166248,0.0,0.0,0.0,0.0,0.0
179,727.438674,300.0,105.0,100.0,222.43867,0.0,300.0,105.0,100.0,600.0,1000.0,41.6,41.6,11913.448672,50.0,33.28648,1977.216912,30261.448838,0.0,0.0,0.0,0.0,0.0
180,724.073722,375.0,76.494603,100.0,172.57912,0.0,375.0,90.0,100.0,600.0,1000.0,2.0,41.6,9857.280598,75.0,78.364947,2961.65727,1448.147443,0.0,0.0,0.0,0.0,13.505397
181,720.801468,448.22235,0.0,100.0,172.57912,0.0,450.0,90.0,100.0,600.0,1000.0,1.0,41.6,9777.513742,73.22235,76.494603,0.0,720.801468,0.0,0.0,0.0,0.0,91.77765
182,712.579118,350.0,90.0,100.0,172.57912,0.0,350.0,90.0,100.0,600.0,1000.0,3.0,41.6,9859.291392,90.0,98.22235,0.0,2137.737355,0.0,0.0,0.0,0.0,0.0
183,708.797023,300.0,75.0,100.0,233.79702,0.0,300.0,75.0,100.0,600.0,1000.0,41.6,41.6,12325.956032,61.2179,65.0,3636.34326,29485.956165,0.0,0.0,0.0,0.0,0.0
184,710.437785,250.0,75.0,100.0,285.43778,0.0,250.0,75.0,100.0,600.0,1000.0,41.6,41.6,14424.211648,51.64076,50.0,3067.461144,29554.211856,0.0,0.0,0.0,0.0,0.0
185,731.971627,200.0,60.0,100.0,371.97163,0.0,200.0,60.0,100.0,600.0,1000.0,41.6,41.6,17944.019808,86.53385,65.0,5140.11069,30450.019667,0.0,0.0,0.0,0.0,0.0
186,729.45023,150.0,45.0,100.0,434.45023,0.0,150.0,45.0,100.0,600.0,1000.0,41.6,41.6,20463.129568,62.4786,65.0,3711.22884,30345.12956,0.0,0.0,0.0,0.0,0.0
187,711.346229,50.0,60.0,100.0,501.34623,0.0,50.0,60.0,100.0,600.0,1000.0,60.0,41.6,23176.003168,81.896,100.0,3973.6224,42680.773764,0.0,0.0,0.0,0.0,0.0
188,676.639944,0.0,60.0,100.0,501.34623,15.293715,0.0,60.0,100.0,600.0,1000.0,142.0,76.0,24288.325508,15.293715,50.0,504.692595,96082.872048,0.0,0.0,0.0,0.0,0.0
189,647.10623,0.0,90.0,100.0,457.10623,0.0,0.0,90.0,100.0,600.0,1000.0,41.6,41.6,21345.619168,30.0,59.533715,3132.548595,26919.61916,0.0,0.0,0.0,0.0,0.0
190,624.738103,0.0,120.0,100.0,404.7381,0.0,0.0,120.0,100.0,600.0,1000.0,41.6,41.6,19227.10496,30.0,52.36813,3110.666922,25989.105068,0.0,0.0,0.0,0.0,0.0
191,576.377341,0.0,150.0,100.0,326.37734,0.0,0.0,150.0,100.0,600.0,1000.0,41.6,41.6,16027.297344,30.0,78.36076,4654.629144,23977.297369,0.0,0.0,0.0,0.0,0.0
192,541.615436,0.0,174.23136,100.0,267.38407,0.0,0.0,225.0,100.0,600.0,1000.0,2.0,41.6,13621.640032,24.23136,58.99327,3504.200238,1083.230872,0.0,0.0,0.0,0.0,50.76864
193,525.124388,0.0,157.74032,100.0,267.38407,0.0,0.0,180.0,100.0,600.0,1000.0,2.0,41.6,13588.657952,0.0,16.49104,0.0,1050.248777,0.0,0.0,0.0,0.0,22.25968
194,517.384071,0.0,150.0,100.0,267.38407,0.0,0.0,150.0,100.0,600.0,1000.0,2.0,41.6,13573.177312,0.0,7.74032,0.0,1034.768142,0.0,0.0,0.0,0.0,0.0
195,521.49988,0.0,135.0,100.0,286.49988,0.0,0.0,135.0,100.0,600.0,1000.0,41.6,41.6,14338.395008,19.11581,15.0,1135.479114,21694.395016,0.0,0.0,0.0,0.0,0.0
196,536.980516,0.0,135.0,100.0,301.98052,0.0,0.0,135.0,100.0,600.0,1000.0,41.6,41.6,14982.389632,15.48064,0.0,919.550016,22338.389449,0.0,0.0,0.0,0.0,0.0
197,564.16896,0.0,135.0,100.0,329.16896,0.0,0.0,135.0,100.0,600.0,1000.0,41.6,41.6,16113.428736,27.18844,0.0,1614.993336,23469.428736,0.0,0.0,0.0,0.0,0.0
198,634.517785,0.0,120.0,100.0,414.51779,0.0,0.0,120.0,100.0,600.0,1000.0,60.0,41.6,19633.940064,85.34883,15.0,5069.720502,38071.067112,0.0,0.0,0.0,0.0,0.0
199,699.341785,50.0,120.0,100.0,414.51779,14.824,50.0,120.0,100.0,600.0,1000.0,142.0,76.0,20810.564064,64.824,0.0,489.192,99306.533498,0.0,0.0,0.0,0.0,0.0
200,722.785214,100.0,120.0,100.0,402.78521,0.0,100.0,120.0,100.0,600.0,1000.0,41.6,41.6,19245.864736,50.0,26.55658,1186.107252,30067.864894,0.0,0.0,0.0,0.0,0.0
201,718.400579,150.0,120.0,100.0,348.40058,0.0,150.0,120.0,100.0,600.0,1000.0,41.6,41.6,17033.464128,50.0,54.38463,3230.447022,29885.464078,0.0,0.0,0.0,0.0,0.0
202,726.919563,250.0,105.0,100.0,271.91956,0.0,250.0,105.0,100.0,600.0,1000.0,41.6,41.6,13921.853696,100.0,91.48102,4542.972588,30239.853821,0.0,0.0,0.0,0.0,0.0
203,739.758293,300.0,105.0,100.0,234.75829,0.0,300.0,105.0,100.0,600.0,1000.0,41.6,41.6,12425.944864,50.0,37.16127,2207.379438,30773.945005,0.0,0.0,0.0,0.0,0.0
204,732.555626,375.0,75.994032,100.0,181.56159,0.0,375.0,90.0,100.0,600.0,1000.0,2.0,41.6,10229.950208,75.0,82.202668,3159.88398,1465.111253,0.0,0.0,0.0,0.0,14.005968
205,730.544071,448.98248,0.0,100.0,181.56159,0.0,450.0,90.0,100.0,600.0,1000.0,1.0,41.6,10151.944624,73.98248,75.994032,0.0,730.544071,0.0,0.0,0.0,0.0,91.01752
206,721.561595,350.0,90.0,100.0,181.56159,0.0,350.0,90.0,100.0,600.0,1000.0,3.0,41.6,10232.962144,90.0,98.98248,0.0,2164.684784,0.0,0.0,0.0,0.0,0.0
207,715.601087,300.0,75.0,100.0,240.60109,0.0,300.0,75.0,100.0,600.0,1000.0,41.6,41.6,12609.005344,59.0395,65.0,3506.9463,29769.005211,0.0,0.0,0.0,0.0,0.0
208,717.436516,250.0,75.0,100.0,292.43652,0.0,250.0,75.0,100.0,600.0,1000.0,41.6,41.6,14715.359232,51.83543,50.0,3079.024542,29845.359049,0.0,0.0,0.0,0.0,0.0
209,733.176706,200.0,60.0,100.0,373.17671,0.0,200.0,60.0,100.0,600.0,1000.0,41.6,41.6,17994.151136,80.74019,65.0,4795.967286,30500.150953,0.0,0.0,0.0,0.0,0.0
210,725.862801,150.0,45.0,100.0,430.8628,0.0,150.0,45.0,100.0,600.0,1000.0,41.6,41.6,20313.89248,57.68609,65.0,3426.553746,30195.892522,0.0,0.0,0.0,0.0,0.0
211,704.458738,50.0,60.0,100.0,494.45874,0.0,50.0,60.0,100.0,600.0,1000.0,60.0,41.6,22889.483584,78.59594,100.0,3777.598836,42267.524256,0.0,0.0,0.0,0.0,0.0
212,665.367817,0.0,60.0,100.0,494.45874,10.90908,0.0,60.0,100.0,600.0,1000.0,142.0,76.0,23668.573664,10.90908,50.0,359.99964,94482.230042,0.0,0.0,0.0,0.0,0.0
213,632.756515,0.0,90.0,100.0,442.75652,0.0,0.0,90.0,100.0,600.0,1000.0,41.6,41.6,20748.671232,30.0,62.6113,3431.111508,26322.671032,0.0,0.0,0.0,0.0,0.0
214,609.999055,0.0,120.0,100.0,389.99906,0.0,0.0,120.0,100.0,600.0,1000.0,41.6,41.6,18613.960896,30.0,52.75746,3133.793124,25375.960696,0.0,0.0,0.0,0.0,0.0
215,562.426229,0.0,150.0,100.0,312.42623,0.0,0.0,150.0,100.0,600.0,1000.0,41.6,41.6,15446.931168,30.0,77.57283,4607.826102,23396.931143,0.0,0.0,0.0,0.0,0.0
216,530.055944,0.0,175.01003,100.0,255.04591,0.0,0.0,225.0,100.0,600.0,1000.0,2.0,41.6,13109.929916,25.01003,57.38032,3408.391008,1060.111888,0.0,0.0,0.0,0.0,49.98997
217,513.676135,0.0,158.63022,100.0,255.04591,0.0,0.0,180.0,100.0,600.0,1000.0,2.0,41.6,13077.170296,0.0,16.37981,0.0,1027.352269,0.0,0.0,0.0,0.0,21.36978
218,505.045912,0.0,150.0,100.0,255.04591,0.0,0.0,150.0,100.0,600.0,1000.0,2.0,41.6,13059.909856,0.0,8.63022,0.0,1010.091824,0.0,0.0,0.0,0.0,0.0
219,508.438674,0.0,135.0,100.0,273.43867,0.0,0.0,135.0,100.0,600.0,1000.0,41.6,41.6,13795.048672,18.39276,15.0,1092.529944,21151.048838,0.0,0.0,0.0,0.0,0.0
220,515.780389,0.0,135.0,100.0,280.78039,0.0,0.0,135.0,100.0,600.0,1000.0,41.6,41.6,14100.464224,7.34172,0.0,436.098168,21456.464166,0.0,0.0,0.0,0.0,0.0
221,539.863436,0.0,135.0,100.0,304.86344,0.0,0.0,135.0,100.0,600.0,1000.0,41.6,41.6,15102.319104,24.08305,0.0,1430.53317,22458.318929,0.0,0.0,0.0,0.0,0.0
222,609.452134,0.0,120.0,100.0,389.45213,0.0,0.0,120.0,100.0,600.0,1000.0,60.0,41.6,18591.208608,84.58869,15.0,5024.568186,36567.128052,0.0,0.0,0.0,0.0,0.0
223,678.503182,50.0,120.0,100.0,389.45213,19.051048,50.0,120.0,100.0,600.0,1000.0,142.0,76.0,20089.088256,69.051048,0.0,628.684584,96347.451872,0.0,0.0,0.0,0.0,0.0
224,700.24096,100.0,120.0,100.0,380.24096,0.0,100.0,120.0,100.0,600.0,1000.0,41.6,41.6,18308.023936,50.0,28.262218,1175.828082,29130.023919,0.0,0.0,0.0,0.0,0.0
225,700.713722,150.0,120.0,100.0,330.71372,0.0,150.0,120.0,100.0,600.0,1000.0,41.6,41.6,16297.690752,50.0,49.52724,2941.918056,29149.690827,0.0,0.0,0.0,0.0,0.0
226,707.156261,250.0,105.0,100.0,252.15626,0.0,250.0,105.0,100.0,600.0,1000.0,41.6,41.6,13099.700416,100.0,93.55746,4666.313124,29417.700474,0.0,0.0,0.0,0.0,0.0
227,715.322992,300.0,105.0,100.0,210.32299,0.0,300.0,105.0,100.0,600.0,1000.0,41.6,41.6,11409.436384,50.0,41.83327,2484.896238,29757.436451,0.0,0.0,0.0,0.0,0.0
228,711.540896,375.0,71.479619,100.0,165.06128,0.0,375.0,90.0,100.0,600.0,1000.0,2.0,41.6,9534.508486,75.0,78.782091,2688.545574,1423.081793,0.0,0.0,0.0,0.0,18.520381
229,708.834103,443.77283,0.0,100.0,165.06128,0.0,450.0,90.0,100.0,600.0,1000.0,1.0,41.6,9460.322078,68.77283,71.479619,0.0,708.834103,0.0,0.0,0.0,0.0,96.22717
230,705.061277,350.0,90.0,100.0,165.06128,0.0,350.0,90.0,100.0,600.0,1000.0,3.0,41.6,9546.549248,90.0,93.77283,0.0,2115.183832,0.0,0.0,0.0,0.0,0.0
231,704.134293,300.0,75.0,100.0,229.13429,0.0,300.0,75.0,100.0,600.0,1000.0,41.6,41.6,12131.986464,64.07301,65.0,3805.936794,29291.986589,0.0,0.0,0.0,0.0,0.0
232,708.175944,250.0,75.0,100.0,283.17594,0.0,250.0,75.0,100.0,600.0,1000.0,41.6,41.6,14330.119104,54.04165,50.0,3210.07401,29460.11927,0.0,0.0,0.0,0.0,0.0
233,730.979753,200.0,60.0,100.0,370.97975,0.0,200.0,60.0,100.0,600.0,1000.0,41.6,41.6,17902.7576,87.80381,65.0,5215.546314,30408.757741,0.0,0.0,0.0,0.0,0.0
234,728.30077,150.0,45.0,100.0,433.30077,0.0,150.0,45.0,100.0,600.0,1000.0,41.6,41.6,20415.312032,62.32102,65.0,3701.868588,30297.312015,0.0,0.0,0.0,0.0,0.0
235,713.876896,50.0,60.0,100.0,503.8769,0.0,50.0,60.0,100.0,600.0,1000.0,60.0,41.6,23281.27904,85.57613,100.0,4192.222122,42832.613772,0.0,0.0,0.0,0.0,0.0
236,679.838039,0.0,60.0,100.0,503.8769,15.961143,0.0,60.0,100.0,600.0,1000.0,142.0,76.0,24444.325908,15.961143,50.0,526.717719,96537.001595,0.0,0.0,0.0,0.0,0.0
237,649.590547,0.0,90.0,100.0,459.59055,0.0,0.0,90.0,100.0,600.0,1000.0,41.6,41.6,21448.96688,30.0,60.247493,3157.326909,27022.966764,0.0,0.0,0.0,0.0,0.0
238,629.252515,0.0,120.0,100.0,409.25252,0.0,0.0,120.0,100.0,600.0,1000.0,41.6,41.6,19414.904832,30.0,50.33803,2990.078982,26176.904632,0.0,0.0,0.0,0.0,0.0
239,584.859245,0.0,150.0,100.0,334.85925,0.0,0.0,150.0,100.0,600.0,1000.0,41.6,41.6,16380.1448,30.0,74.39327,4418.960238,24330.144609,0.0,0.0,0.0,0.0,0.0
240,554.760071,0.0,180.51632,100.0,274.24375,0.0,0.0,225.0,100.0,600.0,1000.0,2.0,41.6,13919.57264,30.51632,60.6155,3600.5607,1109.520142,0.0,0.0,0.0,0.0,44.48368
241,535.376833,0.0,161.13308,100.0,274.24375,0.0,0.0,180.0,100.0,600.0,1000.0,2.0,41.6,13880.80616,0.0,19.38324,0.0,1070.753665,0.0,0.0,0.0,0.0,18.86692
242,524.243753,0.0,150.0,100.0,274.24375,0.0,0.0,150.0,100.0,600.0,1000.0,2.0,41.6,13858.54,0.0,11.13308,0.0,1048.487507,0.0,0.0,0.0,0.0,0.0
243,524.253023,0.0,135.0,100.0,289.25302,0.0,0.0,135.0,100.0,600.0,1000.0,41.6,41.6,14452.925632,15.00927,15.0,891.550638,21808.925773,0.0,0.0,0.0,0.0,0.0
244,530.945849,0.0,135.0,100.0,295.94585,0.0,0.0,135.0,100.0,600.0,1000.0,41.6,41.6,14731.34736,6.69283,0.0,397.554102,22087.34731,0.0,0.0,0.0,0.0,0.0
245,552.980261,0.0,135.0,100.0,317.98026,0.0,0.0,135.0,100.0,600.0,1000.0,41.6,41.6,15647.978816,22.03441,0.0,1308.843954,23003.978874,0.0,0.0,0.0,0.0,0.0
246,618.592198,0.0,120.0,100.0,398.5922,0.0,0.0,120.0,100.0,600.0,1000.0,60.0,41.6,18971.43552,80.61194,15.0,4788.349236,37115.531856,0.0,0.0,0.0,0.0,0.0
247,685.761468,50.0,120.0,100.0,398.5922,17.16927,50.0,120.0,100.0,600.0,1000.0,142.0,76.0,20326.30004,67.16927,0.0,566.58591,97378.128456,0.0,0.0,0.0,0.0,0.0
248,710.688071,100.0,120.0,100.0,390.68807,0.0,100.0,120.0,100.0,600.0,1000.0,41.6,41.6,18742.623712,50.0,25.0734,1036.091232,29564.623745,0.0,0.0,0.0,0.0,0.0
249,707.944198,150.0,120.0,100.0,337.9442,0.0,150.0,120.0,100.0,600.0,1000.0,41.6,41.6,16598.47872,50.0,52.74387,3132.985878,29450.47862,0.0,0.0,0.0,0.0,0.0
250,715.146865,250.0,105.0,100.0,260.14686,0.0,250.0,105.0,100.0,600.0,1000.0,41.6,41.6,13432.109376,100.0,92.79734,4621.161996,29750.109567,0.0,0.0,0.0,0.0,0.0
251,722.896452,300.0,105.0,100.0,217.89645,0.0,300.0,105.0,100.0,600.0,1000.0,41.6,41.6,11724.49232,50.0,42.25041,2509.674354,30072.492403,0.0,0.0,0.0,0.0,0.0
252,718.446928,375.0,90.0,100.0,153.44693,0.0,375.0,90.0,100.0,600.0,1000.0,2.0,41.6,9088.392288,75.0,79.44952,3828.301488,1436.893856,0.0,0.0,0.0,0.0,0.0
253,705.589658,450.0,2.14273,100.0,153.44693,0.0,450.0,90.0,100.0,600.0,1000.0,2.0,41.6,8987.677748,75.0,87.85727,0.0,1411.179317,0.0,0.0,0.0,0.0,87.85727
254,692.380135,350.0,88.933206,100.0,153.44693,0.0,350.0,90.0,100.0,600.0,1000.0,2.0,41.6,9061.2587,86.790476,100.0,0.0,1384.760269,0.0,0.0,0.0,0.0,1.066794
255,687.170483,300.0,75.0,100.0,212.17048,0.0,300.0,75.0,100.0,600.0,1000.0,41.6,41.6,11426.291968,58.72355,63.933206,3488.17887,28586.292109,0.0,0.0,0.0,0.0,0.0
256,694.753214,250.0,75.0,100.0,269.75321,0.0,250.0,75.0,100.0,600.0,1000.0,41.6,41.6,13771.733536,57.58273,50.0,3420.414162,28901.733694,0.0,0.0,0.0,0.0,0.0
257,723.841976,200.0,60.0,100.0,363.84198,0.0,200.0,60.0,100.0,600.0,1000.0,41.6,41.6,17605.826368,94.08877,65.0,5588.872938,30111.826193,0.0,0.0,0.0,0.0,0.0
258,719.327563,150.0,45.0,100.0,424.32756,0.0,150.0,45.0,100.0,600.0,1000.0,41.6,41.6,20042.026496,60.48558,65.0,3592.843452,29924.026629,0.0,0.0,0.0,0.0,0.0
259,699.202738,50.0,60.0,100.0,489.20274,0.0,50.0,60.0,100.0,600.0,1000.0,60.0,41.6,22670.833984,79.87518,100.0,3853.585692,41952.164256,0.0,0.0,0.0,0.0,0.0
260,661.11296,0.0,60.0,100.0,489.20274,11.910222,0.0,60.0,100.0,600.0,1000.0,142.0,76.0,23526.010856,11.910222,50.0,393.037326,93878.040292,0.0,0.0,0.0,0.0,0.0
261,633.04388,0.0,90.0,100.0,443.04388,0.0,0.0,90.0,100.0,600.0,1000.0,41.6,41.6,20760.625408,30.0,58.069082,3134.87361,26334.625425,0.0,0.0,0.0,0.0,0.0
262,618.249214,0.0,120.0,100.0,398.24921,0.0,0.0,120.0,100.0,600.0,1000.0,41.6,41.6,18957.167136,30.0,44.79467,2660.803398,25719.167286,0.0,0.0,0.0,0.0,0.0
263,586.592706,0.0,150.0,100.0,336.59271,0.0,0.0,150.0,100.0,600.0,1000.0,41.6,41.6,16452.256736,30.0,61.6565,3662.3961,24402.25657,0.0,0.0,0.0,0.0,0.0
264,557.021912,0.0,189.02603,100.0,267.99588,0.0,0.0,225.0,100.0,600.0,1000.0,2.0,41.6,13676.680668,39.02603,68.59683,4074.651702,1114.043825,0.0,0.0,0.0,0.0,35.97397
265,534.320071,0.0,166.32419,100.0,267.99588,0.0,0.0,180.0,100.0,600.0,1000.0,2.0,41.6,13631.276988,0.0,22.70184,0.0,1068.640141,0.0,0.0,0.0,0.0,13.67581
266,517.99588,0.0,150.0,100.0,267.99588,0.0,0.0,150.0,100.0,600.0,1000.0,2.0,41.6,13598.628608,0.0,16.32419,0.0,1035.99176,0.0,0.0,0.0,0.0,0.0
267,512.545214,0.0,135.0,100.0,277.54521,0.0,0.0,135.0,100.0,600.0,1000.0,139.2,41.6,13965.880736,9.54933,15.0,567.230202,71346.293761,0.0,0.0,0.0,0.0,0.0
268,510.172135,0.0,132.62692,100.0,277.54521,0.0,0.0,135.0,100.0,600.0,1000.0,2.0,41.6,13961.134576,0.0,2.37308,0.0,1020.344269,0.0,0.0,0.0,0.0,2.37308
269,503.108515,0.0,125.5633,100.0,277.54521,0.0,0.0,135.0,100.0,600.0,1000.0,2.0,41.6,13947.007336,0.0,7.06362,0.0,1006.21703,0.0,0.0,0.0,0.0,9.4367
270,500.355373,0.0,120.0,100.0,277.54521,2.810159,0.0,120.0,100.0,600.0,1000.0,142.0,76.0,14149.452805,2.810159,5.5633,92.73524,71050.462909,0.0,0.0,0.0,0.0,0.0
271,531.390801,50.0,120.0,100.0,261.3908,0.0,50.0,120.0,100.0,600.0,1000.0,41.6,41.6,13313.85728,50.0,18.964569,1052.307194,22105.857322,0.0,0.0,0.0,0.0,0.0
272,565.985849,100.0,120.0,100.0,245.98585,0.0,100.0,120.0,100.0,600.0,1000.0,41.6,41.6,12723.01136,50.0,15.40495,915.05403,23545.01131,0.0,0.0,0.0,0.0,0.0
273,590.652896,150.0,120.0,100.0,220.6529,0.0,150.0,120.0,100.0,600.0,1000.0,41.6,41.6,11719.16064,50.0,25.33295,1504.77723,24571.16049,0.0,0.0,0.0,0.0,0.0
274,607.996769,250.0,105.0,100.0,152.99677,0.0,250.0,105.0,100.0,600.0,1000.0,41.6,41.6,8974.665632,100.0,82.65613,4018.774122,25292.665607,0.0,0.0,0.0,0.0,0.0
275,617.405658,300.0,105.0,100.0,112.40566,0.0,300.0,105.0,100.0,600.0,1000.0,41.6,41.6,7336.075456,50.0,40.59111,2411.111934,25684.075373,0.0,0.0,0.0,0.0,0.0
276,613.577214,375.0,90.0,100.0,48.577214,0.0,375.0,90.0,100.0,600.0,1000.0,3.0,41.6,4725.812102,75.0,78.828446,3791.409692,1840.731642,0.0,0.0,0.0,0.0,0.0
277,596.418737,447.84152,0.0,100.0,48.577214,0.0,450.0,90.0,100.0,600.0,1000.0,1.0,41.6,4618.653622,72.84152,90.0,0.0,596.418737,0.0,0.0,0.0,0.0,92.15848
278,584.145468,350.0,85.568254,100.0,48.577214,0.0,350.0,90.0,100.0,600.0,1000.0,2.0,41.6,4691.94861,85.568254,97.84152,0.0,1168.290936,0.0,0.0,0.0,0.0,4.431746
279,583.255563,300.0,75.0,100.0,108.25556,0.0,300.0,75.0,100.0,600.0,1000.0,41.6,41.6,7103.431296,59.678346,60.568254,3544.893752,24263.431421,0.0,0.0,0.0,0.0,0.0
280,593.202103,250.0,75.0,100.0,168.2021,0.0,250.0,75.0,100.0,600.0,1000.0,41.6,41.6,9547.20736,59.94654,50.0,3560.824476,24677.207468,0.0,0.0,0.0,0.0,0.0
281,634.035754,200.0,60.0,100.0,274.03575,0.0,200.0,60.0,100.0,600.0,1000.0,41.6,41.6,13869.8872,105.83365,65.0,6286.51881,26375.88735,0.0,0.0,0.0,0.0,0.0
282,642.350801,150.0,45.0,100.0,347.3508,0.0,150.0,45.0,100.0,600.0,1000.0,41.6,41.6,16839.79328,73.31505,65.0,4354.91397,26721.793313,0.0,0.0,0.0,0.0,0.0
283,626.944325,50.0,60.0,100.0,416.94432,0.0,50.0,60.0,100.0,600.0,1000.0,60.0,41.6,19664.883712,84.59352,100.0,4133.855088,37616.659488,0.0,0.0,0.0,0.0,0.0
284,591.357404,0.0,60.0,100.0,416.94432,14.41308,0.0,60.0,100.0,600.0,1000.0,142.0,76.0,20710.277792,14.41308,50.0,475.63164,83972.751425,0.0,0.0,0.0,0.0,0.0
285,573.763246,0.0,90.0,100.0,383.76325,0.0,0.0,90.0,100.0,600.0,1000.0,41.6,41.6,18294.5512,30.0,47.59415,2446.587198,23868.551017,0.0,0.0,0.0,0.0,0.0
286,575.505976,0.0,120.0,100.0,355.50598,0.0,0.0,120.0,100.0,600.0,1000.0,41.6,41.6,17179.048768,30.0,28.25727,1678.481838,23941.048585,0.0,0.0,0.0,0.0,0.0
287,552.665087,0.0,150.0,100.0,302.66509,0.0,0.0,150.0,100.0,600.0,1000.0,41.6,41.6,15040.867744,30.0,52.84089,3138.748866,22990.867611,0.0,0.0,0.0,0.0,0.0
288,527.089595,0.0,183.89981,100.0,243.18979,0.0,0.0,225.0,100.0,600.0,1000.0,2.0,41.6,12634.494884,33.89981,59.4753,3532.83282,1054.17919,0.0,0.0,0.0,0.0,41.10019
289,504.508261,0.0,161.31848,100.0,243.18979,0.0,0.0,180.0,100.0,600.0,1000.0,2.0,41.6,12589.332224,0.0,22.58133,0.0,1009.016522,0.0,0.0,0.0,0.0,18.68152
290,493.189785,0.0,150.0,100.0,243.18979,0.0,0.0,150.0,100.0,600.0,1000.0,2.0,41.6,12566.695264,0.0,11.31848,0.0,986.37957,0.0,0.0,0.0,0.0,0.0
291,485.050865,0.0,135.0,100.0,246.09264,3.958222,0.0,135.0,100.0,600.0,1000.0,142.0,76.0,12958.278711,6.861072,15.0,303.050623,68877.222802,0.0,0.0,0.0,0.0,0.0
292,481.092643,0.0,135.0,100.0,246.09264,0.0,0.0,135.0,100.0,600.0,1000.0,60.0,41.6,12657.453824,0.0,3.958222,130.621333,28865.558556,0.0,0.0,0.0,0.0,0.0
293,471.183182,0.0,133.11683,100.0,238.06636,0.0,0.0,135.0,100.0,600.0,1000.0,2.0,41.6,12319.794236,0.0,9.90945,476.761032,942.366364,0.0,0.0,0.0,0.0,1.88317
294,458.066357,0.0,120.0,100.0,238.06636,0.0,0.0,120.0,100.0,600.0,1000.0,81.2,41.6,12293.560576,0.0,13.11683,0.0,37194.988172,0.0,0.0,0.0,0.0,0.0
295,470.293277,50.0,120.0,100.0,200.29328,0.0,50.0,120.0,100.0,600.0,1000.0,41.6,41.6,10772.200448,50.0,37.77308,2243.720952,19564.20034,0.0,0.0,0.0,0.0,0.0
296,491.465595,100.0,120.0,100.0,171.4656,0.0,100.0,120.0,100.0,600.0,1000.0,41.6,41.6,9622.96896,50.0,28.82768,1712.364192,20444.968752,0.0,0.0,0.0,0.0,0.0
297,522.482483,150.0,120.0,100.0,152.48248,0.0,150.0,120.0,100.0,600.0,1000.0,41.6,41.6,8883.271168,50.0,18.98312,1127.597328,21735.271309,0.0,0.0,0.0,0.0,0.0
298,550.013912,250.0,105.0,100.0,95.013912,0.0,250.0,105.0,100.0,600.0,1000.0,41.6,41.6,6562.578739,100.0,72.468568,3413.632939,22880.578756,0.0,0.0,0.0,0.0,0.0
299,574.755119,300.0,105.0,100.0,69.755119,0.0,300.0,105.0,100.0,600.0,1000.0,41.6,41.6,5561.81295,50.0,25.258793,1500.372304,23909.812942,0.0,0.0,0.0,0.0,0.0
300,578.16642,375.0,90.0,100.0,13.16642,0.0,375.0,90.0,100.0,600.0,1000.0,3.0,41.6,3252.723072,75.0,71.588699,3361.368721,1734.49926,0.0,0.0,0.0,0.0,0.0
301,561.953468,448.78705,0.0,100.0,13.16642,0.0,450.0,90.0,100.0,600.0,1000.0,1.0,41.6,3146.510122,73.78705,90.0,0.0,561.953468,0.0,0.0,0.0,0.0,91.21295
302,548.020896,350.0,84.854476,100.0,13.16642,0.0,350.0,90.0,100.0,600.0,1000.0,2.0,41.6,3217.432024,84.854476,98.78705,0.0,1096.041792,0.0,0.0,0.0,0.0,5.145524
303,546.139118,300.0,75.0,100.0,71.139118,0.0,300.0,75.0,100.0,600.0,1000.0,41.6,41.6,5559.387309,57.972698,59.854476,3443.578261,22719.387325,0.0,0.0,0.0,0.0,0.0
304,560.396134,250.0,75.0,100.0,135.39613,0.0,250.0,75.0,100.0,600.0,1000.0,41.6,41.6,8182.479008,64.257012,50.0,3816.866513,23312.479183,0.0,0.0,0.0,0.0,0.0
305,601.600579,200.0,60.0,100.0,241.60058,0.0,200.0,60.0,100.0,600.0,1000.0,41.6,41.6,12520.584128,106.20445,65.0,6308.54433,25026.58407,0.0,0.0,0.0,0.0,0.0
306,617.192452,150.0,45.0,100.0,322.19245,0.0,150.0,45.0,100.0,600.0,1000.0,41.6,41.6,15793.20592,80.59187,65.0,4787.157078,25675.205987,0.0,0.0,0.0,0.0,0.0
307,605.206547,50.0,60.0,100.0,395.20655,0.0,50.0,60.0,100.0,600.0,1000.0,60.0,41.6,18760.59248,88.0141,100.0,4337.03754,36312.392808,0.0,0.0,0.0,0.0,0.0
308,582.912579,0.0,60.0,100.0,395.20655,27.706032,0.0,60.0,100.0,600.0,1000.0,142.0,76.0,20816.250912,27.706032,50.0,914.299056,82773.586218,0.0,0.0,0.0,0.0,0.0
309,573.49442,0.0,90.0,100.0,383.49442,0.0,0.0,90.0,100.0,600.0,1000.0,41.6,41.6,18283.367872,30.0,39.418162,1609.999578,23857.367889,0.0,0.0,0.0,0.0,0.0
310,580.789785,0.0,120.0,100.0,360.78978,0.0,0.0,120.0,100.0,600.0,1000.0,41.6,41.6,17398.854848,30.0,22.70464,1348.655616,24160.855056,0.0,0.0,0.0,0.0,0.0
311,556.187626,0.0,150.0,100.0,306.18763,0.0,0.0,150.0,100.0,600.0,1000.0,41.6,41.6,15187.405408,30.0,54.60215,3243.36771,23137.40525,0.0,0.0,0.0,0.0,0.0
312,530.139373,0.0,175.73308,100.0,254.40629,0.0,0.0,225.0,100.0,600.0,1000.0,2.0,41.6,13084.767824,25.73308,51.78134,3075.811596,1060.278745,0.0,0.0,0.0,0.0,49.26692
313,513.268261,0.0,158.86197,100.0,254.40629,0.0,0.0,180.0,100.0,600.0,1000.0,2.0,41.6,13051.025604,0.0,16.87111,0.0,1026.536522,0.0,0.0,0.0,0.0,21.13803
314,504.406293,0.0,150.0,100.0,254.40629,0.0,0.0,150.0,100.0,600.0,1000.0,2.0,41.6,13033.301664,0.0,8.86197,0.0,1008.812586,0.0,0.0,0.0,0.0,0.0
315,505.16642,0.0,135.0,100.0,270.16642,0.0,0.0,135.0,100.0,600.0,1000.0,41.6,41.6,13658.923072,15.76013,15.0,936.151722,21014.923089,0.0,0.0,0.0,0.0,0.0
316,518.0515,0.0,135.0,100.0,283.0515,0.0,0.0,135.0,100.0,600.0,1000.0,41.6,41.6,14194.9424,12.88508,0.0,765.373752,21550.942383,0.0,0.0,0.0,0.0,0.0
317,551.358039,0.0,135.0,100.0,316.35804,0.0,0.0,135.0,100.0,600.0,1000.0,41.6,41.6,15580.494464,33.30654,0.0,1978.408476,22936.494422,0.0,0.0,0.0,0.0,0.0
318,630.921087,0.0,120.0,100.0,410.92109,0.0,0.0,120.0,100.0,600.0,1000.0,60.0,41.6,19484.317344,94.56305,15.0,5617.04517,37855.26522,0.0,0.0,0.0,0.0,0.0
319,700.074103,50.0,120.0,100.0,410.92109,19.153016,50.0,120.0,100.0,600.0,1000.0,142.0,76.0,20989.94656,69.153016,0.0,632.049528,99410.522569,0.0,0.0,0.0,0.0,0.0
320,725.362229,100.0,120.0,100.0,405.36223,0.0,100.0,120.0,100.0,600.0,1000.0,41.6,41.6,19353.068768,50.0,24.711876,962.245812,30175.068743,0.0,0.0,0.0,0.0,0.0
321,730.367944,150.0,120.0,100.0,360.36794,0.0,150.0,120.0,100.0,600.0,1000.0,41.6,41.6,17531.306304,50.0,44.99429,2672.660826,30383.306479,0.0,0.0,0.0,0.0,0.0
322,740.889214,250.0,105.0,100.0,285.88921,0.0,250.0,105.0,100.0,600.0,1000.0,41.6,41.6,14502.991136,100.0,89.47873,4424.036562,30820.991286,0.0,0.0,0.0,0.0,0.0
323,748.203119,300.0,105.0,100.0,243.20312,0.0,300.0,105.0,100.0,600.0,1000.0,41.6,41.6,12777.249792,50.0,42.68609,2535.553746,31125.249742,0.0,0.0,0.0,0.0,0.0
324,745.422166,375.0,77.375238,100.0,193.04693,0.0,375.0,90.0,100.0,600.0,1000.0,2.0,41.6,10710.502764,75.0,77.780952,2979.277686,1490.844332,0.0,0.0,0.0,0.0,12.624762
325,741.408325,448.3614,0.0,100.0,193.04693,0.0,450.0,90.0,100.0,600.0,1000.0,1.0,41.6,10629.113688,73.3614,77.375238,0.0,741.408325,0.0,0.0,0.0,0.0,91.6386
326,733.046928,350.0,90.0,100.0,193.04693,0.0,350.0,90.0,100.0,600.0,1000.0,3.0,41.6,10710.752288,90.0,98.3614,0.0,2199.140784,0.0,0.0,0.0,0.0,0.0
327,728.004134,300.0,75.0,100.0,253.00413,0.0,300.0,75.0,100.0,600.0,1000.0,41.6,41.6,13124.971808,59.9572,65.0,3561.45768,30284.971991,0.0,0.0,0.0,0.0,0.0
328,723.628769,250.0,75.0,100.0,298.62877,0.0,250.0,75.0,100.0,600.0,1000.0,41.6,41.6,14972.956832,45.62464,50.0,2710.103616,30102.956807,0.0,0.0,0.0,0.0,0.0
329,748.861277,200.0,60.0,100.0,388.86128,0.0,200.0,60.0,100.0,600.0,1000.0,41.6,41.6,18646.629248,90.23251,65.0,5359.811094,31152.62914,0.0,0.0,0.0,0.0,0.0
330,748.805658,150.0,45.0,100.0,453.80566,0.0,150.0,45.0,100.0,600.0,1000.0,41.6,41.6,21268.315456,64.94438,65.0,3857.696172,31150.315373,0.0,0.0,0.0,0.0,0.0
331,731.999436,50.0,60.0,100.0,521.99944,0.0,50.0,60.0,100.0,600.0,1000.0,60.0,41.6,24035.176704,83.19378,100.0,4050.710532,43919.96616,0.0,0.0,0.0,0.0,0.0
332,698.155246,0.0,60.0,100.0,521.99944,16.15581,0.0,60.0,100.0,600.0,1000.0,142.0,76.0,25213.018264,16.15581,50.0,533.14173,99138.044875,0.0,0.0,0.0,0.0,0.0
333,671.152198,0.0,90.0,100.0,481.1522,0.0,0.0,90.0,100.0,600.0,1000.0,41.6,41.6,22345.93152,30.0,57.00305,2959.467786,27919.93142,0.0,0.0,0.0,0.0,0.0
334,652.250992,0.0,120.0,100.0,432.25099,0.0,0.0,120.0,100.0,600.0,1000.0,41.6,41.6,20371.641184,30.0,48.90121,2904.731874,27133.641251,0.0,0.0,0.0,0.0,0.0
335,613.419626,0.0,150.0,100.0,363.41963,0.0,0.0,150.0,100.0,600.0,1000.0,41.6,41.6,17568.256608,30.0,68.83136,4088.582784,25518.256458,0.0,0.0,0.0,0.0,0.0
336,588.715499,0.0,177.65194,100.0,311.06356,0.0,0.0,225.0,100.0,600.0,1000.0,2.0,41.6,15445.547976,27.65194,52.35607,3109.950558,1177.430999,0.0,0.0,0.0,0.0,47.34806
337,570.01823,0.0,158.95467,100.0,311.06356,0.0,0.0,180.0,100.0,600.0,1000.0,2.0,41.6,15408.153436,0.0,18.69727,0.0,1140.03646,0.0,0.0,0.0,0.0,21.04533
338,561.063563,0.0,150.0,100.0,311.06356,0.0,0.0,150.0,100.0,600.0,1000.0,2.0,41.6,15390.244096,0.0,8.95467,0.0,1122.127126,0.0,0.0,0.0,0.0,0.0
339,555.881722,0.0,135.0,100.0,320.88172,0.0,0.0,135.0,100.0,600.0,1000.0,41.6,41.6,15768.679552,9.81816,15.0,583.198704,23124.679619,0.0,0.0,0.0,0.0,0.0
340,564.549023,0.0,135.0,100.0,329.54902,0.0,0.0,135.0,100.0,600.0,1000.0,41.6,41.6,16129.239232,8.6673,0.0,514.83762,23485.239373,0.0,0.0,0.0,0.0,0.0
341,587.566039,0.0,135.0,100.0,352.56604,0.0,0.0,135.0,100.0,600.0,1000.0,41.6,41.6,17086.747264,23.01702,0.0,1367.210988,24442.747231,0.0,0.0,0.0,0.0,0.0
342,654.976325,0.0,120.0,100.0,434.97632,0.0,0.0,120.0,100.0,600.0,1000.0,60.0,41.6,20485.014912,82.41028,15.0,4895.170632,39298.579488,0.0,0.0,0.0,0.0,0.0
343,718.428388,50.0,120.0,100.0,434.97632,13.452063,50.0,120.0,100.0,600.0,1000.0,142.0,76.0,21557.3717,63.452063,0.0,443.918079,102016.831124,0.0,0.0,0.0,0.0,0.0
344,734.520833,100.0,120.0,100.0,414.52083,0.0,100.0,120.0,100.0,600.0,1000.0,41.6,41.6,19734.066528,50.0,33.907553,1658.974185,30556.066644,0.0,0.0,0.0,0.0,0.0
345,733.584579,150.0,120.0,100.0,363.58458,0.0,150.0,120.0,100.0,600.0,1000.0,41.6,41.6,17665.118528,50.0,50.93625,3025.61325,30517.118486,0.0,0.0,0.0,0.0,0.0
346,741.788389,250.0,105.0,100.0,286.78839,0.0,250.0,105.0,100.0,600.0,1000.0,41.6,41.6,14540.397024,100.0,91.79619,4561.693686,30858.396966,0.0,0.0,0.0,0.0,0.0
347,749.389658,300.0,105.0,100.0,244.38966,0.0,300.0,105.0,100.0,600.0,1000.0,41.6,41.6,12826.609856,50.0,42.39873,2518.484562,31174.609789,0.0,0.0,0.0,0.0,0.0
348,745.598293,375.0,78.330032,100.0,192.26826,0.0,375.0,90.0,100.0,600.0,1000.0,2.0,41.6,10680.01968,75.0,78.791368,3096.01116,1491.196586,0.0,0.0,0.0,0.0,11.669968
349,740.184706,447.91644,0.0,100.0,192.26826,0.0,450.0,90.0,100.0,600.0,1000.0,1.0,41.6,10596.276056,72.91644,78.330032,0.0,740.184706,0.0,0.0,0.0,0.0,92.08356
350,732.268261,350.0,90.0,100.0,192.26826,0.0,350.0,90.0,100.0,600.0,1000.0,3.0,41.6,10678.359616,90.0,97.91644,0.0,2196.804784,0.0,0.0,0.0,0.0,0.0
351,726.956642,300.0,75.0,100.0,251.95664,0.0,300.0,75.0,100.0,600.0,1000.0,41.6,41.6,13081.396224,59.68838,65.0,3545.489772,30241.396324,0.0,0.0,0.0,0.0,0.0
352,726.428261,250.0,75.0,100.0,301.42826,0.0,250.0,75.0,100.0,600.0,1000.0,41.6,41.6,15089.415616,49.47162,50.0,2938.614228,30219.415674,0.0,0.0,0.0,0.0,0.0
353,752.152071,200.0,60.0,100.0,392.15207,0.0,200.0,60.0,100.0,600.0,1000.0,41.6,41.6,18783.526112,90.72381,65.0,5388.994314,31289.526154,0.0,0.0,0.0,0.0,0.0
354,751.920325,150.0,45.0,100.0,456.92032,0.0,150.0,45.0,100.0,600.0,1000.0,41.6,41.6,21397.885312,64.76825,65.0,3847.23405,31279.885503,0.0,0.0,0.0,0.0,0.0
355,735.874229,50.0,60.0,100.0,525.87423,0.0,50.0,60.0,100.0,600.0,1000.0,60.0,41.6,24196.367968,83.95391,100.0,4095.862254,44152.453764,0.0,0.0,0.0,0.0,0.0
356,702.632579,0.0,60.0,100.0,525.87423,16.758349,0.0,60.0,100.0,600.0,1000.0,142.0,76.0,25420.002492,16.758349,50.0,553.025517,99773.82619,0.0,0.0,0.0,0.0,0.0
357,672.570484,0.0,90.0,100.0,482.57048,0.0,0.0,90.0,100.0,600.0,1000.0,41.6,41.6,22404.931968,30.0,60.062099,3125.268267,27978.932118,0.0,0.0,0.0,0.0,0.0
358,651.583563,0.0,120.0,100.0,431.58356,0.0,0.0,120.0,100.0,600.0,1000.0,41.6,41.6,20343.876096,30.0,50.98692,3028.623048,27105.876221,0.0,0.0,0.0,0.0,0.0
359,616.830928,0.0,150.0,100.0,366.83093,0.0,0.0,150.0,100.0,600.0,1000.0,41.6,41.6,17710.166688,30.0,64.75263,3846.306222,25660.166613,0.0,0.0,0.0,0.0,0.0
360,588.734039,0.0,180.1826,100.0,308.55144,0.0,0.0,225.0,100.0,600.0,1000.0,2.0,41.6,15346.105104,30.1826,58.27949,3461.801706,1177.468079,0.0,0.0,0.0,0.0,44.8174
361,570.463182,0.0,161.91175,100.0,308.55144,0.0,0.0,180.0,100.0,600.0,1000.0,2.0,41.6,15309.563404,0.0,18.27085,0.0,1140.926364,0.0,0.0,0.0,0.0,18.08825
362,558.551436,0.0,150.0,100.0,308.55144,0.0,0.0,150.0,100.0,600.0,1000.0,2.0,41.6,15285.739904,0.0,11.91175,0.0,1117.102872,0.0,0.0,0.0,0.0,0.0
363,557.16096,0.0,135.0,100.0,322.16096,0.0,0.0,135.0,100.0,600.0,1000.0,41.6,41.6,15821.895936,13.60952,15.0,808.405488,23177.895936,0.0,0.0,0.0,0.0,0.0
364,565.105214,0.0,135.0,100.0,330.10521,0.0,0.0,135.0,100.0,600.0,1000.0,41.6,41.6,16152.376736,7.94425,0.0,471.88845,23508.376894,0.0,0.0,0.0,0.0,0.0
365,590.096706,0.0,135.0,100.0,355.09671,0.0,0.0,135.0,100.0,600.0,1000.0,41.6,41.6,17192.023136,24.9915,0.0,1484.4951,24548.02297,0.0,0.0,0.0,0.0,0.0
366,655.467626,0.0,120.0,100.0,435.46763,0.0,0.0,120.0,100.0,600.0,1000.0,60.0,41.6,20505.453408,80.37092,15.0,4774.032648,39328.057584,0.0,0.0,0.0,0.0,0.0
367,718.91042,50.0,120.0,100.0,435.46763,13.442794,50.0,120.0,100.0,600.0,1000.0,142.0,76.0,21577.105752,63.442794,0.0,443.612202,102085.279697,0.0,0.0,0.0,0.0,0.0
368,735.614674,100.0,120.0,100.0,415.61467,0.0,100.0,120.0,100.0,600.0,1000.0,41.6,41.6,19779.570272,50.0,33.295754,1622.878026,30601.570447,0.0,0.0,0.0,0.0,0.0
369,739.118674,150.0,120.0,100.0,369.11867,0.0,150.0,120.0,100.0,600.0,1000.0,41.6,41.6,17895.336672,50.0,46.496,2761.8624,30747.336847,0.0,0.0,0.0,0.0,0.0
370,748.638801,250.0,105.0,100.0,293.6388,0.0,250.0,105.0,100.0,600.0,1000.0,41.6,41.6,14825.37408,100.0,90.47987,4483.504278,31143.374122,0.0,0.0,0.0,0.0,0.0
371,754.914484,300.0,105.0,100.0,249.91448,0.0,300.0,105.0,100.0,600.0,1000.0,41.6,41.6,13056.442368,50.0,43.72432,2597.224608,31404.442518,0.0,0.0,0.0,0.0,0.0
372,749.26915,375.0,78.710095,100.0,195.55905,0.0,375.0,90.0,100.0,600.0,1000.0,2.0,41.6,10817.67667,75.0,80.645335,3228.712542,1498.5383,0.0,0.0,0.0,0.0,11.289905
373,745.904198,450.0,0.345143,100.0,195.55905,0.0,450.0,90.0,100.0,600.0,1000.0,2.0,41.6,10735.946766,75.0,78.364952,0.0,1491.808396,0.0,0.0,0.0,0.0,89.654857
374,735.559055,350.0,90.0,100.0,195.55905,0.0,350.0,90.0,100.0,600.0,1000.0,2.0,41.6,10815.25648,89.654857,100.0,0.0,1471.11811,0.0,0.0,0.0,0.0,0.0
375,728.2915,300.0,75.0,100.0,253.2915,0.0,300.0,75.0,100.0,600.0,1000.0,41.6,41.6,13136.9264,57.73245,65.0,3429.30753,30296.926383,0.0,0.0,0.0,0.0,0.0
376,725.742293,250.0,75.0,100.0,300.74229,0.0,250.0,75.0,100.0,600.0,1000.0,41.6,41.6,15060.879264,47.45079,50.0,2818.576926,30190.879405,0.0,0.0,0.0,0.0,0.0
377,752.541404,200.0,60.0,100.0,392.5414,0.0,200.0,60.0,100.0,600.0,1000.0,41.6,41.6,18799.72224,91.79911,65.0,5452.867134,31305.722423,0.0,0.0,0.0,0.0,0.0
378,752.76388,150.0,45.0,100.0,457.76388,0.0,150.0,45.0,100.0,600.0,1000.0,41.6,41.6,21432.977408,65.22248,65.0,3874.215312,31314.977416,0.0,0.0,0.0,0.0,0.0
379,737.746738,50.0,60.0,100.0,527.74674,0.0,50.0,60.0,100.0,600.0,1000.0,60.0,41.6,24274.264384,84.98286,100.0,4156.981884,44264.804256,0.0,0.0,0.0,0.0,0.0
380,699.786737,0.0,60.0,100.0,527.74674,12.04,0.0,60.0,100.0,600.0,1000.0,142.0,76.0,25139.304384,12.04,50.0,397.32,99369.716711,0.0,0.0,0.0,0.0,0.0
381,670.076896,0.0,90.0,100.0,480.0769,0.0,0.0,90.0,100.0,600.0,1000.0,41.6,41.6,22301.19904,30.0,59.70984,3228.908496,27875.198882,0.0,0.0,0.0,0.0,0.0
382,654.142039,0.0,120.0,100.0,434.14204,0.0,0.0,120.0,100.0,600.0,1000.0,41.6,41.6,20450.308864,30.0,45.93486,2728.530684,27212.308831,0.0,0.0,0.0,0.0,0.0
383,619.176198,0.0,150.0,100.0,369.1762,0.0,0.0,150.0,100.0,600.0,1000.0,41.6,41.6,17807.72992,30.0,64.96584,3858.970896,25757.729837,0.0,0.0,0.0,0.0,0.0
384,589.716643,0.0,179.35759,100.0,310.35905,0.0,0.0,225.0,100.0,600.0,1000.0,2.0,41.6,15419.65166,29.35759,58.81715,3493.73871,1179.433285,0.0,0.0,0.0,0.0,45.64241
385,570.954484,0.0,160.59543,100.0,310.35905,0.0,0.0,180.0,100.0,600.0,1000.0,2.0,41.6,15382.12734,0.0,18.76216,0.0,1141.908967,0.0,0.0,0.0,0.0,19.40457
386,560.359055,0.0,150.0,100.0,310.35905,0.0,0.0,150.0,100.0,600.0,1000.0,2.0,41.6,15360.93648,0.0,10.59543,0.0,1120.71811,0.0,0.0,0.0,0.0,0.0
387,558.180643,0.0,135.0,100.0,323.18064,0.0,0.0,135.0,100.0,600.0,1000.0,41.6,41.6,15864.314624,12.82159,15.0,761.602446,23220.314732,0.0,0.0,0.0,0.0,0.0
388,561.313849,0.0,135.0,100.0,326.31385,0.0,0.0,135.0,100.0,600.0,1000.0,41.6,41.6,15994.65616,3.13321,0.0,186.112674,23350.656102,0.0,0.0,0.0,0.0,0.0
389,583.459499,0.0,135.0,100.0,348.4595,0.0,0.0,135.0,100.0,600.0,1000.0,41.6,41.6,16915.9152,22.14565,0.0,1315.45161,24271.915175,0.0,0.0,0.0,0.0,0.0
390,648.923119,0.0,120.0,100.0,428.92312,0.0,0.0,120.0,100.0,600.0,1000.0,60.0,41.6,20233.201792,80.46362,15.0,4779.539028,38935.387116,0.0,0.0,0.0,0.0,0.0
391,714.544325,50.0,120.0,100.0,428.92312,15.621206,50.0,120.0,100.0,600.0,1000.0,142.0,76.0,21470.413448,65.621206,0.0,515.499798,101465.294122,0.0,0.0,0.0,0.0,0.0
392,731.934547,100.0,120.0,100.0,411.93455,0.0,100.0,120.0,100.0,600.0,1000.0,41.6,41.6,19626.47728,50.0,32.609776,1524.620856,30448.477164,0.0,0.0,0.0,0.0,0.0
393,731.369087,150.0,120.0,100.0,361.36909,0.0,150.0,120.0,100.0,600.0,1000.0,41.6,41.6,17572.954144,50.0,50.56546,3003.588324,30424.954011,0.0,0.0,0.0,0.0,0.0
394,736.625087,250.0,105.0,100.0,281.62509,0.0,250.0,105.0,100.0,600.0,1000.0,41.6,41.6,14325.603744,100.0,94.744,4736.7936,30643.603611,0.0,0.0,0.0,0.0,0.0
395,748.017722,300.0,105.0,100.0,243.01772,0.0,300.0,105.0,100.0,600.0,1000.0,41.6,41.6,12769.537152,50.0,38.60737,2293.277778,31117.537227,0.0,0.0,0.0,0.0,0.0
396,741.538103,375.0,77.996317,100.0,188.54179,0.0,375.0,90.0,100.0,600.0,1000.0,2.0,41.6,10524.331098,75.0,81.479613,3235.870242,1483.076206,0.0,0.0,0.0,0.0,12.003683
397,736.217214,447.67543,0.0,100.0,188.54179,0.0,450.0,90.0,100.0,600.0,1000.0,1.0,41.6,10441.013894,72.67543,77.996317,0.0,736.217214,0.0,0.0,0.0,0.0,92.32457
398,728.541785,350.0,90.0,100.0,188.54179,0.0,350.0,90.0,100.0,600.0,1000.0,3.0,41.6,10523.338464,90.0,97.67543,0.0,2185.625356,0.0,0.0,0.0,0.0,0.0
399,724.277658,300.0,75.0,100.0,249.27766,0.0,300.0,75.0,100.0,600.0,1000.0,41.6,41.6,12969.950656,60.73587,65.0,3607.710678,30129.950573,0.0,0.0,0.0,0.0,0.0
400,720.616071,250.0,75.0,100.0,295.61607,0.0,250.0,75.0,100.0,600.0,1000.0,41.6,41.6,14847.628512,46.33841,50.0,2752.501554,29977.628554,0.0,0.0,0.0,0.0,0.0
401,748.268008,200.0,60.0,100.0,388.26801,0.0,200.0,60.0,100.0,600.0,1000.0,41.6,41.6,18621.949216,92.65194,65.0,5503.525236,31127.949116,0.0,0.0,0.0,0.0,0.0
402,751.846166,150.0,45.0,100.0,456.84617,0.0,150.0,45.0,100.0,600.0,1000.0,41.6,41.6,21394.800672,68.57816,65.0,4073.542704,31276.800522,0.0,0.0,0.0,0.0,0.0
403,735.2995,50.0,60.0,100.0,525.2995,0.0,50.0,60.0,100.0,600.0,1000.0,60.0,41.6,24172.4592,83.45333,100.0,4066.127802,44117.969976,0.0,0.0,0.0,0.0,0.0
404,698.49823,0.0,60.0,100.0,525.2995,13.19873,0.0,60.0,100.0,600.0,1000.0,142.0,76.0,25125.56268,13.19873,50.0,435.55809,99186.748603,0.0,0.0,0.0,0.0,0.0
405,674.452261,0.0,90.0,100.0,484.45226,0.0,0.0,90.0,100.0,600.0,1000.0,41.6,41.6,22483.214016,30.0,54.04597,2861.884146,28057.214066,0.0,0.0,0.0,0.0,0.0
406,656.366801,0.0,120.0,100.0,436.3668,0.0,0.0,120.0,100.0,600.0,1000.0,41.6,41.6,20542.85888,30.0,48.08546,2856.276324,27304.858913,0.0,0.0,0.0,0.0,0.0
407,621.743944,0.0,150.0,100.0,371.74394,0.0,0.0,150.0,100.0,600.0,1000.0,41.6,41.6,17914.547904,30.0,64.62286,3838.597884,25864.548079,0.0,0.0,0.0,0.0,0.0
408,591.728198,0.0,179.93232,100.0,311.79588,0.0,0.0,225.0,100.0,600.0,1000.0,2.0,41.6,15480.573248,29.93232,59.94806,3560.914764,1183.456396,0.0,0.0,0.0,0.0,45.06768
409,573.967182,0.0,162.1713,100.0,311.79588,0.0,0.0,180.0,100.0,600.0,1000.0,2.0,41.6,15445.051208,0.0,17.76102,0.0,1147.934364,0.0,0.0,0.0,0.0,17.8287
410,561.79588,0.0,150.0,100.0,311.79588,0.0,0.0,150.0,100.0,600.0,1000.0,2.0,41.6,15420.708608,0.0,12.1713,0.0,1123.59176,0.0,0.0,0.0,0.0,0.0
411,557.077531,0.0,135.0,100.0,322.07753,0.0,0.0,135.0,100.0,600.0,1000.0,41.6,41.6,15818.425248,10.28165,15.0,610.73001,23174.425298,0.0,0.0,0.0,0.0,0.0
412,561.86077,0.0,135.0,100.0,326.86077,0.0,0.0,135.0,100.0,600.0,1000.0,41.6,41.6,16017.408032,4.78324,0.0,284.124456,23373.408015,0.0,0.0,0.0,0.0,0.0
413,586.092134,0.0,135.0,100.0,351.09213,0.0,0.0,135.0,100.0,600.0,1000.0,41.6,41.6,17025.432608,24.23136,0.0,1439.342784,24381.432791,0.0,0.0,0.0,0.0,0.0
414,651.286928,0.0,120.0,100.0,431.28693,0.0,0.0,120.0,100.0,600.0,1000.0,60.0,41.6,20331.536288,80.1948,15.0,4763.57112,39077.215668,0.0,0.0,0.0,0.0,0.0
415,715.109785,50.0,120.0,100.0,431.28693,13.822857,50.0,120.0,100.0,600.0,1000.0,142.0,76.0,21432.07342,63.822857,0.0,456.154281,101545.589498,0.0,0.0,0.0,0.0,0.0
416,733.788515,100.0,120.0,100.0,413.78852,0.0,100.0,120.0,100.0,600.0,1000.0,41.6,41.6,19703.602432,50.0,31.321267,1495.559835,30525.602241,0.0,0.0,0.0,0.0,0.0
417,739.025975,150.0,120.0,100.0,369.02598,0.0,150.0,120.0,100.0,600.0,1000.0,41.6,41.6,17891.480768,50.0,44.76254,2658.894876,30743.480577,0.0,0.0,0.0,0.0,0.0
418,746.710674,250.0,105.0,100.0,291.71067,0.0,250.0,105.0,100.0,600.0,1000.0,41.6,41.6,14745.163872,100.0,92.31531,4592.529414,31063.164038,0.0,0.0,0.0,0.0,0.0
419,747.387373,300.0,105.0,100.0,242.38737,0.0,300.0,105.0,100.0,600.0,1000.0,41.6,41.6,12743.314592,50.0,49.3233,2929.80402,31091.3147,0.0,0.0,0.0,0.0,0.0
420,739.619246,375.0,90.0,100.0,174.61925,0.0,375.0,90.0,100.0,600.0,1000.0,2.0,41.6,9969.1608,75.0,82.76812,4025.426328,1479.238492,0.0,0.0,0.0,0.0,0.0
421,726.140896,450.0,1.52165,100.0,174.61925,0.0,450.0,90.0,100.0,600.0,1000.0,2.0,41.6,9867.204101,75.0,88.47835,0.0,1452.281792,0.0,0.0,0.0,0.0,88.47835
422,712.949912,350.0,88.330667,100.0,174.61925,0.0,350.0,90.0,100.0,600.0,1000.0,2.0,41.6,9940.822134,86.809017,100.0,0.0,1425.899825,0.0,0.0,0.0,0.0,1.669333
423,704.097214,300.0,75.0,100.0,229.09721,0.0,300.0,75.0,100.0,600.0,1000.0,41.6,41.6,12130.443936,54.47796,63.330667,3235.990824,29290.444086,0.0,0.0,0.0,0.0,0.0
424,707.638293,250.0,75.0,100.0,282.63829,0.0,250.0,75.0,100.0,600.0,1000.0,41.6,41.6,14307.752864,53.54108,50.0,3180.340152,29437.752989,0.0,0.0,0.0,0.0,0.0
425,735.039944,200.0,60.0,100.0,375.03994,0.0,200.0,60.0,100.0,600.0,1000.0,41.6,41.6,18071.661504,92.40165,65.0,5488.65801,30577.661662,0.0,0.0,0.0,0.0,0.0
426,731.563753,150.0,45.0,100.0,436.56375,0.0,150.0,45.0,100.0,600.0,1000.0,41.6,41.6,20551.052,61.52381,65.0,3654.514314,30433.052133,0.0,0.0,0.0,0.0,0.0
427,710.78077,50.0,60.0,100.0,500.78077,0.0,50.0,60.0,100.0,600.0,1000.0,60.0,41.6,23152.480032,79.21702,100.0,3814.490988,42646.846176,0.0,0.0,0.0,0.0,0.0
428,675.879817,0.0,60.0,100.0,500.78077,15.099048,0.0,60.0,100.0,600.0,1000.0,142.0,76.0,24250.00768,15.099048,50.0,498.268584,95974.934042,0.0,0.0,0.0,0.0,0.0
429,646.225595,0.0,90.0,100.0,456.22559,0.0,0.0,90.0,100.0,600.0,1000.0,41.6,41.6,21308.984544,30.0,59.654228,3144.846276,26882.984744,0.0,0.0,0.0,0.0,0.0
430,636.251246,0.0,120.0,100.0,416.25125,0.0,0.0,120.0,100.0,600.0,1000.0,41.6,41.6,19706.052,30.0,39.97434,2374.475796,26468.051825,0.0,0.0,0.0,0.0,0.0
431,605.382674,0.0,150.0,100.0,355.38267,0.0,0.0,150.0,100.0,600.0,1000.0,41.6,41.6,17233.919072,30.0,60.86858,3615.593652,25183.91923,0.0,0.0,0.0,0.0,0.0
432,580.789785,0.0,184.67848,100.0,296.11131,0.0,0.0,225.0,100.0,600.0,1000.0,2.0,41.6,14837.587456,34.67848,59.27136,3520.718784,1161.57957,0.0,0.0,0.0,0.0,40.32152
433,559.50623,0.0,163.39492,100.0,296.11131,0.0,0.0,180.0,100.0,600.0,1000.0,2.0,41.6,14795.020336,0.0,21.28356,0.0,1119.01246,0.0,0.0,0.0,0.0,16.60508
434,546.111309,0.0,150.0,100.0,296.11131,0.0,0.0,150.0,100.0,600.0,1000.0,20.4,41.6,14768.230496,0.0,13.39492,0.0,11140.670704,0.0,0.0,0.0,0.0,0.0
435,533.652643,0.0,135.0,100.0,296.11131,2.541334,0.0,135.0,100.0,600.0,1000.0,142.0,76.0,14931.37185,2.541334,15.0,83.864009,75778.675249,0.0,0.0,0.0,0.0,0.0
436,526.626103,0.0,131.93029,100.0,294.69582,0.0,0.0,135.0,100.0,600.0,1000.0,2.0,41.6,14673.206692,0.0,7.026534,167.944115,1053.252205,0.0,0.0,0.0,0.0,3.06971
437,519.293658,0.0,124.59784,100.0,294.69582,0.0,0.0,135.0,100.0,600.0,1000.0,2.0,41.6,14658.541792,0.0,7.33245,0.0,1038.587316,0.0,0.0,0.0,0.0,10.40216
438,514.695817,0.0,120.0,100.0,294.69582,0.0,0.0,120.0,100.0,600.0,1000.0,120.8,41.6,14649.346112,0.0,4.59784,0.0,62175.254718,0.0,0.0,0.0,0.0,0.0
439,547.427626,50.0,120.0,100.0,277.42763,0.0,50.0,120.0,100.0,600.0,1000.0,41.6,41.6,13980.989408,50.0,17.26819,1025.730486,22772.98925,0.0,0.0,0.0,0.0,0.0
440,579.158293,100.0,120.0,100.0,259.15829,0.0,100.0,120.0,100.0,600.0,1000.0,41.6,41.6,13270.984864,50.0,18.26934,1085.198796,24092.984997,0.0,0.0,0.0,0.0,0.0
441,609.822928,150.0,120.0,100.0,239.82293,0.0,150.0,120.0,100.0,600.0,1000.0,41.6,41.6,12516.633888,50.0,19.33536,1148.520384,25368.633813,0.0,0.0,0.0,0.0,0.0
442,627.528325,250.0,105.0,100.0,172.52832,0.0,250.0,105.0,100.0,600.0,1000.0,41.6,41.6,9787.178112,100.0,82.29461,3997.299834,26105.178303,0.0,0.0,0.0,0.0,0.0
443,638.364769,300.0,105.0,100.0,133.36477,0.0,300.0,105.0,100.0,600.0,1000.0,41.6,41.6,8207.974432,50.0,39.16355,2326.31487,26555.974399,0.0,0.0,0.0,0.0,0.0
444,631.236262,375.0,90.0,100.0,66.236262,0.0,375.0,90.0,100.0,600.0,1000.0,3.0,41.6,5460.428499,75.0,82.128508,3987.433375,1893.708785,0.0,0.0,0.0,0.0,0.0
445,615.51461,449.27835,0.0,100.0,66.236262,0.0,450.0,90.0,100.0,600.0,1000.0,1.0,41.6,5354.706849,74.27835,90.0,0.0,615.51461,0.0,0.0,0.0,0.0,90.72165
446,602.369975,350.0,86.133714,100.0,66.236262,0.0,350.0,90.0,100.0,600.0,1000.0,2.0,41.6,5427.695927,86.133714,99.27835,0.0,1204.739951,0.0,0.0,0.0,0.0,3.866286
447,603.816071,300.0,75.0,100.0,128.81607,0.0,300.0,75.0,100.0,600.0,1000.0,41.6,41.6,7958.748512,62.579808,61.133714,3717.240595,25118.748545,0.0,0.0,0.0,0.0,0.0
448,607.588896,250.0,75.0,100.0,182.5889,0.0,250.0,75.0,100.0,600.0,1000.0,41.6,41.6,10145.69824,53.77283,50.0,3194.106102,25275.698074,0.0,0.0,0.0,0.0,0.0
449,648.292769,200.0,60.0,100.0,288.29277,0.0,200.0,60.0,100.0,600.0,1000.0,41.6,41.6,14462.979232,105.70387,65.0,6278.809878,26968.979207,0.0,0.0,0.0,0.0,0.0
450,656.922992,150.0,45.0,100.0,361.92299,0.0,150.0,45.0,100.0,600.0,1000.0,41.6,41.6,17445.996384,73.63022,65.0,4373.635068,27327.996459,0.0,0.0,0.0,0.0,0.0
451,635.806293,50.0,60.0,100.0,425.80629,0.0,50.0,60.0,100.0,600.0,1000.0,60.0,41.6,20033.541664,78.8833,100.0,3794.66802,38148.37758,0.0,0.0,0.0,0.0,0.0
452,599.589023,0.0,60.0,100.0,425.80629,13.78273,0.0,60.0,100.0,600.0,1000.0,142.0,76.0,21031.029144,13.78273,50.0,454.83009,85141.641323,0.0,0.0,0.0,0.0,0.0
453,585.693531,0.0,90.0,100.0,395.69353,0.0,0.0,90.0,100.0,600.0,1000.0,41.6,41.6,18790.850848,30.0,43.89549,2243.528034,24364.85089,0.0,0.0,0.0,0.0,0.0
454,588.08515,0.0,120.0,100.0,368.08515,0.0,0.0,120.0,100.0,600.0,1000.0,41.6,41.6,17702.34224,30.0,27.60838,1639.937772,24464.342248,0.0,0.0,0.0,0.0,0.0
455,569.230293,0.0,150.0,100.0,319.23029,0.0,0.0,150.0,100.0,600.0,1000.0,41.6,41.6,15729.980064,30.0,48.85486,2901.978684,23679.980189,0.0,0.0,0.0,0.0,0.0
456,548.808833,0.0,182.53714,100.0,266.27169,0.0,0.0,225.0,100.0,600.0,1000.0,2.0,41.6,13591.976584,32.53714,52.9586,3145.74084,1097.617666,0.0,0.0,0.0,0.0,42.46286
457,530.612134,0.0,164.34044,100.0,266.27169,0.0,0.0,180.0,100.0,600.0,1000.0,2.0,41.6,13555.583184,0.0,18.1967,0.0,1061.224268,0.0,0.0,0.0,0.0,15.65956
458,516.27169,0.0,150.0,100.0,266.27169,0.0,0.0,150.0,100.0,600.0,1000.0,20.4,41.6,13526.902304,0.0,14.34044,0.0,10531.94248,0.0,0.0,0.0,0.0,0.0
459,506.380769,0.0,135.0,100.0,266.27169,5.109079,0.0,135.0,100.0,600.0,1000.0,142.0,76.0,13885.192323,5.109079,15.0,168.599614,71906.069255,0.0,0.0,0.0,0.0,0.0
460,500.346103,0.0,135.0,100.0,265.3461,0.0,0.0,135.0,100.0,600.0,1000.0,41.6,41.6,13458.39776,0.0,6.034669,223.57966,20814.397868,0.0,0.0,0.0,0.0,0.0
461,493.977722,0.0,134.52584,100.0,259.45188,0.0,0.0,135.0,100.0,600.0,1000.0,2.0,41.6,13212.249888,0.0,6.36838,350.116668,987.955444,0.0,0.0,0.0,0.0,0.47416
462,479.45188,0.0,120.0,100.0,259.45188,0.0,0.0,120.0,100.0,600.0,1000.0,81.2,41.6,13183.198208,0.0,14.52584,0.0,38931.492672,0.0,0.0,0.0,0.0,0.0
463,492.707753,50.0,120.0,100.0,222.70775,0.0,50.0,120.0,100.0,600.0,1000.0,41.6,41.6,11704.6424,50.0,36.74413,2182.601322,20496.642541,0.0,0.0,0.0,0.0,0.0
464,523.214801,100.0,120.0,100.0,203.2148,0.0,100.0,120.0,100.0,600.0,1000.0,41.6,41.6,10943.73568,50.0,19.49295,1157.88123,21765.735713,0.0,0.0,0.0,0.0,0.0
465,553.582801,150.0,120.0,100.0,183.5828,0.0,150.0,120.0,100.0,600.0,1000.0,41.6,41.6,10177.04448,50.0,19.632,1166.1408,23029.04453,0.0,0.0,0.0,0.0,0.0
466,578.935817,250.0,105.0,100.0,123.93582,0.0,250.0,105.0,100.0,600.0,1000.0,41.6,41.6,7765.730112,100.0,74.64698,3543.030612,24083.729979,0.0,0.0,0.0,0.0,0.0
467,600.94242,300.0,105.0,100.0,95.94242,0.0,300.0,105.0,100.0,600.0,1000.0,41.6,41.6,6651.204672,50.0,27.9934,1662.80796,24999.204672,0.0,0.0,0.0,0.0,0.0
468,601.155626,375.0,90.0,100.0,36.155626,0.0,375.0,90.0,100.0,600.0,1000.0,3.0,41.6,4209.074042,75.0,74.786794,3551.335564,1803.466879,0.0,0.0,0.0,0.0,0.0
469,586.055055,449.89943,0.0,100.0,36.155626,0.0,450.0,90.0,100.0,600.0,1000.0,1.0,41.6,4103.973472,74.89943,90.0,0.0,586.055055,0.0,0.0,0.0,0.0,90.10057
470,573.142166,350.0,86.98654,100.0,36.155626,0.0,350.0,90.0,100.0,600.0,1000.0,2.0,41.6,4178.047122,86.98654,99.89943,0.0,1146.284333,0.0,0.0,0.0,0.0,3.01346
471,565.828261,300.0,75.0,100.0,90.828261,0.0,300.0,75.0,100.0,600.0,1000.0,41.6,41.6,6378.455658,54.672635,61.98654,3247.554519,23538.455666,0.0,0.0,0.0,0.0,0.0
472,571.14915,250.0,75.0,100.0,146.14915,0.0,250.0,75.0,100.0,600.0,1000.0,41.6,41.6,8629.80464,55.320889,50.0,3286.060807,23759.80464,0.0,0.0,0.0,0.0,0.0
473,612.464833,200.0,60.0,100.0,252.46483,0.0,200.0,60.0,100.0,600.0,1000.0,41.6,41.6,12972.536928,106.31568,65.0,6315.151392,25478.537036,0.0,0.0,0.0,0.0,0.0
474,627.055563,150.0,45.0,100.0,332.05556,0.0,150.0,45.0,100.0,600.0,1000.0,41.6,41.6,16203.511296,79.59073,65.0,4727.689362,26085.511421,0.0,0.0,0.0,0.0,0.0
475,614.35588,50.0,60.0,100.0,404.35588,0.0,50.0,60.0,100.0,600.0,1000.0,60.0,41.6,19141.204608,87.30032,100.0,4294.639008,36861.352812,0.0,0.0,0.0,0.0,0.0
476,590.606547,0.0,60.0,100.0,404.35588,26.250667,0.0,60.0,100.0,600.0,1000.0,142.0,76.0,21086.2553,26.250667,50.0,866.272011,83866.129674,0.0,0.0,0.0,0.0,0.0
477,583.719055,0.0,90.0,100.0,393.71906,0.0,0.0,90.0,100.0,600.0,1000.0,41.6,41.6,18708.712896,30.0,36.887487,1498.099119,24282.712696,0.0,0.0,0.0,0.0,0.0
478,591.811627,0.0,120.0,100.0,371.81163,0.0,0.0,120.0,100.0,600.0,1000.0,41.6,41.6,17857.363808,30.0,21.90743,1301.301342,24619.363667,0.0,0.0,0.0,0.0,0.0
479,569.156134,0.0,150.0,100.0,319.15613,0.0,0.0,150.0,100.0,600.0,1000.0,41.6,41.6,15726.895008,30.0,52.6555,3127.7367,23676.895183,0.0,0.0,0.0,0.0,0.0
480,546.750928,0.0,169.22565,100.0,277.52528,0.0,0.0,225.0,100.0,600.0,1000.0,2.0,41.6,14033.502948,19.22565,41.63085,2472.87249,1093.501856,0.0,0.0,0.0,0.0,55.77435
481,529.305087,0.0,151.77981,100.0,277.52528,0.0,0.0,180.0,100.0,600.0,1000.0,2.0,41.6,13998.611268,0.0,17.44584,0.0,1058.610174,0.0,0.0,0.0,0.0,28.22019
482,527.525277,0.0,150.0,100.0,277.52528,0.0,0.0,150.0,100.0,600.0,1000.0,2.0,41.6,13995.051648,0.0,1.77981,0.0,1055.050554,0.0,0.0,0.0,0.0,0.0
483,526.459246,0.0,135.0,100.0,291.45925,0.0,0.0,135.0,100.0,600.0,1000.0,41.6,41.6,14544.7048,13.93397,15.0,827.677818,21900.704617,0.0,0.0,0.0,0.0,0.0
484,533.736071,0.0,135.0,100.0,298.73607,0.0,0.0,135.0,100.0,600.0,1000.0,41.6,41.6,14847.420512,7.27682,0.0,432.243108,22203.420545,0.0,0.0,0.0,0.0,0.0
485,564.131881,0.0,135.0,100.0,329.13188,0.0,0.0,135.0,100.0,600.0,1000.0,41.6,41.6,16111.886208,30.39581,0.0,1805.511114,23467.886233,0.0,0.0,0.0,0.0,0.0
486,632.858483,0.0,120.0,100.0,412.85848,0.0,0.0,120.0,100.0,600.0,1000.0,60.0,41.6,19564.912768,83.7266,15.0,4973.36004,37971.509004,0.0,0.0,0.0,0.0,0.0
487,696.282737,50.0,120.0,100.0,412.85848,13.424254,50.0,120.0,100.0,600.0,1000.0,142.0,76.0,20635.156072,63.424254,0.0,443.000382,98872.148711,0.0,0.0,0.0,0.0,0.0
488,718.437658,100.0,120.0,100.0,398.43766,0.0,100.0,120.0,100.0,600.0,1000.0,41.6,41.6,19065.006656,50.0,27.845074,1299.59709,29887.006581,0.0,0.0,0.0,0.0,0.0
489,720.458483,150.0,120.0,100.0,350.45848,0.0,150.0,120.0,100.0,600.0,1000.0,41.6,41.6,17119.072768,50.0,47.97918,2849.963292,29971.072909,0.0,0.0,0.0,0.0,0.0
490,730.488452,250.0,105.0,100.0,275.48845,0.0,250.0,105.0,100.0,600.0,1000.0,41.6,41.6,14070.31952,100.0,89.97003,4453.219782,30388.319595,0.0,0.0,0.0,0.0,0.0
491,739.674865,300.0,105.0,100.0,234.67486,0.0,300.0,105.0,100.0,600.0,1000.0,41.6,41.6,12422.474176,50.0,40.81359,2424.327246,30770.474367,0.0,0.0,0.0,0.0,0.0
492,737.116388,375.0,78.274413,100.0,183.84198,0.0,375.0,90.0,100.0,600.0,1000.0,2.0,41.6,10329.375194,75.0,77.558467,3019.473072,1474.232777,0.0,0.0,0.0,0.0,11.725587
493,733.278674,449.4367,0.0,100.0,183.84198,0.0,450.0,90.0,100.0,600.0,1000.0,1.0,41.6,10247.263068,74.4367,78.274413,0.0,733.278674,0.0,0.0,0.0,0.0,90.5633
494,723.841976,350.0,90.0,100.0,183.84198,0.0,350.0,90.0,100.0,600.0,1000.0,3.0,41.6,10327.826368,90.0,99.4367,0.0,2171.525927,0.0,0.0,0.0,0.0,0.0
495,715.41569,300.0,75.0,100.0,240.41569,0.0,300.0,75.0,100.0,600.0,1000.0,41.6,41.6,12601.292704,56.57371,65.0,3360.478374,29761.292696,0.0,0.0,0.0,0.0,0.0
496,709.269785,250.0,75.0,100.0,284.26979,0.0,250.0,75.0,100.0,600.0,1000.0,41.6,41.6,14375.623264,43.8541,50.0,2604.93354,29505.623073,0.0,0.0,0.0,0.0,0.0
497,737.311055,200.0,60.0,100.0,377.31105,0.0,200.0,60.0,100.0,600.0,1000.0,41.6,41.6,18166.13968,93.04126,65.0,5526.650844,30672.13988,0.0,0.0,0.0,0.0,0.0
498,741.853277,150.0,45.0,100.0,446.85328,0.0,150.0,45.0,100.0,600.0,1000.0,41.6,41.6,20979.096448,69.54223,65.0,4130.808462,30861.09634,0.0,0.0,0.0,0.0,0.0
499,727.058611,50.0,60.0,100.0,517.05861,0.0,50.0,60.0,100.0,600.0,1000.0,60.0,41.6,23829.638176,85.20533,100.0,4170.196602,43623.516636,0.0,0.0,0.0,0.0,0.0
500,693.78915,0.0,60.0,100.0,517.05861,16.730539,0.0,60.0,100.0,600.0,1000.0,142.0,76.0,25051.15914,16.730539,50.0,552.107787,98518.0593,0.0,0.0,0.0,0.0,0.0
501,667.064198,0.0,90.0,100.0,477.0642,0.0,0.0,90.0,100.0,600.0,1000.0,41.6,41.6,22175.87072,30.0,56.724949,2927.775741,27749.870628,0.0,0.0,0.0,0.0,0.0
502,650.971753,0.0,120.0,100.0,430.97175,0.0,0.0,120.0,100.0,600.0,1000.0,41.6,41.6,20318.4248,30.0,46.09245,2737.89153,27080.424933,0.0,0.0,0.0,0.0,0.0
503,615.208706,0.0,150.0,100.0,365.20871,0.0,0.0,150.0,100.0,600.0,1000.0,41.6,41.6,17642.682336,30.0,65.76304,3906.324576,25592.682161,0.0,0.0,0.0,0.0,0.0
504,589.633214,0.0,177.94857,100.0,311.68464,0.0,0.0,225.0,100.0,600.0,1000.0,2.0,41.6,15471.978164,27.94857,53.52407,3179.329758,1179.266428,0.0,0.0,0.0,0.0,47.05143
505,572.048325,0.0,160.36368,100.0,311.68464,0.0,0.0,180.0,100.0,600.0,1000.0,2.0,41.6,15436.808384,0.0,17.58489,0.0,1144.09665,0.0,0.0,0.0,0.0,19.63632
506,561.684643,0.0,150.0,100.0,311.68464,0.0,0.0,150.0,100.0,600.0,1000.0,2.0,41.6,15416.081024,0.0,10.36368,0.0,1123.369285,0.0,0.0,0.0,0.0,0.0
507,559.626737,0.0,135.0,100.0,324.62674,0.0,0.0,135.0,100.0,600.0,1000.0,41.6,41.6,15924.472384,12.9421,15.0,768.76074,23280.472276,0.0,0.0,0.0,0.0,0.0
508,567.561722,0.0,135.0,100.0,332.56172,0.0,0.0,135.0,100.0,600.0,1000.0,41.6,41.6,16254.567552,7.93498,0.0,471.337812,23610.567627,0.0,0.0,0.0,0.0,0.0
509,590.346992,0.0,135.0,100.0,355.34699,0.0,0.0,135.0,100.0,600.0,1000.0,41.6,41.6,17202.434784,22.78527,0.0,1353.445038,24558.434859,0.0,0.0,0.0,0.0,0.0
510,653.168706,0.0,120.0,100.0,433.16871,0.0,0.0,120.0,100.0,600.0,1000.0,60.0,41.6,20409.818336,77.82172,15.0,4622.610168,39190.12236,0.0,0.0,0.0,0.0,0.0
511,716.908135,50.0,120.0,100.0,433.16871,13.739429,50.0,120.0,100.0,600.0,1000.0,142.0,76.0,21504.01494,63.739429,0.0,453.401157,101800.955113,0.0,0.0,0.0,0.0,0.0
512,734.69696,100.0,120.0,100.0,414.69696,0.0,100.0,120.0,100.0,600.0,1000.0,41.6,41.6,19741.393536,50.0,32.211179,1550.623107,30563.393528,0.0,0.0,0.0,0.0,0.0
513,740.314484,150.0,120.0,100.0,370.31448,0.0,150.0,120.0,100.0,600.0,1000.0,41.6,41.6,17945.082368,50.0,44.38248,2636.319312,30797.082526,0.0,0.0,0.0,0.0,0.0
514,751.744198,250.0,105.0,100.0,296.7442,0.0,250.0,105.0,100.0,600.0,1000.0,41.6,41.6,14954.55872,100.0,88.57028,4370.074632,31272.55862,0.0,0.0,0.0,0.0,0.0
515,757.639817,300.0,105.0,100.0,252.63982,0.0,300.0,105.0,100.0,600.0,1000.0,41.6,41.6,13169.816512,50.0,44.10438,2619.800172,31517.816379,0.0,0.0,0.0,0.0,0.0
516,752.281849,375.0,78.849143,100.0,198.43271,0.0,375.0,90.0,100.0,600.0,1000.0,2.0,41.6,10937.499022,75.0,80.357967,3219.902334,1504.563697,0.0,0.0,0.0,0.0,11.150857
517,749.760452,450.0,1.327746,100.0,198.43271,0.0,450.0,90.0,100.0,600.0,1000.0,2.0,41.6,10857.456228,75.0,77.521397,0.0,1499.520904,0.0,0.0,0.0,0.0,88.672254
518,738.432706,350.0,90.0,100.0,198.43271,0.0,350.0,90.0,100.0,600.0,1000.0,2.0,41.6,10934.800736,88.672254,100.0,0.0,1476.865411,0.0,0.0,0.0,0.0,0.0
519,732.574166,300.0,75.0,100.0,257.57417,0.0,300.0,75.0,100.0,600.0,1000.0,41.6,41.6,13315.085472,59.14146,65.0,3513.002724,30475.085322,0.0,0.0,0.0,0.0,0.0
520,725.797912,250.0,75.0,100.0,300.79791,0.0,250.0,75.0,100.0,600.0,1000.0,41.6,41.6,15063.193056,43.22374,50.0,2567.490156,30193.193148,0.0,0.0,0.0,0.0,0.0
521,750.576198,200.0,60.0,100.0,390.5762,0.0,200.0,60.0,100.0,600.0,1000.0,41.6,41.6,18717.96992,89.77829,65.0,5332.830426,31223.969837,0.0,0.0,0.0,0.0,0.0
522,753.264452,150.0,45.0,100.0,458.26445,0.0,150.0,45.0,100.0,600.0,1000.0,41.6,41.6,21453.80112,67.68825,65.0,4020.68205,31335.801195,0.0,0.0,0.0,0.0,0.0
523,737.385214,50.0,60.0,100.0,527.38521,0.0,50.0,60.0,100.0,600.0,1000.0,60.0,41.6,24259.224736,84.12076,100.0,4105.773144,44243.112816,0.0,0.0,0.0,0.0,0.0
524,701.501658,0.0,60.0,100.0,527.38521,14.116444,0.0,60.0,100.0,600.0,1000.0,142.0,76.0,25282.07448,14.116444,50.0,465.842652,99613.235436,0.0,0.0,0.0,0.0,0.0
525,675.564643,0.0,90.0,100.0,485.56464,0.0,0.0,90.0,100.0,600.0,1000.0,41.6,41.6,22529.489024,30.0,55.937014,2949.98451,28103.489132,0.0,0.0,0.0,0.0,0.0
526,656.172134,0.0,120.0,100.0,436.17213,0.0,0.0,120.0,100.0,600.0,1000.0,41.6,41.6,20534.760608,30.0,49.39251,2933.915094,27296.760791,0.0,0.0,0.0,0.0,0.0
527,623.356896,0.0,150.0,100.0,373.3569,0.0,0.0,150.0,100.0,600.0,1000.0,41.6,41.6,17981.64704,30.0,62.81523,3731.224662,25931.646874,0.0,0.0,0.0,0.0,0.0
528,602.314357,0.0,180.10844,100.0,322.20591,0.0,0.0,225.0,100.0,600.0,1000.0,2.0,41.6,15913.982736,30.10844,51.15099,3038.368806,1204.628713,0.0,0.0,0.0,0.0,44.89156
529,583.190674,0.0,160.98476,100.0,322.20591,0.0,0.0,180.0,100.0,600.0,1000.0,2.0,41.6,15875.735376,0.0,19.12368,0.0,1166.381348,0.0,0.0,0.0,0.0,19.01524
530,572.205912,0.0,150.0,100.0,322.20591,0.0,0.0,150.0,100.0,600.0,1000.0,2.0,41.6,15853.765856,0.0,10.98476,0.0,1144.411824,0.0,0.0,0.0,0.0,0.0
531,569.601087,0.0,135.0,100.0,334.60109,0.0,0.0,135.0,100.0,600.0,1000.0,41.6,41.6,16339.405344,12.39518,15.0,736.273692,23695.405219,0.0,0.0,0.0,0.0,0.0
532,577.239436,0.0,135.0,100.0,342.23944,0.0,0.0,135.0,100.0,600.0,1000.0,41.6,41.6,16657.160704,7.63835,0.0,453.71799,24013.160546,0.0,0.0,0.0,0.0,0.0
533,603.074483,0.0,135.0,100.0,368.07448,0.0,0.0,135.0,100.0,600.0,1000.0,41.6,41.6,17731.898368,25.83504,0.0,1534.601376,25087.898509,0.0,0.0,0.0,0.0,0.0
534,667.611119,0.0,120.0,100.0,447.61112,0.0,0.0,120.0,100.0,600.0,1000.0,60.0,41.6,21010.622592,79.53664,15.0,4724.476416,40056.667128,0.0,0.0,0.0,0.0,0.0
535,728.022674,50.0,120.0,100.0,447.61112,10.411555,50.0,120.0,100.0,600.0,1000.0,142.0,76.0,21851.900772,60.411555,0.0,343.581315,103379.21968,0.0,0.0,0.0,0.0,0.0
536,743.744325,100.0,120.0,100.0,423.74433,0.0,100.0,120.0,100.0,600.0,1000.0,41.6,41.6,20117.764128,50.0,34.278345,1761.268641,30939.76392,0.0,0.0,0.0,0.0,0.0
537,744.161468,150.0,120.0,100.0,374.16147,0.0,150.0,120.0,100.0,600.0,1000.0,41.6,41.6,18105.117152,50.0,49.58286,2945.221884,30957.11706,0.0,0.0,0.0,0.0,0.0
538,750.094166,250.0,105.0,100.0,295.09417,0.0,250.0,105.0,100.0,600.0,1000.0,41.6,41.6,14885.917472,100.0,94.0673,4696.59762,31203.917322,0.0,0.0,0.0,0.0,0.0
539,757.009468,300.0,105.0,100.0,252.00947,0.0,300.0,105.0,100.0,600.0,1000.0,41.6,41.6,13143.593952,50.0,43.0847,2559.23118,31491.593852,0.0,0.0,0.0,0.0,0.0
540,754.413912,375.0,80.007873,100.0,199.40604,0.0,375.0,90.0,100.0,600.0,1000.0,2.0,41.6,10980.30701,75.0,77.595557,3124.643742,1508.827824,0.0,0.0,0.0,0.0,9.992127
541,749.176452,449.77041,0.0,100.0,199.40604,0.0,450.0,90.0,100.0,600.0,1000.0,1.0,41.6,10895.061674,74.77041,80.007873,0.0,749.176452,0.0,0.0,0.0,0.0,90.22959
542,739.406039,350.0,90.0,100.0,199.40604,0.0,350.0,90.0,100.0,600.0,1000.0,3.0,41.6,10975.291264,90.0,99.77041,0.0,2218.218118,0.0,0.0,0.0,0.0,0.0
543,734.798928,300.0,75.0,100.0,259.79893,0.0,300.0,75.0,100.0,600.0,1000.0,41.6,41.6,13407.635488,60.39289,65.0,3587.337666,30567.635405,0.0,0.0,0.0,0.0,0.0
544,730.812896,250.0,75.0,100.0,305.8129,0.0,250.0,75.0,100.0,600.0,1000.0,41.6,41.6,15271.81664,46.01397,50.0,2733.229818,30401.81649,0.0,0.0,0.0,0.0,0.0
545,758.177468,200.0,60.0,100.0,398.17747,0.0,200.0,60.0,100.0,600.0,1000.0,41.6,41.6,19034.182752,92.36457,65.0,5486.455458,31540.18266,0.0,0.0,0.0,0.0,0.0
546,761.755627,150.0,45.0,100.0,466.75563,0.0,150.0,45.0,100.0,600.0,1000.0,41.6,41.6,21807.034208,68.57816,65.0,4073.542704,31689.034067,0.0,0.0,0.0,0.0,0.0
547,745.449976,50.0,60.0,100.0,535.44998,0.0,50.0,60.0,100.0,600.0,1000.0,60.0,41.6,24594.719168,83.69435,100.0,4080.44439,44726.998536,0.0,0.0,0.0,0.0,0.0
548,709.844515,0.0,60.0,100.0,535.44998,14.39454,0.0,60.0,100.0,600.0,1000.0,142.0,76.0,25638.704208,14.39454,50.0,475.01982,100797.921158,0.0,0.0,0.0,0.0,0.0
549,685.61315,0.0,90.0,100.0,495.61315,0.0,0.0,90.0,100.0,600.0,1000.0,41.6,41.6,22947.50704,30.0,54.23137,2841.327522,28521.507057,0.0,0.0,0.0,0.0,0.0
550,670.253023,0.0,120.0,100.0,450.25302,0.0,0.0,120.0,100.0,600.0,1000.0,41.6,41.6,21120.525632,30.0,45.36013,2694.391722,27882.525765,0.0,0.0,0.0,0.0,0.0
551,632.793595,0.0,150.0,100.0,382.79359,0.0,0.0,150.0,100.0,600.0,1000.0,41.6,41.6,18374.213344,30.0,67.45943,4007.090142,26324.213535,0.0,0.0,0.0,0.0,0.0
552,607.34788,0.0,180.09917,100.0,327.24871,0.0,0.0,225.0,100.0,600.0,1000.0,2.0,41.6,16123.744676,30.09917,55.54488,3299.365872,1214.69576,0.0,0.0,0.0,0.0,44.90083
553,587.668007,0.0,160.4193,100.0,327.24871,0.0,0.0,180.0,100.0,600.0,1000.0,2.0,41.6,16084.384936,0.0,19.67987,0.0,1175.336015,0.0,0.0,0.0,0.0,19.5807
554,577.248706,0.0,150.0,100.0,327.24871,0.0,0.0,150.0,100.0,600.0,1000.0,2.0,41.6,16063.546336,0.0,10.4193,0.0,1154.497411,0.0,0.0,0.0,0.0,0.0
555,573.716896,0.0,135.0,100.0,338.7169,0.0,0.0,135.0,100.0,600.0,1000.0,41.6,41.6,16510.62304,11.46819,15.0,681.210486,23866.622882,0.0,0.0,0.0,0.0,0.0
556,579.723754,0.0,135.0,100.0,344.72375,0.0,0.0,135.0,100.0,600.0,1000.0,41.6,41.6,16760.508,6.00685,0.0,356.80689,24116.50815,0.0,0.0,0.0,0.0,0.0
557,600.719944,0.0,135.0,100.0,365.71994,0.0,0.0,135.0,100.0,600.0,1000.0,41.6,41.6,17633.949504,20.99619,0.0,1247.173686,24989.949679,0.0,0.0,0.0,0.0,0.0
558,665.256579,0.0,120.0,100.0,445.25658,0.0,0.0,120.0,100.0,600.0,1000.0,60.0,41.6,20912.673728,79.53664,15.0,4724.476416,39915.39474,0.0,0.0,0.0,0.0,0.0
559,730.099118,50.0,120.0,100.0,445.25658,14.842539,50.0,120.0,100.0,600.0,1000.0,142.0,76.0,22090.706692,64.842539,0.0,489.803787,103674.074813,0.0,0.0,0.0,0.0,0.0
560,749.065214,100.0,120.0,100.0,429.06521,0.0,100.0,120.0,100.0,600.0,1000.0,41.6,41.6,20339.112736,50.0,31.033909,1451.571165,31161.112894,0.0,0.0,0.0,0.0,0.0
561,749.463817,150.0,120.0,100.0,379.46382,0.0,150.0,120.0,100.0,600.0,1000.0,41.6,41.6,18325.694912,50.0,49.60139,2946.322566,31177.694796,0.0,0.0,0.0,0.0,0.0
562,753.755753,250.0,105.0,100.0,298.75575,0.0,250.0,105.0,100.0,600.0,1000.0,41.6,41.6,15038.2392,100.0,95.70807,4794.059358,31356.239341,0.0,0.0,0.0,0.0,0.0
563,760.36515,300.0,105.0,100.0,255.36515,0.0,300.0,105.0,100.0,600.0,1000.0,41.6,41.6,13283.19024,50.0,43.3906,2577.40164,31631.19024,0.0,0.0,0.0,0.0,0.0
564,759.80896,375.0,78.543238,100.0,206.26572,0.0,375.0,90.0,100.0,600.0,1000.0,2.0,41.6,11262.740428,75.0,75.556192,2916.506142,1519.617919,0.0,0.0,0.0,0.0,11.456762
565,755.609722,449.344,0.0,100.0,206.26572,0.0,450.0,90.0,100.0,600.0,1000.0,1.0,41.6,11179.997952,74.344,78.543238,0.0,755.609722,0.0,0.0,0.0,0.0,90.656
566,746.265722,350.0,90.0,100.0,206.26572,0.0,350.0,90.0,100.0,600.0,1000.0,3.0,41.6,11260.653952,90.0,99.344,0.0,2238.797165,0.0,0.0,0.0,0.0,0.0
567,739.146484,300.0,75.0,100.0,264.14648,0.0,300.0,75.0,100.0,600.0,1000.0,41.6,41.6,13588.493568,57.88076,65.0,3438.117144,30748.493718,0.0,0.0,0.0,0.0,0.0
568,732.129214,250.0,75.0,100.0,307.12921,0.0,250.0,75.0,100.0,600.0,1000.0,41.6,41.6,15326.575136,42.98273,50.0,2553.174162,30456.575286,0.0,0.0,0.0,0.0,0.0
569,760.874992,200.0,60.0,100.0,400.87499,0.0,200.0,60.0,100.0,600.0,1000.0,41.6,41.6,19146.399584,93.74578,65.0,5568.499332,31652.399651,0.0,0.0,0.0,0.0,0.0
570,763.859881,150.0,45.0,100.0,468.85988,0.0,150.0,45.0,100.0,600.0,1000.0,41.6,41.6,21894.571008,67.98489,65.0,4038.302466,31776.571033,0.0,0.0,0.0,0.0,0.0
571,747.220516,50.0,60.0,100.0,537.22052,0.0,50.0,60.0,100.0,600.0,1000.0,60.0,41.6,24668.373632,83.36064,100.0,4060.622016,44833.230936,0.0,0.0,0.0,0.0,0.0
572,709.779626,0.0,60.0,100.0,537.22052,12.559111,0.0,60.0,100.0,600.0,1000.0,142.0,76.0,25572.866068,12.559111,50.0,414.450663,100788.706949,0.0,0.0,0.0,0.0,0.0
573,682.934166,0.0,90.0,100.0,492.93417,0.0,0.0,90.0,100.0,600.0,1000.0,41.6,41.6,22836.061472,30.0,56.845461,3045.059853,28410.061306,0.0,0.0,0.0,0.0,0.0
574,667.954103,0.0,120.0,100.0,447.9541,0.0,0.0,120.0,100.0,600.0,1000.0,41.6,41.6,21024.89056,30.0,44.98007,2671.816158,27786.890676,0.0,0.0,0.0,0.0,0.0
575,635.657975,0.0,150.0,100.0,385.65798,0.0,0.0,150.0,100.0,600.0,1000.0,41.6,41.6,18493.371968,30.0,62.29612,3700.389528,26443.371777,0.0,0.0,0.0,0.0,0.0
576,608.497341,0.0,181.69359,100.0,326.80375,0.0,0.0,225.0,100.0,600.0,1000.0,2.0,41.6,16108.42318,31.69359,58.85423,3495.941262,1216.994682,0.0,0.0,0.0,0.0,43.30641
577,588.798928,0.0,161.99517,100.0,326.80375,0.0,0.0,180.0,100.0,600.0,1000.0,2.0,41.6,16069.02634,0.0,19.69842,0.0,1177.597856,0.0,0.0,0.0,0.0,18.00483
578,576.803753,0.0,150.0,100.0,326.80375,0.0,0.0,150.0,100.0,600.0,1000.0,2.0,41.6,16045.036,0.0,11.99517,0.0,1153.607507,0.0,0.0,0.0,0.0,0.0
579,572.845531,0.0,135.0,100.0,337.84553,0.0,0.0,135.0,100.0,600.0,1000.0,41.6,41.6,16474.374048,11.04178,15.0,655.881732,23830.374098,0.0,0.0,0.0,0.0,0.0
580,580.094547,0.0,135.0,100.0,345.09455,0.0,0.0,135.0,100.0,600.0,1000.0,41.6,41.6,16775.93328,7.24902,0.0,430.591788,24131.933155,0.0,0.0,0.0,0.0,0.0
581,601.823055,0.0,135.0,100.0,366.82306,0.0,0.0,135.0,100.0,600.0,1000.0,41.6,41.6,17679.839296,21.72851,0.0,1290.673494,25035.839088,0.0,0.0,0.0,0.0,0.0
582,663.346991,0.0,120.0,100.0,443.34699,0.0,0.0,120.0,100.0,600.0,1000.0,60.0,41.6,20833.234784,76.52393,15.0,4545.521442,39800.819484,0.0,0.0,0.0,0.0,0.0
583,730.238166,50.0,120.0,100.0,443.34699,16.891175,50.0,120.0,100.0,600.0,1000.0,142.0,76.0,22166.964084,66.891175,0.0,557.408775,103693.819572,0.0,0.0,0.0,0.0,0.0
584,748.416325,100.0,120.0,100.0,428.41632,0.0,100.0,120.0,100.0,600.0,1000.0,41.6,41.6,20312.118912,50.0,31.821845,1444.290573,31134.119103,0.0,0.0,0.0,0.0,0.0
585,750.770864,150.0,120.0,100.0,380.77086,0.0,150.0,120.0,100.0,600.0,1000.0,41.6,41.6,18380.067776,50.0,47.64546,2830.140324,31232.067959,0.0,0.0,0.0,0.0,0.0
586,754.858865,250.0,105.0,100.0,299.85886,0.0,250.0,105.0,100.0,600.0,1000.0,41.6,41.6,15084.128576,100.0,95.912,4806.1728,31402.128776,0.0,0.0,0.0,0.0,0.0
587,758.427754,300.0,105.0,100.0,253.42775,0.0,300.0,105.0,100.0,600.0,1000.0,41.6,41.6,13202.5944,50.0,46.43111,2758.007934,31550.59455,0.0,0.0,0.0,0.0,0.0
588,753.598166,375.0,87.034413,100.0,191.56375,0.0,375.0,90.0,100.0,600.0,1000.0,2.0,41.6,10668.120826,75.0,79.829587,3674.7216,1507.196333,0.0,0.0,0.0,0.0,2.965587
589,741.964516,450.0,0.400762,100.0,191.56375,0.0,450.0,90.0,100.0,600.0,1000.0,2.0,41.6,10569.853525,75.0,86.633651,0.0,1483.929031,0.0,0.0,0.0,0.0,89.599238
590,731.563753,350.0,90.0,100.0,191.56375,0.0,350.0,90.0,100.0,600.0,1000.0,2.0,41.6,10649.052,89.599238,100.0,0.0,1463.127506,0.0,0.0,0.0,0.0,0.0
591,724.036642,300.0,75.0,100.0,249.03664,0.0,300.0,75.0,100.0,600.0,1000.0,41.6,41.6,12959.924224,57.47289,65.0,3413.889666,30119.924316,0.0,0.0,0.0,0.0,0.0
592,721.802611,250.0,75.0,100.0,296.80261,0.0,250.0,75.0,100.0,600.0,1000.0,41.6,41.6,14896.988576,47.76597,50.0,2837.298618,30026.988601,0.0,0.0,0.0,0.0,0.0
593,749.380388,200.0,60.0,100.0,389.38039,0.0,200.0,60.0,100.0,600.0,1000.0,41.6,41.6,18668.224224,92.57778,65.0,5499.120132,31174.224157,0.0,0.0,0.0,0.0,0.0
594,750.344452,150.0,45.0,100.0,455.34445,0.0,150.0,45.0,100.0,600.0,1000.0,41.6,41.6,21332.32912,65.96406,65.0,3918.265164,31214.329187,0.0,0.0,0.0,0.0,0.0
595,729.135055,50.0,60.0,100.0,519.13506,0.0,50.0,60.0,100.0,600.0,1000.0,60.0,41.6,23916.018496,78.79061,100.0,3789.162234,43748.103312,0.0,0.0,0.0,0.0,0.0
596,690.127563,0.0,60.0,100.0,519.13506,10.992508,0.0,60.0,100.0,600.0,1000.0,142.0,76.0,24701.449104,10.992508,50.0,362.752764,97998.113946,0.0,0.0,0.0,0.0,0.0
597,663.893912,0.0,90.0,100.0,473.89391,0.0,0.0,90.0,100.0,600.0,1000.0,41.6,41.6,22043.986656,30.0,56.233658,3050.077074,27617.986756,0.0,0.0,0.0,0.0,0.0
598,653.317023,0.0,120.0,100.0,433.31702,0.0,0.0,120.0,100.0,600.0,1000.0,41.6,41.6,20415.988032,30.0,40.57689,2410.267266,27177.988157,0.0,0.0,0.0,0.0,0.0
599,629.196896,0.0,150.0,100.0,379.1969,0.0,0.0,150.0,100.0,600.0,1000.0,41.6,41.6,18224.59104,30.0,54.12012,3214.735128,26174.59089,0.0,0.0,0.0,0.0,0.0
600,600.599436,0.0,191.89968,100.0,308.69975,0.0,0.0,225.0,100.0,600.0,1000.0,2.0,41.6,15375.70896,41.89968,70.49715,4187.53071,1201.198872,0.0,0.0,0.0,0.0,33.10032
601,575.607944,0.0,166.90819,100.0,308.69975,0.0,0.0,180.0,100.0,600.0,1000.0,2.0,41.6,15325.72598,0.0,24.99149,0.0,1151.215888,0.0,0.0,0.0,0.0,13.09181
602,558.699754,0.0,150.0,100.0,308.69975,0.0,0.0,150.0,100.0,600.0,1000.0,20.4,41.6,15291.9096,0.0,16.90819,0.0,11397.474973,0.0,0.0,0.0,0.0,0.0
603,548.660515,0.0,135.0,100.0,308.69975,4.960762,0.0,135.0,100.0,600.0,1000.0,142.0,76.0,15638.927482,4.960762,15.0,163.705133,77909.793158,0.0,0.0,0.0,0.0,0.0
604,543.246928,0.0,135.0,100.0,308.24693,0.0,0.0,135.0,100.0,600.0,1000.0,41.6,41.6,15243.072288,0.0,5.413582,190.602641,22599.072213,0.0,0.0,0.0,0.0,0.0
605,533.606293,0.0,129.86311,100.0,303.74318,0.0,0.0,135.0,100.0,600.0,1000.0,2.0,41.6,15045.442508,0.0,9.64064,267.52275,1067.212586,0.0,0.0,0.0,0.0,5.13689
606,523.743182,0.0,120.0,100.0,303.74318,0.0,0.0,120.0,100.0,600.0,1000.0,81.2,41.6,15025.716288,0.0,9.86311,0.0,42527.946362,0.0,0.0,0.0,0.0,0.0
607,553.786738,50.0,120.0,100.0,283.78674,0.0,50.0,120.0,100.0,600.0,1000.0,41.6,41.6,14245.528384,50.0,19.95644,1185.412536,23037.528284,0.0,0.0,0.0,0.0,0.0
608,585.610103,100.0,120.0,100.0,265.6101,0.0,100.0,120.0,100.0,600.0,1000.0,41.6,41.6,13539.38016,50.0,18.17664,1079.692416,24361.380276,0.0,0.0,0.0,0.0,0.0
609,618.777595,150.0,120.0,100.0,248.77759,0.0,150.0,120.0,100.0,600.0,1000.0,41.6,41.6,12889.147744,50.0,16.83251,999.851094,25741.147935,0.0,0.0,0.0,0.0,0.0
610,640.283626,250.0,105.0,100.0,185.28363,0.0,250.0,105.0,100.0,600.0,1000.0,41.6,41.6,10317.799008,100.0,78.49396,3771.541224,26635.79885,0.0,0.0,0.0,0.0,0.0
611,643.759817,300.0,105.0,100.0,138.75982,0.0,300.0,105.0,100.0,600.0,1000.0,41.6,41.6,8432.408512,50.0,46.52381,2763.514314,26780.408379,0.0,0.0,0.0,0.0,0.0
612,637.882738,375.0,90.0,100.0,72.882738,0.0,375.0,90.0,100.0,600.0,1000.0,2.0,41.6,5736.921901,75.0,80.877082,3913.098671,1275.765475,0.0,0.0,0.0,0.0,0.0
613,623.11588,450.0,0.233143,100.0,72.882738,0.0,450.0,90.0,100.0,600.0,1000.0,2.0,41.6,5632.388186,75.0,89.766857,0.0,1246.23176,0.0,0.0,0.0,0.0,89.766857
614,610.28642,350.0,87.403683,100.0,72.882738,0.0,350.0,90.0,100.0,600.0,1000.0,2.0,41.6,5706.729267,87.17054,100.0,0.0,1220.572841,0.0,0.0,0.0,0.0,2.596317
615,601.952833,300.0,75.0,100.0,126.95283,0.0,300.0,75.0,100.0,600.0,1000.0,41.6,41.6,7881.237728,54.070092,62.403683,3211.763465,25041.237836,0.0,0.0,0.0,0.0,0.0
616,602.991055,250.0,75.0,100.0,177.99106,0.0,250.0,75.0,100.0,600.0,1000.0,41.6,41.6,9954.428096,51.03823,50.0,3031.670862,25084.427896,0.0,0.0,0.0,0.0,0.0
617,643.787626,200.0,60.0,100.0,283.78763,0.0,200.0,60.0,100.0,600.0,1000.0,41.6,41.6,14275.565408,105.79657,65.0,6284.316258,26781.56525,0.0,0.0,0.0,0.0,0.0
618,656.737595,150.0,45.0,100.0,361.73759,0.0,150.0,45.0,100.0,600.0,1000.0,41.6,41.6,17438.283744,77.94996,65.0,4630.227624,27320.283944,0.0,0.0,0.0,0.0,0.0
619,634.693912,50.0,60.0,100.0,424.69391,0.0,50.0,60.0,100.0,600.0,1000.0,60.0,41.6,19987.266656,77.95632,100.0,3739.605408,38081.634732,0.0,0.0,0.0,0.0,0.0
620,595.018991,0.0,60.0,100.0,424.69391,10.325079,0.0,60.0,100.0,600.0,1000.0,142.0,76.0,20721.97266,10.325079,50.0,340.727607,84492.696779,0.0,0.0,0.0,0.0,0.0
621,575.283499,0.0,90.0,100.0,385.2835,0.0,0.0,90.0,100.0,600.0,1000.0,41.6,41.6,18357.7936,30.0,49.735489,2681.705961,23931.793567,0.0,0.0,0.0,0.0,0.0
622,579.213912,0.0,120.0,100.0,359.21391,0.0,0.0,120.0,100.0,600.0,1000.0,41.6,41.6,17333.298656,30.0,26.06959,1548.533646,24095.298739,0.0,0.0,0.0,0.0,0.0
623,559.255944,0.0,150.0,100.0,309.25594,0.0,0.0,150.0,100.0,600.0,1000.0,41.6,41.6,15315.047104,30.0,49.95797,2967.503418,23265.04727,0.0,0.0,0.0,0.0,0.0
624,537.29569,0.0,183.34362,100.0,253.95207,0.0,0.0,225.0,100.0,600.0,1000.0,2.0,41.6,13081.093352,33.34362,55.30387,3285.049878,1074.59138,0.0,0.0,0.0,0.0,41.65638
625,517.727055,0.0,163.77498,100.0,253.95207,0.0,0.0,180.0,100.0,600.0,1000.0,2.0,41.6,13041.956072,0.0,19.56864,0.0,1035.45411,0.0,0.0,0.0,0.0,16.22502
626,503.952071,0.0,150.0,100.0,253.95207,0.0,0.0,150.0,100.0,600.0,1000.0,2.0,41.6,13014.406112,0.0,13.77498,0.0,1007.904142,0.0,0.0,0.0,0.0,0.0
627,495.82242,0.0,135.0,100.0,256.71588,4.10654,0.0,135.0,100.0,600.0,1000.0,142.0,76.0,13411.477633,6.87035,15.0,299.686127,70406.78364,0.0,0.0,0.0,0.0,0.0
628,491.71588,0.0,135.0,100.0,256.71588,0.0,0.0,135.0,100.0,600.0,1000.0,60.0,41.6,13099.380608,0.0,4.10654,135.515813,29502.952812,0.0,0.0,0.0,0.0,0.0
629,486.46915,0.0,131.9581,100.0,254.51105,0.0,0.0,135.0,100.0,600.0,1000.0,2.0,41.6,13001.57588,0.0,5.24673,130.966902,972.9383,0.0,0.0,0.0,0.0,3.0419
630,474.511055,0.0,120.0,100.0,254.51105,0.0,0.0,120.0,100.0,600.0,1000.0,81.2,41.6,12977.65968,0.0,11.9581,0.0,38530.29765,0.0,0.0,0.0,0.0,0.0
631,490.102928,50.0,120.0,100.0,220.10293,0.0,50.0,120.0,100.0,600.0,1000.0,41.6,41.6,11596.281888,50.0,34.40812,2043.842328,20388.281796,0.0,0.0,0.0,0.0,0.0
632,518.338865,100.0,120.0,100.0,198.33886,0.0,100.0,120.0,100.0,600.0,1000.0,41.6,41.6,10740.896576,50.0,21.76407,1292.785758,21562.896776,0.0,0.0,0.0,0.0,0.0
633,550.384706,150.0,120.0,100.0,180.38471,0.0,150.0,120.0,100.0,600.0,1000.0,41.6,41.6,10044.003936,50.0,17.95415,1066.47651,22896.003761,0.0,0.0,0.0,0.0,0.0
634,578.982166,250.0,105.0,100.0,123.98217,0.0,250.0,105.0,100.0,600.0,1000.0,41.6,41.6,7767.658272,100.0,71.40254,3350.310876,24085.658114,0.0,0.0,0.0,0.0,0.0
635,605.197277,300.0,105.0,100.0,100.19728,0.0,300.0,105.0,100.0,600.0,1000.0,41.6,41.6,6828.206848,50.0,23.78489,1412.822466,25176.20674,0.0,0.0,0.0,0.0,0.0
636,603.436007,375.0,90.0,100.0,38.436007,0.0,375.0,90.0,100.0,600.0,1000.0,3.0,41.6,4303.937891,75.0,76.761273,3668.619616,1810.308022,0.0,0.0,0.0,0.0,0.0
637,583.700515,445.26451,0.0,100.0,38.436007,0.0,450.0,90.0,100.0,600.0,1000.0,1.0,41.6,4194.202401,70.26451,90.0,0.0,583.700515,0.0,0.0,0.0,0.0,94.73549
638,569.183944,350.0,80.747937,100.0,38.436007,0.0,350.0,90.0,100.0,600.0,1000.0,2.0,41.6,4260.433765,80.747937,95.26451,0.0,1138.367888,0.0,0.0,0.0,0.0,9.252063
639,558.89442,300.0,75.0,100.0,83.89442,0.0,300.0,75.0,100.0,600.0,1000.0,41.6,41.6,6090.007872,45.458413,55.747937,2700.229732,23250.007872,0.0,0.0,0.0,0.0,0.0
640,558.004516,250.0,75.0,100.0,133.00452,0.0,250.0,75.0,100.0,600.0,1000.0,41.6,41.6,8082.988032,49.1101,50.0,2917.13994,23212.987849,0.0,0.0,0.0,0.0,0.0
641,594.657468,200.0,60.0,100.0,234.65747,0.0,200.0,60.0,100.0,600.0,1000.0,41.6,41.6,12231.750752,101.65295,65.0,6038.18523,24737.750669,0.0,0.0,0.0,0.0,0.0
642,616.376706,150.0,45.0,100.0,321.37671,0.0,150.0,45.0,100.0,600.0,1000.0,41.6,41.6,15759.271136,86.71924,65.0,5151.122856,25641.27097,0.0,0.0,0.0,0.0,0.0
643,605.586611,50.0,60.0,100.0,395.58661,0.0,50.0,60.0,100.0,600.0,1000.0,60.0,41.6,18776.402976,89.2099,100.0,4408.06806,36335.196648,0.0,0.0,0.0,0.0,0.0
644,582.013404,0.0,60.0,100.0,395.58661,26.426793,0.0,60.0,100.0,600.0,1000.0,142.0,76.0,20734.839244,26.426793,50.0,872.084169,82645.903368,0.0,0.0,0.0,0.0,0.0
645,570.361214,0.0,90.0,100.0,380.36121,0.0,0.0,90.0,100.0,600.0,1000.0,41.6,41.6,18153.026336,30.0,41.652193,1776.472929,23727.026494,0.0,0.0,0.0,0.0,0.0
646,574.495563,0.0,120.0,100.0,354.49556,0.0,0.0,120.0,100.0,600.0,1000.0,41.6,41.6,17137.015296,30.0,25.86565,1536.41961,23899.015421,0.0,0.0,0.0,0.0,0.0
647,548.855182,0.0,150.0,100.0,298.85518,0.0,0.0,150.0,100.0,600.0,1000.0,41.6,41.6,14882.375488,30.0,55.64038,3305.038572,22832.37558,0.0,0.0,0.0,0.0,0.0
648,526.978357,0.0,169.96724,100.0,257.01112,0.0,0.0,225.0,100.0,600.0,1000.0,2.0,41.6,13181.597072,19.96724,41.84406,2485.537164,1053.956713,0.0,0.0,0.0,0.0,55.03276
649,513.296071,0.0,156.28495,100.0,257.01112,0.0,0.0,180.0,100.0,600.0,1000.0,2.0,41.6,13154.232492,0.0,13.68229,0.0,1026.592141,0.0,0.0,0.0,0.0,23.71505
650,507.011119,0.0,150.0,100.0,257.01112,0.0,0.0,150.0,100.0,600.0,1000.0,2.0,41.6,13141.662592,0.0,6.28495,0.0,1014.022237,0.0,0.0,0.0,0.0,0.0
651,507.5395,0.0,135.0,100.0,272.5395,0.0,0.0,135.0,100.0,600.0,1000.0,41.6,41.6,13757.6432,15.52838,15.0,922.385772,21113.643183,0.0,0.0,0.0,0.0,0.0
652,520.804642,0.0,135.0,100.0,285.80464,0.0,0.0,135.0,100.0,600.0,1000.0,41.6,41.6,14309.473024,13.26514,0.0,787.949316,21665.473116,0.0,0.0,0.0,0.0,0.0
653,551.29315,0.0,135.0,100.0,316.29315,0.0,0.0,135.0,100.0,600.0,1000.0,41.6,41.6,15577.79504,30.48851,0.0,1811.017494,22933.795048,0.0,0.0,0.0,0.0,0.0
654,625.831944,0.0,120.0,100.0,405.83194,0.0,0.0,120.0,100.0,600.0,1000.0,60.0,41.6,19272.608704,89.53879,15.0,5318.604126,37549.91664,0.0,0.0,0.0,0.0,0.0
655,695.318674,50.0,120.0,100.0,405.83194,19.48673,50.0,120.0,100.0,600.0,1000.0,142.0,76.0,20803.600184,69.48673,0.0,643.06209,98735.251736,0.0,0.0,0.0,0.0,0.0
656,714.099373,100.0,120.0,100.0,394.09937,0.0,100.0,120.0,100.0,600.0,1000.0,41.6,41.6,18884.533792,50.0,31.2193,1339.976748,29706.5339,0.0,0.0,0.0,0.0,0.0
657,718.650865,150.0,120.0,100.0,348.65086,0.0,150.0,120.0,100.0,600.0,1000.0,41.6,41.6,17043.875776,50.0,45.44851,2699.641494,29895.875967,0.0,0.0,0.0,0.0,0.0
658,725.037785,250.0,105.0,100.0,270.03779,0.0,250.0,105.0,100.0,600.0,1000.0,41.6,41.6,13843.572064,100.0,93.61307,4669.616358,30161.571873,0.0,0.0,0.0,0.0,0.0
659,733.816325,300.0,105.0,100.0,228.81632,0.0,300.0,105.0,100.0,600.0,1000.0,41.6,41.6,12178.758912,50.0,41.22147,2448.555318,30526.759112,0.0,0.0,0.0,0.0,0.0
660,725.677404,375.0,74.835301,100.0,175.8421,0.0,375.0,90.0,100.0,600.0,1000.0,2.0,41.6,9989.701962,75.0,83.138919,3146.668668,1451.354808,0.0,0.0,0.0,0.0,15.164699
661,723.999563,448.15746,0.0,100.0,175.8421,0.0,450.0,90.0,100.0,600.0,1000.0,1.0,41.6,9913.18882,73.15746,74.835301,0.0,723.999563,0.0,0.0,0.0,0.0,91.84254
662,715.842103,350.0,90.0,100.0,175.8421,0.0,350.0,90.0,100.0,600.0,1000.0,3.0,41.6,9995.03136,90.0,98.15746,0.0,2147.526308,0.0,0.0,0.0,0.0,0.0
663,707.406547,300.0,75.0,100.0,232.40655,0.0,300.0,75.0,100.0,600.0,1000.0,41.6,41.6,12268.11248,56.56445,65.0,3359.92833,29428.112364,0.0,0.0,0.0,0.0,0.0
664,698.368452,250.0,75.0,100.0,273.36845,0.0,250.0,75.0,100.0,600.0,1000.0,41.6,41.6,13922.12752,40.9619,50.0,2433.13686,29052.127603,0.0,0.0,0.0,0.0,0.0
665,724.898738,200.0,60.0,100.0,364.89874,0.0,200.0,60.0,100.0,600.0,1000.0,41.6,41.6,17649.787584,91.53029,65.0,5436.899226,30155.787492,0.0,0.0,0.0,0.0,0.0
666,735.012134,150.0,45.0,100.0,440.01213,0.0,150.0,45.0,100.0,600.0,1000.0,41.6,41.6,20694.504608,75.11339,65.0,4461.735366,30576.504791,0.0,0.0,0.0,0.0,0.0
667,720.161849,50.0,60.0,100.0,510.16185,0.0,50.0,60.0,100.0,600.0,1000.0,60.0,41.6,23542.73296,85.14972,100.0,4166.893368,43209.710928,0.0,0.0,0.0,0.0,0.0
668,683.119563,0.0,60.0,100.0,510.16185,12.957714,0.0,60.0,100.0,600.0,1000.0,142.0,76.0,24477.519224,12.957714,50.0,427.604562,97002.977946,0.0,0.0,0.0,0.0,0.0
669,656.99715,0.0,90.0,100.0,466.99715,0.0,0.0,90.0,100.0,600.0,1000.0,41.6,41.6,21757.08144,30.0,56.122414,2991.587742,27331.08144,0.0,0.0,0.0,0.0,0.0
670,642.091246,0.0,120.0,100.0,422.09125,0.0,0.0,120.0,100.0,600.0,1000.0,41.6,41.6,19948.996,30.0,44.9059,2667.41046,26710.995817,0.0,0.0,0.0,0.0,0.0
671,600.729214,0.0,150.0,100.0,350.72921,0.0,0.0,150.0,100.0,600.0,1000.0,41.6,41.6,17040.335136,30.0,71.36204,4238.905176,24990.335286,0.0,0.0,0.0,0.0,0.0
672,563.974293,0.0,181.01689,100.0,282.9574,0.0,0.0,225.0,100.0,600.0,1000.0,2.0,41.6,14283.06162,31.01689,67.77181,4025.645514,1127.948586,0.0,0.0,0.0,0.0,43.98311
673,541.652515,0.0,158.69511,100.0,282.9574,0.0,0.0,180.0,100.0,600.0,1000.0,2.0,41.6,14238.41806,0.0,22.32178,0.0,1083.30503,0.0,0.0,0.0,0.0,21.30489
674,532.957404,0.0,150.0,100.0,282.9574,0.0,0.0,150.0,100.0,600.0,1000.0,2.0,41.6,14221.02784,0.0,8.69511,0.0,1065.914808,0.0,0.0,0.0,0.0,0.0
675,529.064071,0.0,135.0,100.0,294.06407,0.0,0.0,135.0,100.0,600.0,1000.0,41.6,41.6,14653.065312,11.10667,15.0,659.736198,22009.065337,0.0,0.0,0.0,0.0,0.0
676,535.330484,0.0,135.0,100.0,300.33048,0.0,0.0,135.0,100.0,600.0,1000.0,41.6,41.6,14913.747968,6.26641,0.0,372.224754,22269.748126,0.0,0.0,0.0,0.0,0.0
677,557.680071,0.0,135.0,100.0,322.68007,0.0,0.0,135.0,100.0,600.0,1000.0,41.6,41.6,15843.490912,22.34959,0.0,1327.565646,23199.490954,0.0,0.0,0.0,0.0,0.0
678,622.874864,0.0,120.0,100.0,402.87486,0.0,0.0,120.0,100.0,600.0,1000.0,60.0,41.6,19149.594176,80.19479,15.0,4763.570526,37372.491864,0.0,0.0,0.0,0.0,0.0
679,689.914357,50.0,120.0,100.0,402.87486,17.039492,50.0,120.0,100.0,600.0,1000.0,142.0,76.0,20494.595568,67.039492,0.0,562.303236,97967.838637,0.0,0.0,0.0,0.0,0.0
680,709.445912,100.0,120.0,100.0,389.44591,0.0,100.0,120.0,100.0,600.0,1000.0,41.6,41.6,18690.949856,50.0,30.468442,1359.982866,29512.949956,0.0,0.0,0.0,0.0,0.0
681,709.58496,150.0,120.0,100.0,339.58496,0.0,150.0,120.0,100.0,600.0,1000.0,41.6,41.6,16666.734336,50.0,49.86095,2961.74043,29518.734336,0.0,0.0,0.0,0.0,0.0
682,716.713468,250.0,105.0,100.0,261.71347,0.0,250.0,105.0,100.0,600.0,1000.0,41.6,41.6,13497.280352,100.0,92.87149,4625.566506,29815.280252,0.0,0.0,0.0,0.0,0.0
683,729.904452,300.0,105.0,100.0,224.90445,0.0,300.0,105.0,100.0,600.0,1000.0,41.6,41.6,12016.02512,50.0,36.80902,2186.455788,30364.025203,0.0,0.0,0.0,0.0,0.0
684,727.355246,375.0,76.72635,100.0,175.6289,0.0,375.0,90.0,100.0,600.0,1000.0,2.0,41.6,9984.61494,75.0,77.5492,2926.96767,1454.710492,0.0,0.0,0.0,0.0,13.27365
685,722.312452,446.68356,0.0,100.0,175.6289,0.0,450.0,90.0,100.0,600.0,1000.0,1.0,41.6,9902.8458,71.68356,76.72635,0.0,722.312452,0.0,0.0,0.0,0.0,93.31644
686,715.628896,350.0,90.0,100.0,175.6289,0.0,350.0,90.0,100.0,600.0,1000.0,3.0,41.6,9986.16224,90.0,96.68356,0.0,2146.886689,0.0,0.0,0.0,0.0,0.0
687,710.206039,300.0,75.0,100.0,235.20604,0.0,300.0,75.0,100.0,600.0,1000.0,41.6,41.6,12384.571264,59.57714,65.0,3538.882116,29544.571231,0.0,0.0,0.0,0.0,0.0
688,705.098357,250.0,75.0,100.0,280.09836,0.0,250.0,75.0,100.0,600.0,1000.0,41.6,41.6,14202.091776,44.89232,50.0,2666.603808,29332.091643,0.0,0.0,0.0,0.0,0.0
689,725.213912,200.0,60.0,100.0,365.21391,0.0,200.0,60.0,100.0,600.0,1000.0,41.6,41.6,17662.898656,85.11555,65.0,5055.86367,30168.898756,0.0,0.0,0.0,0.0,0.0
690,729.848833,150.0,45.0,100.0,434.84883,0.0,150.0,45.0,100.0,600.0,1000.0,41.6,41.6,20479.711328,69.63492,65.0,4136.314248,30361.711436,0.0,0.0,0.0,0.0,0.0
691,715.721595,50.0,60.0,100.0,505.72159,0.0,50.0,60.0,100.0,600.0,1000.0,60.0,41.6,23358.018144,85.87276,100.0,4209.841944,42943.2957,0.0,0.0,0.0,0.0,0.0
692,678.660769,0.0,60.0,100.0,505.72159,12.939174,0.0,60.0,100.0,600.0,1000.0,142.0,76.0,24291.395368,12.939174,50.0,426.992742,96369.829226,0.0,0.0,0.0,0.0,0.0
693,649.813023,0.0,90.0,100.0,459.81302,0.0,0.0,90.0,100.0,600.0,1000.0,41.6,41.6,21458.221632,30.0,58.847744,3153.9618,27032.221757,0.0,0.0,0.0,0.0,0.0
694,627.593214,0.0,120.0,100.0,407.59321,0.0,0.0,120.0,100.0,600.0,1000.0,41.6,41.6,19345.877536,30.0,52.21981,3101.856714,26107.877702,0.0,0.0,0.0,0.0,0.0
695,586.017976,0.0,150.0,100.0,336.01798,0.0,0.0,150.0,100.0,600.0,1000.0,41.6,41.6,16428.347968,30.0,71.57523,4251.568662,24378.347785,0.0,0.0,0.0,0.0,0.0
696,549.383563,0.0,187.0701,100.0,262.31347,0.0,0.0,225.0,100.0,600.0,1000.0,2.0,41.6,13436.380552,37.0701,73.70451,4378.047894,1098.767126,0.0,0.0,0.0,0.0,37.9299
697,525.133658,0.0,162.82019,100.0,262.31347,0.0,0.0,180.0,100.0,600.0,1000.0,2.0,41.6,13387.880732,0.0,24.24991,0.0,1050.267317,0.0,0.0,0.0,0.0,17.17981
698,512.313468,0.0,150.0,100.0,262.31347,0.0,0.0,150.0,100.0,600.0,1000.0,2.0,41.6,13362.240352,0.0,12.82019,0.0,1024.626936,0.0,0.0,0.0,0.0,0.0
699,512.7955,0.0,135.0,100.0,277.7955,0.0,0.0,135.0,100.0,600.0,1000.0,41.6,41.6,13976.2928,15.48203,15.0,919.632582,21332.292783,0.0,0.0,0.0,0.0,0.0
700,522.278547,0.0,135.0,100.0,287.27855,0.0,0.0,135.0,100.0,600.0,1000.0,41.6,41.6,14370.78768,9.48305,0.0,563.29317,21726.787555,0.0,0.0,0.0,0.0,0.0
701,550.338356,0.0,135.0,100.0,315.33836,0.0,0.0,135.0,100.0,600.0,1000.0,41.6,41.6,15538.075776,28.05981,0.0,1666.752714,22894.075626,0.0,0.0,0.0,0.0,0.0
702,615.588769,0.0,120.0,100.0,395.58877,0.0,0.0,120.0,100.0,600.0,1000.0,60.0,41.6,18846.492832,80.25041,15.0,4766.874354,36935.326152,0.0,0.0,0.0,0.0,0.0
703,680.542547,50.0,120.0,100.0,395.58877,14.953778,50.0,120.0,100.0,600.0,1000.0,142.0,76.0,20032.97996,64.953778,0.0,493.474674,96637.041646,0.0,0.0,0.0,0.0,0.0
704,696.356896,100.0,120.0,100.0,376.3569,0.0,100.0,120.0,100.0,600.0,1000.0,41.6,41.6,18146.44704,50.0,34.185648,1635.847752,28968.446882,0.0,0.0,0.0,0.0,0.0
705,699.008071,150.0,120.0,100.0,329.00807,0.0,150.0,120.0,100.0,600.0,1000.0,41.6,41.6,16226.735712,50.0,47.34883,2812.520502,29078.735737,0.0,0.0,0.0,0.0,0.0
706,704.264071,250.0,105.0,100.0,249.26407,0.0,250.0,105.0,100.0,600.0,1000.0,41.6,41.6,12979.385312,100.0,94.744,4736.7936,29297.385337,0.0,0.0,0.0,0.0,0.0
707,709.279055,300.0,105.0,100.0,204.27905,0.0,300.0,105.0,100.0,600.0,1000.0,41.6,41.6,11158.00848,50.0,44.98502,2672.110188,29506.00868,0.0,0.0,0.0,0.0,0.0
708,704.384579,375.0,61.968762,100.0,167.41582,0.0,375.0,90.0,100.0,600.0,1000.0,2.0,41.6,9613.435636,75.0,79.894468,2189.675862,1408.769158,0.0,0.0,0.0,0.0,28.031238
709,707.934928,440.51911,0.0,100.0,167.41582,0.0,450.0,90.0,100.0,600.0,1000.0,1.0,41.6,9555.017222,65.51911,61.968762,0.0,707.934928,0.0,0.0,0.0,0.0,99.48089
710,707.415817,350.0,90.0,100.0,167.41582,0.0,350.0,90.0,100.0,600.0,1000.0,3.0,41.6,9644.498112,90.0,90.51911,0.0,2122.247452,0.0,0.0,0.0,0.0,0.0
711,702.345214,300.0,75.0,100.0,227.34521,0.0,300.0,75.0,100.0,600.0,1000.0,41.6,41.6,12057.560736,59.92939,65.0,3559.805766,29217.560886,0.0,0.0,0.0,0.0,0.0
712,696.774039,250.0,75.0,100.0,271.77404,0.0,250.0,75.0,100.0,600.0,1000.0,41.6,41.6,13855.800064,44.42883,50.0,2639.072502,28985.800022,0.0,0.0,0.0,0.0,0.0
713,716.398293,200.0,60.0,100.0,356.39829,0.0,200.0,60.0,100.0,600.0,1000.0,41.6,41.6,17296.168864,84.62425,65.0,5026.68045,29802.168989,0.0,0.0,0.0,0.0,0.0
714,721.088833,150.0,45.0,100.0,426.08883,0.0,150.0,45.0,100.0,600.0,1000.0,41.6,41.6,20115.295328,69.69054,65.0,4139.618076,29997.295436,0.0,0.0,0.0,0.0,0.0
715,702.196896,50.0,60.0,100.0,492.1969,0.0,50.0,60.0,100.0,600.0,1000.0,60.0,41.6,22795.39104,81.10807,100.0,3926.819358,42131.81376,0.0,0.0,0.0,0.0,0.0
716,667.648198,0.0,60.0,100.0,492.1969,15.451302,0.0,60.0,100.0,600.0,1000.0,142.0,76.0,23919.689992,15.451302,50.0,509.892966,94806.044059,0.0,0.0,0.0,0.0,0.0
717,639.226865,0.0,90.0,100.0,449.22686,0.0,0.0,90.0,100.0,600.0,1000.0,41.6,41.6,21017.837376,30.0,58.421342,3062.313342,26591.837576,0.0,0.0,0.0,0.0,0.0
718,614.532007,0.0,120.0,100.0,394.53201,0.0,0.0,120.0,100.0,600.0,1000.0,41.6,41.6,18802.531616,30.0,54.69485,3248.87409,25564.5315,0.0,0.0,0.0,0.0,0.0
719,565.142293,0.0,150.0,100.0,315.14229,0.0,0.0,150.0,100.0,600.0,1000.0,41.6,41.6,15559.919264,30.0,79.38972,4715.749368,23509.919397,0.0,0.0,0.0,0.0,0.0
720,529.12896,0.0,179.05168,100.0,250.07728,0.0,0.0,225.0,100.0,600.0,1000.0,2.0,41.6,12911.318208,29.05168,65.06501,3864.861594,1058.25792,0.0,0.0,0.0,0.0,45.94832
721,509.439817,0.0,159.36254,100.0,250.07728,0.0,0.0,180.0,100.0,600.0,1000.0,2.0,41.6,12871.939928,0.0,19.68914,0.0,1018.879634,0.0,0.0,0.0,0.0,20.63746
722,500.077277,0.0,150.0,100.0,250.07728,0.0,0.0,150.0,100.0,600.0,1000.0,2.0,41.6,12853.214848,0.0,9.36254,0.0,1000.154555,0.0,0.0,0.0,0.0,0.0
723,505.370357,0.0,135.0,100.0,270.37036,0.0,0.0,135.0,100.0,600.0,1000.0,41.6,41.6,13667.406976,20.29308,15.0,1205.408952,21023.406843,0.0,0.0,0.0,0.0,0.0
724,517.560198,0.0,135.0,100.0,282.5602,0.0,0.0,135.0,100.0,600.0,1000.0,41.6,41.6,14174.50432,12.18984,0.0,724.076496,21530.504237,0.0,0.0,0.0,0.0,0.0
725,544.368579,0.0,135.0,100.0,309.36858,0.0,0.0,135.0,100.0,600.0,1000.0,41.6,41.6,15289.732928,26.80838,0.0,1592.417772,22645.732886,0.0,0.0,0.0,0.0,0.0
726,607.014166,0.0,120.0,100.0,387.01417,0.0,0.0,120.0,100.0,600.0,1000.0,60.0,41.6,18489.789472,77.64559,15.0,4612.148046,36420.849972,0.0,0.0,0.0,0.0,0.0
727,664.172008,50.0,120.0,100.0,387.01417,7.157841,50.0,120.0,100.0,600.0,1000.0,142.0,76.0,19083.785418,57.157841,0.0,236.208766,94312.425079,0.0,0.0,0.0,0.0,0.0
728,679.652642,100.0,120.0,100.0,359.65264,0.0,100.0,120.0,100.0,600.0,1000.0,41.6,41.6,17451.549824,50.0,34.519371,1861.483648,28273.549924,0.0,0.0,0.0,0.0,0.0
729,681.719817,150.0,120.0,100.0,311.71982,0.0,150.0,120.0,100.0,600.0,1000.0,41.6,41.6,15507.544512,50.0,47.93282,2847.209508,28359.544387,0.0,0.0,0.0,0.0,0.0
730,688.357023,250.0,105.0,100.0,233.35702,0.0,250.0,105.0,100.0,600.0,1000.0,41.6,41.6,12317.652032,100.0,93.3628,4654.75032,28635.652157,0.0,0.0,0.0,0.0,0.0
731,708.98242,300.0,105.0,100.0,203.98242,0.0,300.0,105.0,100.0,600.0,1000.0,41.6,41.6,11145.668672,50.0,29.3746,1744.85124,29493.66868,0.0,0.0,0.0,0.0,0.0
732,710.224579,375.0,82.761016,100.0,152.46356,0.0,375.0,90.0,100.0,600.0,1000.0,2.0,41.6,9033.006128,75.0,73.757844,3060.220284,1420.449157,0.0,0.0,0.0,0.0,7.238984
733,707.758801,450.0,5.295238,100.0,152.46356,0.0,450.0,90.0,100.0,600.0,1000.0,2.0,41.6,8953.074573,75.0,77.465778,0.0,1415.517602,0.0,0.0,0.0,0.0,84.704762
734,692.463563,350.0,90.0,100.0,152.46356,0.0,350.0,90.0,100.0,600.0,1000.0,2.0,41.6,9022.484096,84.704762,100.0,0.0,1384.927126,0.0,0.0,0.0,0.0,0.0
735,685.668769,300.0,75.0,100.0,210.66877,0.0,300.0,75.0,100.0,600.0,1000.0,41.6,41.6,11363.820832,58.20521,65.0,3457.389474,28523.820799,0.0,0.0,0.0,0.0,0.0
736,680.023436,250.0,75.0,100.0,255.02344,0.0,250.0,75.0,100.0,600.0,1000.0,41.6,41.6,13158.975104,44.35467,50.0,2634.667398,28288.974929,0.0,0.0,0.0,0.0,0.0
737,699.712579,200.0,60.0,100.0,339.71258,0.0,200.0,60.0,100.0,600.0,1000.0,41.6,41.6,16602.043328,84.68914,65.0,5030.534916,29108.04327,0.0,0.0,0.0,0.0,0.0
738,711.642865,150.0,45.0,100.0,416.64286,0.0,150.0,45.0,100.0,600.0,1000.0,41.6,41.6,19722.342976,76.93028,65.0,4569.658632,29604.343167,0.0,0.0,0.0,0.0,0.0
739,699.332515,50.0,60.0,100.0,489.33252,0.0,50.0,60.0,100.0,600.0,1000.0,60.0,41.6,22676.232832,87.68966,100.0,4317.765804,41959.950912,0.0,0.0,0.0,0.0,0.0
740,662.151182,0.0,60.0,100.0,489.33252,12.818667,0.0,60.0,100.0,600.0,1000.0,142.0,76.0,23600.451524,12.818667,50.0,423.016011,94025.467816,0.0,0.0,0.0,0.0,0.0
741,637.122611,0.0,90.0,100.0,447.12261,0.0,0.0,90.0,100.0,600.0,1000.0,41.6,41.6,20930.300576,30.0,55.028577,2930.284665,26504.300609,0.0,0.0,0.0,0.0,0.0
742,615.885404,0.0,120.0,100.0,395.8854,0.0,0.0,120.0,100.0,600.0,1000.0,41.6,41.6,18858.83264,30.0,51.23721,3043.490274,25620.832823,0.0,0.0,0.0,0.0,0.0
743,568.414547,0.0,150.0,100.0,318.41455,0.0,0.0,150.0,100.0,600.0,1000.0,21.8,41.6,15696.04528,30.0,77.47085,4601.76849,12391.43712,0.0,0.0,0.0,0.0,0.0
744,530.973658,0.0,112.55911,100.0,318.41455,0.0,0.0,225.0,100.0,600.0,1000.0,2.0,41.6,15621.1635,0.0,37.44089,0.0,1061.947316,0.0,0.0,0.0,0.0,112.44089
