Hour,Demand (MWh),Plant 1 (MWh),Plant 2 (MWh),Plant 3 (MWh),Plant 4 (MWh),Plant 5 (MWh),Plant 1 Available (MWh),Plant 2 Available (MWh),Plant 3 Available (MWh),Plant 4 Available (MWh),Plant 5 Available (MWh),Clearing Price ($/MWh),Highest Running Cost ($/MWh),Production Cost ($),Ramp Up (MWh),Ramp Down (MWh),Ramp Cost ($),Market Cost ($),Unserved Energy (MWh),Unserved Cost ($),Spill (MWh),Spill Cost ($),Curtailment (MWh)
1,435.457214,0.0,300.0,100.0,35.457214,0.0,0.0,300.0,100.0,600.0,1000.0,41.6,41.6,3925.020102,0.0,0.0,0.0,18115.020102,0.0,0.0,0.0,0.0,0.0
2,422.303309,0.0,250.0,100.0,72.303309,0.0,0.0,250.0,100.0,600.0,1000.0,41.6,41.6,5407.817654,36.846095,50.0,0.0,17567.817646,0.0,0.0,0.0,0.0,0.0
3,409.807563,0.0,225.0,100.0,84.807563,0.0,0.0,225.0,100.0,600.0,1000.0,41.6,41.6,5902.994621,12.504254,25.0,0.0,17047.994621,0.0,0.0,0.0,0.0,0.0
4,405.181912,0.0,225.0,100.0,80.181912,0.0,0.0,225.0,100.0,600.0,1000.0,41.6,41.6,5710.567539,0.0,4.625651,0.0,16855.567548,0.0,0.0,0.0,0.0,0.0
5,400.07423,0.0,225.0,100.0,75.07423,0.0,0.0,225.0,100.0,600.0,1000.0,41.6,41.6,5498.087968,0.0,5.107682,0.0,16643.08796,0.0,0.0,0.0,0.0,0.0
6,385.205404,0.0,200.0,100.0,85.205404,0.0,0.0,200.0,100.0,600.0,1000.0,41.6,41.6,5894.544806,10.131174,25.0,0.0,16024.544815,0.0,0.0,0.0,0.0,0.0
7,384.491626,70.0,200.0,75.0,39.491626,0.0,70.0,200.0,100.0,600.0,1000.0,41.6,41.6,3490.351642,70.0,70.713778,0.0,15994.85165,0.0,0.0,0.0,0.0,0.0
8,391.629404,140.0,200.0,50.0,1.629404,0.0,140.0,200.0,100.0,600.0,1000.0,41.6,41.6,1412.783223,70.0,62.862222,0.0,16291.783223,0.0,0.0,0.0,0.0,0.0
9,411.856198,210.0,176.8562,25.0,0.0,0.0,210.0,200.0,100.0,600.0,1000.0,1.0,21.5,819.3562,70.0,49.773204,0.0,411.856198,0.0,0.0,0.0,0.0,23.1438
10,436.133912,350.0,86.133912,0.0,0.0,0.0,350.0,175.0,100.0,600.0,1000.0,1.0,1.0,261.133912,140.0,115.722288,0.0,436.133912,0.0,0.0,0.0,0.0,88.866088
11,464.981658,420.0,44.981658,0.0,0.0,0.0,420.0,175.0,100.0,600.0,1000.0,1.0,1.0,254.981658,70.0,41.152254,0.0,464.981658,0.0,0.0,0.0,0.0,130.018342
12,477.829658,477.82966,0.0,0.0,0.0,0.0,525.0,150.0,100.0,600.0,1000.0,0.5,0.5,238.91483,57.82966,44.981658,0.0,238.914829,0.0,0.0,0.0,0.0,197.17034
13,478.265341,478.26534,0.0,0.0,0.0,0.0,630.0,150.0,100.0,600.0,1000.0,0.5,0.5,239.13267,0.43568,0.0,0.0,239.13267,0.0,0.0,0.0,0.0,301.73466
14,477.857468,477.85747,0.0,0.0,0.0,0.0,490.0,150.0,100.0,600.0,1000.0,0.5,0.5,238.928735,0.0,0.40787,0.0,238.928734,0.0,0.0,0.0,0.0,162.14253
15,483.345214,420.0,60.440635,2.904579,0.0,0.0,420.0,125.0,100.0,600.0,1000.0,1.0,21.5,332.889079,63.345214,57.85747,0.0,483.345214,0.0,0.0,0.0,0.0,64.559365
16,502.904579,350.0,125.0,27.904579,0.0,0.0,350.0,125.0,100.0,600.0,1000.0,1.8,21.5,899.948448,89.559365,70.0,0.0,905.228242,0.0,0.0,0.0,0.0,0.0
17,532.280706,280.0,100.0,52.904579,99.376127,0.0,280.0,100.0,100.0,600.0,1000.0,41.6,41.6,5511.495332,124.376127,95.0,0.0,22142.87737,0.0,0.0,0.0,0.0,0.0
18,544.646674,210.0,75.0,77.904579,181.7421,0.0,210.0,75.0,100.0,600.0,1000.0,41.6,41.6,9415.419808,107.365973,95.0,0.0,22657.301647,0.0,0.0,0.0,0.0,0.0
19,535.53442,70.0,100.0,100.0,265.53442,0.0,70.0,100.0,100.0,600.0,1000.0,41.6,41.6,13331.231872,130.887741,140.0,0.0,22278.23188,0.0,0.0,0.0,0.0,0.0
20,517.625087,0.0,100.0,100.0,317.62509,0.0,0.0,100.0,100.0,600.0,1000.0,41.6,41.6,15463.203744,52.09067,70.0,0.0,21533.203611,0.0,0.0,0.0,0.0,0.0
21,508.10496,0.0,150.0,100.0,258.10496,0.0,0.0,150.0,100.0,600.0,1000.0,41.6,41.6,13037.166336,50.0,59.52013,0.0,21137.166336,0.0,0.0,0.0,0.0,0.0
22,507.391182,0.0,200.0,100.0,207.39118,0.0,0.0,200.0,100.0,600.0,1000.0,41.6,41.6,10977.473088,50.0,50.71378,0.0,21107.473171,0.0,0.0,0.0,0.0,0.0
23,477.227119,0.0,250.0,100.0,127.22712,0.0,0.0,250.0,100.0,600.0,1000.0,41.6,41.6,7692.648192,50.0,80.16406,0.0,19852.648134,0.0,0.0,0.0,0.0,0.0
24,449.491753,0.0,374.49175,75.0,0.0,0.0,0.0,375.0,100.0,600.0,1000.0,1.0,21.5,1986.99175,124.49175,152.22712,0.0,449.491753,0.0,0.0,0.0,0.0,0.50825
25,432.240579,0.0,300.0,100.0,32.240579,0.0,0.0,300.0,100.0,600.0,1000.0,41.6,41.6,3791.208086,57.240579,74.49175,0.0,17981.208086,0.0,0.0,0.0,0.0,0.0
26,426.048325,0.0,250.0,100.0,76.048325,0.0,0.0,250.0,100.0,600.0,1000.0,41.6,41.6,5563.61032,43.807746,50.0,0.0,17723.610303,0.0,0.0,0.0,0.0,0.0
27,427.309023,0.0,225.0,100.0,102.30902,0.0,0.0,225.0,100.0,600.0,1000.0,41.6,41.6,6631.055232,26.260695,25.0,0.0,17776.055357,0.0,0.0,0.0,0.0,0.0
28,435.800198,0.0,225.0,100.0,110.8002,0.0,0.0,225.0,100.0,600.0,1000.0,41.6,41.6,6984.28832,8.49118,0.0,0.0,18129.288228,0.0,0.0,0.0,0.0,0.0
29,454.145214,0.0,225.0,100.0,129.14521,0.0,0.0,225.0,100.0,600.0,1000.0,41.6,41.6,7747.440736,18.34501,0.0,0.0,18892.440902,0.0,0.0,0.0,0.0,0.0
30,497.518801,0.0,200.0,100.0,197.5188,0.0,0.0,200.0,100.0,600.0,1000.0,41.6,41.6,10566.78208,68.37359,25.0,0.0,20696.78213,0.0,0.0,0.0,0.0,0.0
31,546.000071,70.0,200.0,100.0,176.00007,0.0,70.0,200.0,100.0,600.0,1000.0,41.6,41.6,9706.602912,70.0,21.51873,0.0,22713.602945,0.0,0.0,0.0,0.0,0.0
32,577.869785,140.0,200.0,100.0,137.86979,0.0,140.0,200.0,100.0,600.0,1000.0,41.6,41.6,8155.383264,70.0,38.13028,0.0,24039.383073,0.0,0.0,0.0,0.0,0.0
33,590.838293,210.0,200.0,75.0,105.83829,0.0,210.0,200.0,100.0,600.0,1000.0,41.6,41.6,6320.372864,70.0,57.0315,0.0,24578.873005,0.0,0.0,0.0,0.0,0.0
34,604.872833,350.0,175.0,50.0,29.872833,0.0,350.0,175.0,100.0,600.0,1000.0,41.6,41.6,2667.709853,140.0,125.965457,0.0,25162.709844,0.0,0.0,0.0,0.0,0.0
35,617.32223,420.0,172.32223,25.0,0.0,0.0,420.0,175.0,100.0,600.0,1000.0,1.0,21.5,919.82223,70.0,57.550603,0.0,617.32223,0.0,0.0,0.0,0.0,2.67777
36,623.069531,525.0,98.069531,0.0,0.0,0.0,525.0,150.0,100.0,600.0,1000.0,1.0,1.0,360.569531,105.0,99.252699,0.0,623.069531,0.0,0.0,0.0,0.0,51.930469
37,618.073087,618.07309,0.0,0.0,0.0,0.0,630.0,150.0,100.0,600.0,1000.0,0.5,0.5,309.036545,93.07309,98.069531,0.0,309.036543,0.0,0.0,0.0,0.0,161.92691
38,613.465976,490.0,98.465976,25.0,0.0,0.0,490.0,150.0,100.0,600.0,1000.0,1.0,21.5,880.965976,123.465976,128.07309,0.0,613.465976,0.0,0.0,0.0,0.0,51.534024
39,611.751055,420.0,125.0,50.0,16.751055,0.0,420.0,125.0,100.0,600.0,1000.0,41.6,41.6,2106.843888,68.285079,70.0,0.0,25448.843896,0.0,0.0,0.0,0.0,0.0
40,622.911944,350.0,125.0,75.0,72.911944,0.0,350.0,125.0,100.0,600.0,1000.0,41.6,41.6,4945.63687,81.160889,70.0,0.0,25913.136862,0.0,0.0,0.0,0.0,0.0
41,651.481595,280.0,100.0,100.0,171.48159,0.0,280.0,100.0,100.0,600.0,1000.0,41.6,41.6,9523.634144,123.569646,95.0,0.0,27101.634344,0.0,0.0,0.0,0.0,0.0
42,652.31588,210.0,75.0,100.0,267.31588,0.0,210.0,75.0,100.0,600.0,1000.0,41.6,41.6,13450.340608,95.83429,95.0,0.0,27136.340625,0.0,0.0,0.0,0.0,0.0
43,635.092516,70.0,100.0,100.0,365.09252,0.0,70.0,100.0,100.0,600.0,1000.0,41.6,41.6,17472.848832,122.77664,140.0,0.0,26419.848649,0.0,0.0,0.0,0.0,0.0
44,598.180007,0.0,100.0,100.0,398.18001,0.0,0.0,100.0,100.0,600.0,1000.0,41.6,41.6,18814.288416,33.08749,70.0,0.0,24884.288308,0.0,0.0,0.0,0.0,0.0
45,573.281214,0.0,150.0,100.0,323.28121,0.0,0.0,150.0,100.0,600.0,1000.0,41.6,41.6,15748.498336,50.0,74.8988,0.0,23848.498502,0.0,0.0,0.0,0.0,0.0
46,561.489976,0.0,200.0,100.0,261.48998,0.0,0.0,200.0,100.0,600.0,1000.0,41.6,41.6,13227.983168,50.0,61.79123,0.0,23357.982985,0.0,0.0,0.0,0.0,0.0
47,523.641214,0.0,250.0,100.0,173.64121,0.0,0.0,250.0,100.0,600.0,1000.0,41.6,41.6,9623.474336,50.0,87.84877,0.0,21783.474486,0.0,0.0,0.0,0.0,0.0
48,492.624325,0.0,375.0,100.0,17.624325,0.0,0.0,375.0,100.0,600.0,1000.0,41.6,41.6,3258.17192,125.0,156.016885,0.0,20493.171903,0.0,0.0,0.0,0.0,0.0
49,471.757912,0.0,300.0,100.0,71.757912,0.0,0.0,300.0,100.0,600.0,1000.0,41.6,41.6,5435.129139,54.133587,75.0,0.0,19625.129148,0.0,0.0,0.0,0.0,0.0
50,460.439436,0.0,250.0,100.0,110.43944,0.0,0.0,250.0,100.0,600.0,1000.0,41.6,41.6,6994.280704,38.681528,50.0,0.0,19154.280538,0.0,0.0,0.0,0.0,0.0
51,458.140516,0.0,225.0,100.0,133.14052,0.0,0.0,225.0,100.0,600.0,1000.0,41.6,41.6,7913.645632,22.70108,25.0,0.0,19058.645449,0.0,0.0,0.0,0.0,0.0
52,467.846039,0.0,225.0,100.0,142.84604,0.0,0.0,225.0,100.0,600.0,1000.0,41.6,41.6,8317.395264,9.70552,0.0,0.0,19462.395239,0.0,0.0,0.0,0.0,0.0
53,484.874738,0.0,225.0,100.0,159.87474,0.0,0.0,225.0,100.0,600.0,1000.0,41.6,41.6,9025.789184,17.0287,0.0,0.0,20170.789092,0.0,0.0,0.0,0.0,0.0
54,523.455817,0.0,200.0,100.0,223.45582,0.0,0.0,200.0,100.0,600.0,1000.0,41.6,41.6,11645.762112,63.58108,25.0,0.0,21775.761996,0.0,0.0,0.0,0.0,0.0
55,570.630039,70.0,200.0,100.0,200.63004,0.0,70.0,200.0,100.0,600.0,1000.0,41.6,41.6,10731.209664,70.0,22.82578,0.0,23738.209622,0.0,0.0,0.0,0.0,0.0
56,597.679436,140.0,200.0,100.0,157.67944,0.0,140.0,200.0,100.0,600.0,1000.0,41.6,41.6,8979.464704,70.0,42.9506,0.0,24863.464529,0.0,0.0,0.0,0.0,0.0
57,613.855309,210.0,200.0,100.0,103.85531,0.0,210.0,200.0,100.0,600.0,1000.0,41.6,41.6,6775.380896,70.0,53.82413,0.0,25536.380863,0.0,0.0,0.0,0.0,0.0
58,631.838801,350.0,175.0,79.025087,27.813714,0.0,350.0,175.0,100.0,600.0,1000.0,41.6,41.6,3206.089873,140.0,122.016509,0.0,26284.494113,0.0,0.0,0.0,0.0,0.0
59,649.025087,420.0,175.0,54.025087,0.0,0.0,420.0,175.0,100.0,600.0,1000.0,22.7,21.5,1546.53937,70.0,52.813714,0.0,14732.86947,0.0,0.0,0.0,0.0,0.0
60,650.137468,525.0,96.112381,29.025087,0.0,0.0,525.0,150.0,100.0,600.0,1000.0,1.0,21.5,982.651752,105.0,103.887619,0.0,650.137468,0.0,0.0,0.0,0.0,53.887619
61,642.610357,630.0,8.58527,4.025087,0.0,0.0,630.0,150.0,100.0,600.0,1000.0,1.0,21.5,410.124636,105.0,112.527111,0.0,642.610357,0.0,0.0,0.0,0.0,141.41473
62,629.966293,490.0,110.94121,29.025087,0.0,0.0,490.0,150.0,100.0,600.0,1000.0,1.0,21.5,979.980581,127.35594,140.0,0.0,629.966293,0.0,0.0,0.0,0.0,39.05879
63,623.959436,420.0,125.0,54.025087,24.934349,0.0,420.0,125.0,100.0,600.0,1000.0,41.6,41.6,2533.808289,63.993139,70.0,0.0,25956.712529,0.0,0.0,0.0,0.0,0.0
64,629.873595,350.0,125.0,79.025087,75.848508,0.0,350.0,125.0,100.0,600.0,1000.0,41.6,41.6,5154.337303,75.914159,70.0,0.0,26202.741552,0.0,0.0,0.0,0.0,0.0
65,651.036643,280.0,100.0,100.0,171.03664,0.0,280.0,100.0,100.0,600.0,1000.0,41.6,41.6,9505.124224,116.163045,95.0,0.0,27083.124332,0.0,0.0,0.0,0.0,0.0
66,649.015817,210.0,75.0,100.0,264.01582,0.0,210.0,75.0,100.0,600.0,1000.0,41.6,41.6,13313.058112,92.97918,95.0,0.0,26999.057979,0.0,0.0,0.0,0.0,0.0
67,629.039309,70.0,100.0,100.0,359.03931,0.0,70.0,100.0,100.0,600.0,1000.0,41.6,41.6,17221.035296,120.02349,140.0,0.0,26168.035246,0.0,0.0,0.0,0.0,0.0
68,592.312198,0.0,100.0,100.0,392.3122,0.0,0.0,100.0,100.0,600.0,1000.0,41.6,41.6,18570.18752,33.27289,70.0,0.0,24640.18742,0.0,0.0,0.0,0.0,0.0
69,571.362356,0.0,150.0,100.0,321.36236,0.0,0.0,150.0,100.0,600.0,1000.0,41.6,41.6,15668.674176,50.0,70.94984,0.0,23768.674026,0.0,0.0,0.0,0.0,0.0
70,556.623309,0.0,200.0,100.0,256.62331,0.0,0.0,200.0,100.0,600.0,1000.0,41.6,41.6,13025.529696,50.0,64.73905,0.0,23155.529654,0.0,0.0,0.0,0.0,0.0
71,514.176706,0.0,250.0,100.0,164.17671,0.0,0.0,250.0,100.0,600.0,1000.0,41.6,41.6,9229.751136,50.0,92.4466,0.0,21389.750953,0.0,0.0,0.0,0.0,0.0
72,482.835373,0.0,375.0,100.0,7.835373,0.0,0.0,375.0,100.0,600.0,1000.0,41.6,41.6,2850.9515,125.0,156.341337,0.0,20085.9515,0.0,0.0,0.0,0.0,0.0
73,457.788262,0.0,300.0,100.0,57.788262,0.0,0.0,300.0,100.0,600.0,1000.0,41.6,41.6,4853.991699,49.952889,75.0,0.0,19043.991683,0.0,0.0,0.0,0.0,0.0
74,448.268134,0.0,250.0,100.0,98.268134,0.0,0.0,250.0,100.0,600.0,1000.0,41.6,41.6,6487.954374,40.479872,50.0,0.0,18647.954383,0.0,0.0,0.0,0.0,0.0
75,451.985341,0.0,225.0,100.0,126.98534,0.0,0.0,225.0,100.0,600.0,1000.0,41.6,41.6,7657.590144,28.717206,25.0,0.0,18802.590169,0.0,0.0,0.0,0.0,0.0
76,463.12769,0.0,225.0,100.0,138.12769,0.0,0.0,225.0,100.0,600.0,1000.0,41.6,41.6,8121.111904,11.14235,0.0,0.0,19266.111896,0.0,0.0,0.0,0.0,0.0
77,486.765785,0.0,225.0,100.0,161.76579,0.0,0.0,225.0,100.0,600.0,1000.0,41.6,41.6,9104.456864,23.6381,0.0,0.0,20249.456673,0.0,0.0,0.0,0.0,0.0
78,533.884388,0.0,200.0,100.0,233.88439,0.0,0.0,200.0,100.0,600.0,1000.0,41.6,41.6,12079.590624,72.1186,25.0,0.0,22209.590557,0.0,0.0,0.0,0.0,0.0
79,583.283372,70.0,200.0,100.0,213.28337,0.0,70.0,200.0,100.0,600.0,1000.0,41.6,41.6,11257.588192,70.0,20.60102,0.0,24264.588292,0.0,0.0,0.0,0.0,0.0
80,615.866864,140.0,200.0,100.0,175.86686,0.0,140.0,200.0,100.0,600.0,1000.0,41.6,41.6,9736.061376,70.0,37.41651,0.0,25620.061559,0.0,0.0,0.0,0.0,0.0
81,633.69277,210.0,200.0,100.0,123.69277,0.0,210.0,200.0,100.0,600.0,1000.0,41.6,41.6,7600.619232,70.0,52.17409,0.0,26361.619215,0.0,0.0,0.0,0.0,0.0
82,650.721468,350.0,175.0,97.342293,28.379175,0.0,350.0,175.0,100.0,600.0,1000.0,41.6,41.6,3623.43298,140.0,122.971302,0.0,27070.013069,0.0,0.0,0.0,0.0,0.0
83,667.342293,420.0,175.0,72.342293,0.0,0.0,420.0,175.0,100.0,600.0,1000.0,23.2,21.5,1940.3593,70.0,53.379175,0.0,15482.341198,0.0,0.0,0.0,0.0,0.0
84,665.441975,525.0,93.099682,47.342293,0.0,0.0,525.0,150.0,100.0,600.0,1000.0,1.0,21.5,1373.458982,105.0,106.900318,0.0,665.441975,0.0,0.0,0.0,0.0,56.900318
85,645.33569,622.9934,0.0,22.342293,0.0,0.0,630.0,150.0,100.0,600.0,1000.0,0.5,21.5,791.856,97.9934,118.099682,0.0,322.667845,0.0,0.0,0.0,0.0,157.0066
86,627.79715,490.0,90.454857,47.342293,0.0,0.0,490.0,150.0,100.0,600.0,1000.0,1.0,21.5,1353.314156,115.454857,132.9934,0.0,627.79715,0.0,0.0,0.0,0.0,59.545143
87,621.317531,420.0,125.0,72.342293,3.975238,0.0,420.0,125.0,100.0,600.0,1000.0,41.6,41.6,2055.729217,63.520381,70.0,0.0,25846.809306,0.0,0.0,0.0,0.0,0.0
88,626.703309,350.0,125.0,97.342293,54.361016,0.0,350.0,125.0,100.0,600.0,1000.0,41.6,41.6,4654.277565,75.385778,70.0,0.0,26070.857654,0.0,0.0,0.0,0.0,0.0
89,643.129468,280.0,100.0,100.0,163.12947,0.0,280.0,100.0,100.0,600.0,1000.0,41.6,41.6,9176.185952,111.426161,95.0,0.0,26754.185852,0.0,0.0,0.0,0.0,0.0
90,637.521214,210.0,75.0,100.0,252.52121,0.0,210.0,75.0,100.0,600.0,1000.0,41.6,41.6,12834.882336,89.39174,95.0,0.0,26520.882486,0.0,0.0,0.0,0.0,0.0
91,616.617722,70.0,100.0,100.0,346.61772,0.0,70.0,100.0,100.0,600.0,1000.0,41.6,41.6,16704.297152,119.09651,140.0,0.0,25651.297227,0.0,0.0,0.0,0.0,0.0
92,580.678547,0.0,100.0,100.0,380.67855,0.0,0.0,100.0,100.0,600.0,1000.0,41.6,41.6,18086.22768,34.06083,70.0,0.0,24156.227547,0.0,0.0,0.0,0.0,0.0
93,558.30115,0.0,150.0,100.0,308.30115,0.0,0.0,150.0,100.0,600.0,1000.0,41.6,41.6,15125.32784,50.0,72.3774,0.0,23225.327848,0.0,0.0,0.0,0.0,0.0
94,543.812389,0.0,200.0,100.0,243.81239,0.0,0.0,200.0,100.0,600.0,1000.0,41.6,41.6,12492.595424,50.0,64.48876,0.0,22622.595366,0.0,0.0,0.0,0.0,0.0
95,511.0435,0.0,250.0,100.0,161.0435,0.0,0.0,250.0,100.0,600.0,1000.0,41.6,41.6,9099.4096,50.0,82.76889,0.0,21259.409583,0.0,0.0,0.0,0.0,0.0
96,476.383563,0.0,375.0,100.0,1.383563,0.0,0.0,375.0,100.0,600.0,1000.0,41.6,41.6,2582.556221,125.0,159.659937,0.0,19817.556221,0.0,0.0,0.0,0.0,0.0
97,456.286547,0.0,300.0,100.0,56.286547,0.0,0.0,300.0,100.0,600.0,1000.0,41.6,41.6,4791.520355,54.902984,75.0,0.0,18981.520347,0.0,0.0,0.0,0.0,0.0
98,445.895055,0.0,250.0,100.0,95.895055,0.0,0.0,250.0,100.0,600.0,1000.0,41.6,41.6,6389.234288,39.608508,50.0,0.0,18549.234288,0.0,0.0,0.0,0.0,0.0
99,447.34115,0.0,225.0,100.0,122.34115,0.0,0.0,225.0,100.0,600.0,1000.0,41.6,41.6,7464.39184,26.446095,25.0,0.0,18609.391857,0.0,0.0,0.0,0.0,0.0
100,453.487055,0.0,225.0,100.0,128.48705,0.0,0.0,225.0,100.0,600.0,1000.0,41.6,41.6,7720.06128,6.1459,0.0,0.0,18865.06148,0.0,0.0,0.0,0.0,0.0
101,455.164896,0.0,225.0,100.0,130.1649,0.0,0.0,225.0,100.0,600.0,1000.0,41.6,41.6,7789.85984,1.67785,0.0,0.0,18934.859674,0.0,0.0,0.0,0.0,0.0
102,458.372261,0.0,200.0,100.0,158.37226,0.0,0.0,200.0,100.0,600.0,1000.0,41.6,41.6,8938.286016,28.20736,25.0,0.0,19068.286074,0.0,0.0,0.0,0.0,0.0
103,484.939627,70.0,200.0,100.0,114.93963,0.0,70.0,200.0,100.0,600.0,1000.0,41.6,41.6,7166.488608,70.0,43.43263,0.0,20173.488467,0.0,0.0,0.0,0.0,0.0
104,519.553214,140.0,200.0,100.0,79.553214,0.0,140.0,200.0,100.0,600.0,1000.0,41.6,41.6,5729.413702,70.0,35.386416,0.0,21613.413694,0.0,0.0,0.0,0.0,0.0
105,551.358039,210.0,200.0,75.0,66.358039,0.0,210.0,200.0,100.0,600.0,1000.0,41.6,41.6,4677.994422,70.0,38.195175,0.0,22936.494422,0.0,0.0,0.0,0.0,0.0
106,577.276516,350.0,175.0,50.0,2.276516,0.0,350.0,175.0,100.0,600.0,1000.0,41.6,41.6,1519.703049,140.0,114.081523,0.0,24014.703049,0.0,0.0,0.0,0.0,0.0
107,595.195118,420.0,150.19512,25.0,0.0,0.0,420.0,175.0,100.0,600.0,1000.0,1.0,21.5,897.69512,70.0,52.081396,0.0,595.195118,0.0,0.0,0.0,0.0,24.80488
108,597.160325,525.0,72.160325,0.0,0.0,0.0,525.0,150.0,100.0,600.0,1000.0,1.0,1.0,334.660325,105.0,103.034795,0.0,597.160325,0.0,0.0,0.0,0.0,77.839675
109,587.019119,587.01912,0.0,0.0,0.0,0.0,630.0,150.0,100.0,600.0,1000.0,0.5,0.5,293.50956,62.01912,72.160325,0.0,293.509559,0.0,0.0,0.0,0.0,192.98088
110,575.774801,490.0,80.54692,5.22788,0.0,0.0,490.0,150.0,100.0,600.0,1000.0,1.0,21.5,437.946349,85.7748,97.01912,0.0,575.774801,0.0,0.0,0.0,0.0,69.45308
111,575.22788,420.0,125.0,30.22788,0.0,0.0,420.0,125.0,100.0,600.0,1000.0,1.8,21.5,984.89942,69.45308,70.0,0.0,1035.410185,0.0,0.0,0.0,0.0,0.0
112,589.642484,350.0,125.0,55.22788,59.414603,0.0,350.0,125.0,100.0,600.0,1000.0,41.6,41.6,3959.046905,84.414603,70.0,0.0,24529.127326,0.0,0.0,0.0,0.0,0.0
113,618.582928,280.0,100.0,80.22788,158.35505,0.0,280.0,100.0,100.0,600.0,1000.0,41.6,41.6,8552.4695,123.940447,95.0,0.0,25733.049813,0.0,0.0,0.0,0.0,0.0
114,622.53188,210.0,75.0,100.0,237.53188,0.0,210.0,75.0,100.0,600.0,1000.0,41.6,41.6,12211.326208,98.94895,95.0,0.0,25897.326225,0.0,0.0,0.0,0.0,0.0
115,606.003754,70.0,100.0,100.0,336.00375,0.0,70.0,100.0,100.0,600.0,1000.0,41.6,41.6,16262.756,123.47187,140.0,0.0,25209.75615,0.0,0.0,0.0,0.0,0.0
116,575.83042,0.0,100.0,100.0,375.83042,0.0,0.0,100.0,100.0,600.0,1000.0,41.6,41.6,17884.545472,39.82667,70.0,0.0,23954.54548,0.0,0.0,0.0,0.0,0.0
117,556.808706,0.0,150.0,100.0,306.80871,0.0,0.0,150.0,100.0,600.0,1000.0,41.6,41.6,15063.242336,50.0,69.02171,0.0,23163.24217,0.0,0.0,0.0,0.0,0.0
118,553.267627,0.0,200.0,100.0,253.26763,0.0,0.0,200.0,100.0,600.0,1000.0,41.6,41.6,12885.933408,50.0,53.54108,0.0,23015.933267,0.0,0.0,0.0,0.0,0.0
119,522.185849,0.0,250.0,100.0,172.18585,0.0,0.0,250.0,100.0,600.0,1000.0,41.6,41.6,9562.93136,50.0,81.08178,0.0,21722.93131,0.0,0.0,0.0,0.0,0.0
120,481.305848,0.0,375.0,100.0,6.305848,0.0,0.0,375.0,100.0,600.0,1000.0,41.6,41.6,2787.323293,125.0,165.880002,0.0,20022.323293,0.0,0.0,0.0,0.0,0.0
121,452.995753,0.0,300.0,100.0,52.995753,0.0,0.0,300.0,100.0,600.0,1000.0,41.6,41.6,4654.623325,46.689905,75.0,0.0,18844.623333,0.0,0.0,0.0,0.0,0.0
122,442.873087,0.0,250.0,100.0,92.873087,0.0,0.0,250.0,100.0,600.0,1000.0,41.6,41.6,6263.520419,39.877334,50.0,0.0,18423.520403,0.0,0.0,0.0,0.0,0.0
123,443.206801,0.0,225.0,100.0,118.2068,0.0,0.0,225.0,100.0,600.0,1000.0,41.6,41.6,7292.40288,25.333713,25.0,0.0,18437.40293,0.0,0.0,0.0,0.0,0.0
124,444.105976,0.0,225.0,100.0,119.10598,0.0,0.0,225.0,100.0,600.0,1000.0,41.6,41.6,7329.808768,0.89918,0.0,0.0,18474.808585,0.0,0.0,0.0,0.0,0.0
125,436.912579,0.0,225.0,100.0,111.91258,0.0,0.0,225.0,100.0,600.0,1000.0,41.6,41.6,7030.563328,0.0,7.1934,0.0,18175.56327,0.0,0.0,0.0,0.0,0.0
126,428.05988,0.0,200.0,100.0,128.05988,0.0,0.0,200.0,100.0,600.0,1000.0,41.6,41.6,7677.291008,16.1473,25.0,0.0,17807.291025,0.0,0.0,0.0,0.0,0.0
127,440.416579,70.0,200.0,100.0,70.416579,0.0,70.0,200.0,100.0,600.0,1000.0,41.6,41.6,5314.329686,70.0,57.643301,0.0,18321.32967,0.0,0.0,0.0,0.0,0.0
128,466.761468,140.0,200.0,75.0,51.761468,0.0,140.0,200.0,100.0,600.0,1000.0,41.6,41.6,4035.777069,70.0,43.655111,0.0,19417.277069,0.0,0.0,0.0,0.0,0.0
129,496.350801,210.0,200.0,50.0,36.350801,0.0,210.0,200.0,100.0,600.0,1000.0,41.6,41.6,2892.193322,70.0,40.410667,0.0,20648.193322,0.0,0.0,0.0,0.0,0.0
130,521.870674,350.0,146.87067,25.0,0.0,0.0,350.0,175.0,100.0,600.0,1000.0,1.0,21.5,859.37067,140.0,114.480131,0.0,521.870674,0.0,0.0,0.0,0.0,28.12933
131,550.15296,420.0,130.15296,0.0,0.0,0.0,420.0,175.0,100.0,600.0,1000.0,1.0,1.0,340.15296,70.0,41.71771,0.0,550.15296,0.0,0.0,0.0,0.0,44.84704
132,553.230547,525.0,28.230547,0.0,0.0,0.0,525.0,150.0,100.0,600.0,1000.0,1.0,1.0,290.730547,105.0,101.922413,0.0,553.230547,0.0,0.0,0.0,0.0,121.769453
133,536.758039,536.75804,0.0,0.0,0.0,0.0,630.0,150.0,100.0,600.0,1000.0,0.5,0.5,268.37902,11.75804,28.230547,0.0,268.37902,0.0,0.0,0.0,0.0,243.24196
134,525.272706,490.0,35.272706,0.0,0.0,0.0,490.0,150.0,100.0,600.0,1000.0,1.0,1.0,280.272706,35.272706,46.75804,0.0,525.272706,0.0,0.0,0.0,0.0,114.727294
135,526.125531,420.0,81.125531,25.0,0.0,0.0,420.0,125.0,100.0,600.0,1000.0,1.0,21.5,828.625531,70.852825,70.0,0.0,526.125531,0.0,0.0,0.0,0.0,43.874469
136,547.594484,350.0,125.0,50.0,22.594484,0.0,350.0,125.0,100.0,600.0,1000.0,41.6,41.6,2314.930534,91.468953,70.0,0.0,22779.930526,0.0,0.0,0.0,0.0,0.0
137,580.317023,280.0,100.0,75.0,125.31702,0.0,280.0,100.0,100.0,600.0,1000.0,41.6,41.6,7065.688032,127.722536,95.0,0.0,24141.188173,0.0,0.0,0.0,0.0,0.0
138,592.228769,210.0,75.0,100.0,207.22877,0.0,210.0,75.0,100.0,600.0,1000.0,41.6,41.6,10950.716832,106.91175,95.0,0.0,24636.716807,0.0,0.0,0.0,0.0,0.0
139,581.957785,70.0,100.0,100.0,311.95779,0.0,70.0,100.0,100.0,600.0,1000.0,41.6,41.6,15262.444064,129.72902,140.0,0.0,24209.443864,0.0,0.0,0.0,0.0,0.0
140,560.405404,0.0,100.0,100.0,360.4054,0.0,0.0,100.0,100.0,600.0,1000.0,41.6,41.6,17242.86464,48.44761,70.0,0.0,23312.864815,0.0,0.0,0.0,0.0,0.0
141,550.431055,0.0,150.0,100.0,300.43106,0.0,0.0,150.0,100.0,600.0,1000.0,41.6,41.6,14797.932096,50.0,59.97434,0.0,22897.931896,0.0,0.0,0.0,0.0,0.0
142,551.367309,0.0,200.0,100.0,251.36731,0.0,0.0,200.0,100.0,600.0,1000.0,41.6,41.6,12806.880096,50.0,49.06375,0.0,22936.880054,0.0,0.0,0.0,0.0,0.0
143,516.503436,0.0,250.0,100.0,166.50344,0.0,0.0,250.0,100.0,600.0,1000.0,41.6,41.6,9326.543104,50.0,84.86387,0.0,21486.542938,0.0,0.0,0.0,0.0,0.0
144,484.031182,0.0,375.0,100.0,9.031182,0.0,0.0,375.0,100.0,600.0,1000.0,41.6,41.6,2900.69718,125.0,157.472258,0.0,20135.69718,0.0,0.0,0.0,0.0,0.0
145,464.963119,0.0,300.0,100.0,64.963119,0.0,0.0,300.0,100.0,600.0,1000.0,41.6,41.6,5152.46575,55.931937,75.0,0.0,19342.465734,0.0,0.0,0.0,0.0,0.0
146,461.171753,0.0,250.0,100.0,111.17175,0.0,0.0,250.0,100.0,600.0,1000.0,41.6,41.6,7024.7448,46.208631,50.0,0.0,19184.744941,0.0,0.0,0.0,0.0,0.0
147,467.048833,0.0,225.0,100.0,142.04883,0.0,0.0,225.0,100.0,600.0,1000.0,41.6,41.6,8284.231328,30.87708,25.0,0.0,19429.231436,0.0,0.0,0.0,0.0,0.0
148,486.311563,0.0,225.0,100.0,161.31156,0.0,0.0,225.0,100.0,600.0,1000.0,41.6,41.6,9085.560896,19.26273,0.0,0.0,20230.561029,0.0,0.0,0.0,0.0,0.0
149,524.957531,0.0,225.0,100.0,199.95753,0.0,0.0,225.0,100.0,600.0,1000.0,41.6,41.6,10693.233248,38.64597,0.0,0.0,21838.233306,0.0,0.0,0.0,0.0,0.0
150,601.415182,0.0,200.0,100.0,301.41518,0.0,0.0,200.0,100.0,600.0,1000.0,41.6,41.6,14888.871488,101.45765,25.0,0.0,25018.87158,0.0,0.0,0.0,0.0,0.0
151,674.452261,70.0,200.0,100.0,304.45226,0.0,70.0,200.0,100.0,600.0,1000.0,41.6,41.6,15050.214016,73.03708,0.0,0.0,28057.214066,0.0,0.0,0.0,0.0,0.0
152,698.980261,140.0,200.0,100.0,258.98026,0.0,140.0,200.0,100.0,600.0,1000.0,41.6,41.6,13193.578816,70.0,45.472,0.0,29077.578866,0.0,0.0,0.0,0.0,0.0
153,704.226992,210.0,200.0,100.0,194.22699,0.0,210.0,200.0,100.0,600.0,1000.0,41.6,41.6,10534.842784,70.0,64.75327,0.0,29295.842859,0.0,0.0,0.0,0.0,0.0
154,711.123754,350.0,175.0,100.0,86.123754,0.0,350.0,175.0,100.0,600.0,1000.0,41.6,41.6,6082.748166,140.0,133.103236,0.0,29582.74815,0.0,0.0,0.0,0.0,0.0
155,721.811881,420.0,175.0,75.0,51.811881,0.0,420.0,175.0,100.0,600.0,1000.0,41.6,41.6,4152.87425,70.0,59.311873,0.0,30027.374233,0.0,0.0,0.0,0.0,0.0
156,718.734293,525.0,143.73429,50.0,0.0,0.0,525.0,150.0,100.0,600.0,1000.0,1.0,21.5,1481.23429,105.0,108.077591,0.0,718.734293,0.0,0.0,0.0,0.0,6.26571
157,716.110928,630.0,44.056635,42.054293,0.0,0.0,630.0,150.0,100.0,600.0,1000.0,1.0,21.5,1263.223934,105.0,107.623362,0.0,716.110928,0.0,0.0,0.0,0.0,105.943365
158,707.054293,490.0,150.0,67.054293,0.0,0.0,490.0,150.0,100.0,600.0,1000.0,21.9,21.5,1836.6673,130.943365,140.0,0.0,15484.489021,0.0,0.0,0.0,0.0,0.0
159,702.169087,420.0,125.0,92.054293,65.114793,0.0,420.0,125.0,100.0,600.0,1000.0,41.6,41.6,5022.942688,90.114793,95.0,0.0,29210.234003,0.0,0.0,0.0,0.0,0.0
160,708.027626,350.0,125.0,100.0,133.02763,0.0,350.0,125.0,100.0,600.0,1000.0,41.6,41.6,7983.949408,75.858544,70.0,0.0,29453.949258,0.0,0.0,0.0,0.0,0.0
161,729.839563,280.0,100.0,100.0,249.83956,0.0,280.0,100.0,100.0,600.0,1000.0,41.6,41.6,12783.325696,116.81193,95.0,0.0,30361.325829,0.0,0.0,0.0,0.0,0.0
162,727.281087,210.0,75.0,100.0,342.28109,0.0,210.0,75.0,100.0,600.0,1000.0,41.6,41.6,16568.893344,92.44153,95.0,0.0,30254.893219,0.0,0.0,0.0,0.0,0.0
163,709.881595,70.0,100.0,100.0,439.88159,0.0,70.0,100.0,100.0,600.0,1000.0,41.6,41.6,20584.074144,122.6005,140.0,0.0,29531.074335,0.0,0.0,0.0,0.0,0.0
164,673.219372,0.0,100.0,100.0,473.21937,0.0,0.0,100.0,100.0,600.0,1000.0,41.6,41.6,21935.925792,33.33778,70.0,0.0,28005.925884,0.0,0.0,0.0,0.0,0.0
165,642.934801,0.0,150.0,100.0,392.9348,0.0,0.0,150.0,100.0,600.0,1000.0,41.6,41.6,18646.08768,50.0,80.28457,0.0,26746.08773,0.0,0.0,0.0,0.0,0.0
166,617.92477,0.0,200.0,100.0,317.92477,0.0,0.0,200.0,100.0,600.0,1000.0,41.6,41.6,15575.670432,50.0,75.01003,0.0,25705.670415,0.0,0.0,0.0,0.0,0.0
167,571.260388,0.0,250.0,100.0,221.26039,0.0,0.0,250.0,100.0,600.0,1000.0,41.6,41.6,11604.432224,50.0,96.66438,0.0,23764.432149,0.0,0.0,0.0,0.0,0.0
168,536.656071,0.0,375.0,100.0,61.656071,0.0,0.0,375.0,100.0,600.0,1000.0,41.6,41.6,5089.892554,125.0,159.604319,0.0,22324.892554,0.0,0.0,0.0,0.0,0.0
169,516.327309,0.0,300.0,100.0,116.32731,0.0,0.0,300.0,100.0,600.0,1000.0,41.6,41.6,7289.216096,54.671239,75.0,0.0,21479.216054,0.0,0.0,0.0,0.0,0.0
170,510.338992,0.0,250.0,100.0,160.33899,0.0,0.0,250.0,100.0,600.0,1000.0,41.6,41.6,9070.101984,44.01168,50.0,0.0,21230.102051,0.0,0.0,0.0,0.0,0.0
171,515.724769,0.0,225.0,100.0,190.72477,0.0,0.0,225.0,100.0,600.0,1000.0,41.6,41.6,10309.150432,30.38578,25.0,0.0,21454.150399,0.0,0.0,0.0,0.0,0.0
172,527.35842,0.0,225.0,100.0,202.35842,0.0,0.0,225.0,100.0,600.0,1000.0,41.6,41.6,10793.110272,11.63365,0.0,0.0,21938.110272,0.0,0.0,0.0,0.0,0.0
173,552.989531,0.0,225.0,100.0,227.98953,0.0,0.0,225.0,100.0,600.0,1000.0,41.6,41.6,11859.364448,25.63111,0.0,0.0,23004.364506,0.0,0.0,0.0,0.0,0.0
174,622.096198,0.0,200.0,100.0,322.0962,0.0,0.0,200.0,100.0,600.0,1000.0,41.6,41.6,15749.20192,94.10667,25.0,0.0,25879.20182,0.0,0.0,0.0,0.0,0.0
175,687.124135,70.0,200.0,100.0,317.12413,0.0,70.0,200.0,100.0,600.0,1000.0,41.6,41.6,15577.363808,70.0,4.97207,0.0,28584.363999,0.0,0.0,0.0,0.0,0.0
176,702.808706,140.0,200.0,100.0,262.80871,0.0,140.0,200.0,100.0,600.0,1000.0,41.6,41.6,13352.842336,70.0,54.31542,0.0,29236.842161,0.0,0.0,0.0,0.0,0.0
177,700.769341,210.0,200.0,100.0,190.76934,0.0,210.0,200.0,100.0,600.0,1000.0,41.6,41.6,10391.004544,70.0,72.03937,0.0,29152.004569,0.0,0.0,0.0,0.0,0.0
178,710.72515,350.0,175.0,100.0,85.72515,0.0,350.0,175.0,100.0,600.0,1000.0,41.6,41.6,6066.16624,140.0,130.04419,0.0,29566.166248,0.0,0.0,0.0,0.0,0.0
179,727.438674,420.0,175.0,75.0,57.438674,0.0,420.0,175.0,100.0,600.0,1000.0,41.6,41.6,4386.948838,70.0,53.286476,0.0,30261.448838,0.0,0.0,0.0,0.0,0.0
180,724.073722,525.0,149.07372,50.0,0.0,0.0,525.0,150.0,100.0,600.0,1000.0,1.0,21.5,1486.57372,105.0,108.364954,0.0,724.073722,0.0,0.0,0.0,0.0,0.92628
181,720.801468,630.0,43.22235,47.579118,0.0,0.0,630.0,150.0,100.0,600.0,1000.0,1.0,21.5,1381.173387,105.0,108.272252,0.0,720.801468,0.0,0.0,0.0,0.0,106.77765
182,712.579118,490.0,150.0,72.579118,0.0,0.0,490.0,150.0,100.0,600.0,1000.0,21.9,21.5,1955.451037,131.77765,140.0,0.0,15605.482693,0.0,0.0,0.0,0.0,0.0
183,708.797023,420.0,125.0,97.579118,66.217905,0.0,420.0,125.0,100.0,600.0,1000.0,41.6,41.6,5187.615885,91.217905,95.0,0.0,29485.956165,0.0,0.0,0.0,0.0,0.0
184,710.437785,350.0,125.0,100.0,135.43778,0.0,350.0,125.0,100.0,600.0,1000.0,41.6,41.6,8084.211648,71.640757,70.0,0.0,29554.211856,0.0,0.0,0.0,0.0,0.0
185,731.971627,280.0,100.0,100.0,251.97163,0.0,280.0,100.0,100.0,600.0,1000.0,41.6,41.6,12872.019808,116.53385,95.0,0.0,30450.019667,0.0,0.0,0.0,0.0,0.0
186,729.45023,210.0,75.0,100.0,344.45023,0.0,210.0,75.0,100.0,600.0,1000.0,41.6,41.6,16659.129568,92.4786,95.0,0.0,30345.12956,0.0,0.0,0.0,0.0,0.0
187,711.346229,70.0,100.0,100.0,441.34623,0.0,70.0,100.0,100.0,600.0,1000.0,41.6,41.6,20645.003168,121.896,140.0,0.0,29592.003143,0.0,0.0,0.0,0.0,0.0
188,676.639944,0.0,100.0,100.0,476.63994,0.0,0.0,100.0,100.0,600.0,1000.0,41.6,41.6,22078.221504,35.29371,70.0,0.0,28148.22167,0.0,0.0,0.0,0.0,0.0
189,647.10623,0.0,150.0,100.0,397.10623,0.0,0.0,150.0,100.0,600.0,1000.0,41.6,41.6,18819.619168,50.0,79.53371,0.0,26919.61916,0.0,0.0,0.0,0.0,0.0
190,624.738103,0.0,200.0,100.0,324.7381,0.0,0.0,200.0,100.0,600.0,1000.0,41.6,41.6,15859.10496,50.0,72.36813,0.0,25989.105068,0.0,0.0,0.0,0.0,0.0
191,576.377341,0.0,250.0,100.0,226.37734,0.0,0.0,250.0,100.0,600.0,1000.0,41.6,41.6,11817.297344,50.0,98.36076,0.0,23977.297369,0.0,0.0,0.0,0.0,0.0
192,541.615436,0.0,375.0,100.0,66.615436,0.0,0.0,375.0,100.0,600.0,1000.0,41.6,41.6,5296.202138,125.0,159.761904,0.0,22531.202129,0.0,0.0,0.0,0.0,0.0
193,525.124388,0.0,300.0,100.0,125.12439,0.0,0.0,300.0,100.0,600.0,1000.0,41.6,41.6,7655.174624,58.508954,75.0,0.0,21845.174557,0.0,0.0,0.0,0.0,0.0
194,517.384071,0.0,250.0,100.0,167.38407,0.0,0.0,250.0,100.0,600.0,1000.0,41.6,41.6,9363.177312,42.25968,50.0,0.0,21523.177354,0.0,0.0,0.0,0.0,0.0
195,521.49988,0.0,225.0,100.0,196.49988,0.0,0.0,225.0,100.0,600.0,1000.0,41.6,41.6,10549.395008,29.11581,25.0,0.0,21694.395016,0.0,0.0,0.0,0.0,0.0
196,536.980516,0.0,225.0,100.0,211.98052,0.0,0.0,225.0,100.0,600.0,1000.0,41.6,41.6,11193.389632,15.48064,0.0,0.0,22338.389449,0.0,0.0,0.0,0.0,0.0
197,564.16896,0.0,225.0,100.0,239.16896,0.0,0.0,225.0,100.0,600.0,1000.0,41.6,41.6,12324.428736,27.18844,0.0,0.0,23469.428736,0.0,0.0,0.0,0.0,0.0
198,634.517785,0.0,200.0,100.0,334.51779,0.0,0.0,200.0,100.0,600.0,1000.0,41.6,41.6,16265.940064,95.34883,25.0,0.0,26395.939864,0.0,0.0,0.0,0.0,0.0
199,699.341785,70.0,200.0,100.0,329.34179,0.0,70.0,200.0,100.0,600.0,1000.0,41.6,41.6,16085.618464,70.0,5.176,0.0,29092.618264,0.0,0.0,0.0,0.0,0.0
200,722.785214,140.0,200.0,100.0,282.78521,0.0,140.0,200.0,100.0,600.0,1000.0,41.6,41.6,14183.864736,70.0,46.55658,0.0,30067.864894,0.0,0.0,0.0,0.0,0.0
201,718.400579,210.0,200.0,100.0,208.40058,0.0,210.0,200.0,100.0,600.0,1000.0,41.6,41.6,11124.464128,70.0,74.38463,0.0,29885.464078,0.0,0.0,0.0,0.0,0.0
202,726.919563,350.0,175.0,100.0,101.91956,0.0,350.0,175.0,100.0,600.0,1000.0,41.6,41.6,6739.853696,140.0,131.48102,0.0,30239.853821,0.0,0.0,0.0,0.0,0.0
203,739.758293,420.0,175.0,82.555626,62.202667,0.0,420.0,175.0,100.0,600.0,1000.0,41.6,41.6,4747.576906,70.0,57.161267,0.0,30773.945005,0.0,0.0,0.0,0.0,0.0
204,732.555626,525.0,150.0,57.555626,0.0,0.0,525.0,150.0,100.0,600.0,1000.0,1.4,21.5,1649.945959,105.0,112.202667,0.0,1025.577877,0.0,0.0,0.0,0.0,0.0
205,730.544071,630.0,50.544071,50.0,0.0,0.0,630.0,150.0,100.0,600.0,1000.0,1.0,21.5,1440.544071,105.0,107.011555,0.0,730.544071,0.0,0.0,0.0,0.0,99.455929
206,721.561595,490.0,150.0,75.0,6.561595,0.0,490.0,150.0,100.0,600.0,1000.0,41.6,41.6,2280.462344,131.017524,140.0,0.0,30016.962344,0.0,0.0,0.0,0.0,0.0
207,715.601087,420.0,125.0,100.0,70.601087,0.0,420.0,125.0,100.0,600.0,1000.0,41.6,41.6,5422.005219,89.039492,95.0,0.0,29769.005211,0.0,0.0,0.0,0.0,0.0
208,717.436516,350.0,125.0,100.0,142.43652,0.0,350.0,125.0,100.0,600.0,1000.0,41.6,41.6,8375.359232,71.835433,70.0,0.0,29845.359049,0.0,0.0,0.0,0.0,0.0
209,733.176706,280.0,100.0,100.0,253.17671,0.0,280.0,100.0,100.0,600.0,1000.0,41.6,41.6,12922.151136,110.74019,95.0,0.0,30500.150953,0.0,0.0,0.0,0.0,0.0
210,725.862801,210.0,75.0,100.0,340.8628,0.0,210.0,75.0,100.0,600.0,1000.0,41.6,41.6,16509.89248,87.68609,95.0,0.0,30195.892522,0.0,0.0,0.0,0.0,0.0
211,704.458738,70.0,100.0,100.0,434.45874,0.0,70.0,100.0,100.0,600.0,1000.0,41.6,41.6,20358.483584,118.59594,140.0,0.0,29305.483484,0.0,0.0,0.0,0.0,0.0
212,665.367817,0.0,100.0,100.0,465.36782,0.0,0.0,100.0,100.0,600.0,1000.0,41.6,41.6,21609.301312,30.90908,70.0,0.0,27679.301196,0.0,0.0,0.0,0.0,0.0
213,632.756515,0.0,150.0,100.0,382.75652,0.0,0.0,150.0,100.0,600.0,1000.0,41.6,41.6,18222.671232,50.0,82.6113,0.0,26322.671032,0.0,0.0,0.0,0.0,0.0
214,609.999055,0.0,200.0,100.0,309.99906,0.0,0.0,200.0,100.0,600.0,1000.0,41.6,41.6,15245.960896,50.0,72.75746,0.0,25375.960696,0.0,0.0,0.0,0.0,0.0
215,562.426229,0.0,250.0,100.0,212.42623,0.0,0.0,250.0,100.0,600.0,1000.0,41.6,41.6,11236.931168,50.0,97.57283,0.0,23396.931143,0.0,0.0,0.0,0.0,0.0
216,530.055944,0.0,375.0,100.0,55.055944,0.0,0.0,375.0,100.0,600.0,1000.0,41.6,41.6,4815.32727,125.0,157.370286,0.0,22050.327262,0.0,0.0,0.0,0.0,0.0
217,513.676135,0.0,300.0,100.0,113.67613,0.0,0.0,300.0,100.0,600.0,1000.0,41.6,41.6,7178.927008,58.620186,75.0,0.0,21368.927199,0.0,0.0,0.0,0.0,0.0
218,505.045912,0.0,250.0,100.0,155.04591,0.0,0.0,250.0,100.0,600.0,1000.0,41.6,41.6,8849.909856,41.36978,50.0,0.0,21009.909948,0.0,0.0,0.0,0.0,0.0
219,508.438674,0.0,225.0,100.0,183.43867,0.0,0.0,225.0,100.0,600.0,1000.0,41.6,41.6,10006.048672,28.39276,25.0,0.0,21151.048838,0.0,0.0,0.0,0.0,0.0
220,515.780389,0.0,225.0,100.0,190.78039,0.0,0.0,225.0,100.0,600.0,1000.0,41.6,41.6,10311.464224,7.34172,0.0,0.0,21456.464166,0.0,0.0,0.0,0.0,0.0
221,539.863436,0.0,225.0,100.0,214.86344,0.0,0.0,225.0,100.0,600.0,1000.0,41.6,41.6,11313.319104,24.08305,0.0,0.0,22458.318929,0.0,0.0,0.0,0.0,0.0
222,609.452134,0.0,200.0,100.0,309.45213,0.0,0.0,200.0,100.0,600.0,1000.0,41.6,41.6,15223.208608,94.58869,25.0,0.0,25353.208783,0.0,0.0,0.0,0.0,0.0
223,678.503182,70.0,200.0,100.0,308.50318,0.0,70.0,200.0,100.0,600.0,1000.0,41.6,41.6,15218.732288,70.0,0.94895,0.0,28225.73238,0.0,0.0,0.0,0.0,0.0
224,700.24096,140.0,200.0,100.0,260.24096,0.0,140.0,200.0,100.0,600.0,1000.0,41.6,41.6,13246.023936,70.0,48.26222,0.0,29130.023919,0.0,0.0,0.0,0.0,0.0
225,700.713722,210.0,200.0,100.0,190.71372,0.0,210.0,200.0,100.0,600.0,1000.0,41.6,41.6,10388.690752,70.0,69.52724,0.0,29149.690827,0.0,0.0,0.0,0.0,0.0
226,707.156261,350.0,175.0,100.0,82.156261,0.0,350.0,175.0,100.0,600.0,1000.0,41.6,41.6,5917.700458,140.0,133.557459,0.0,29417.700474,0.0,0.0,0.0,0.0,0.0
227,715.322992,420.0,175.0,75.0,45.322992,0.0,420.0,175.0,100.0,600.0,1000.0,41.6,41.6,3882.936467,70.0,61.833269,0.0,29757.436451,0.0,0.0,0.0,0.0,0.0
228,711.540896,525.0,136.5409,50.0,0.0,0.0,525.0,150.0,100.0,600.0,1000.0,1.0,21.5,1474.0409,105.0,108.782092,0.0,711.540896,0.0,0.0,0.0,0.0,13.4591
229,708.834103,630.0,38.772825,40.061277,0.0,0.0,630.0,150.0,100.0,600.0,1000.0,1.0,21.5,1215.09028,105.0,107.706798,0.0,708.834103,0.0,0.0,0.0,0.0,111.227175
230,705.061277,490.0,150.0,65.061277,0.0,0.0,490.0,150.0,100.0,600.0,1000.0,21.9,21.5,1793.817456,136.227175,140.0,0.0,15440.841975,0.0,0.0,0.0,0.0,0.0
231,704.134293,420.0,125.0,90.061277,69.073016,0.0,420.0,125.0,100.0,600.0,1000.0,41.6,41.6,5144.754921,94.073016,95.0,0.0,29291.986589,0.0,0.0,0.0,0.0,0.0
232,708.175944,350.0,125.0,100.0,133.17594,0.0,350.0,125.0,100.0,600.0,1000.0,41.6,41.6,7990.119104,74.041647,70.0,0.0,29460.11927,0.0,0.0,0.0,0.0,0.0
233,730.979753,280.0,100.0,100.0,250.97975,0.0,280.0,100.0,100.0,600.0,1000.0,41.6,41.6,12830.7576,117.80381,95.0,0.0,30408.757741,0.0,0.0,0.0,0.0,0.0
234,728.30077,210.0,75.0,100.0,343.30077,0.0,210.0,75.0,100.0,600.0,1000.0,41.6,41.6,16611.312032,92.32102,95.0,0.0,30297.312015,0.0,0.0,0.0,0.0,0.0
235,713.876896,70.0,100.0,100.0,443.8769,0.0,70.0,100.0,100.0,600.0,1000.0,41.6,41.6,20750.27904,125.57613,140.0,0.0,29697.278882,0.0,0.0,0.0,0.0,0.0
236,679.838039,0.0,100.0,100.0,479.83804,0.0,0.0,100.0,100.0,600.0,1000.0,41.6,41.6,22211.262464,35.96114,70.0,0.0,28281.262439,0.0,0.0,0.0,0.0,0.0
237,649.590547,0.0,150.0,100.0,399.59055,0.0,0.0,150.0,100.0,600.0,1000.0,41.6,41.6,18922.96688,50.0,80.24749,0.0,27022.966764,0.0,0.0,0.0,0.0,0.0
238,629.252515,0.0,200.0,100.0,329.25252,0.0,0.0,200.0,100.0,600.0,1000.0,41.6,41.6,16046.904832,50.0,70.33803,0.0,26176.904632,0.0,0.0,0.0,0.0,0.0
239,584.859245,0.0,250.0,100.0,234.85925,0.0,0.0,250.0,100.0,600.0,1000.0,41.6,41.6,12170.1448,50.0,94.39327,0.0,24330.144609,0.0,0.0,0.0,0.0,0.0
240,554.760071,0.0,375.0,100.0,79.760071,0.0,0.0,375.0,100.0,600.0,1000.0,41.6,41.6,5843.018954,125.0,155.099179,0.0,23078.018945,0.0,0.0,0.0,0.0,0.0
241,535.376833,0.0,300.0,100.0,135.37683,0.0,0.0,300.0,100.0,600.0,1000.0,41.6,41.6,8081.676128,55.616759,75.0,0.0,22271.676236,0.0,0.0,0.0,0.0,0.0
242,524.243753,0.0,250.0,100.0,174.24375,0.0,0.0,250.0,100.0,600.0,1000.0,41.6,41.6,9648.54,38.86692,50.0,0.0,21808.540141,0.0,0.0,0.0,0.0,0.0
243,524.253023,0.0,225.0,100.0,199.25302,0.0,0.0,225.0,100.0,600.0,1000.0,41.6,41.6,10663.925632,25.00927,25.0,0.0,21808.925773,0.0,0.0,0.0,0.0,0.0
244,530.945849,0.0,225.0,100.0,205.94585,0.0,0.0,225.0,100.0,600.0,1000.0,41.6,41.6,10942.34736,6.69283,0.0,0.0,22087.34731,0.0,0.0,0.0,0.0,0.0
245,552.980261,0.0,225.0,100.0,227.98026,0.0,0.0,225.0,100.0,600.0,1000.0,41.6,41.6,11858.978816,22.03441,0.0,0.0,23003.978874,0.0,0.0,0.0,0.0,0.0
246,618.592198,0.0,200.0,100.0,318.5922,0.0,0.0,200.0,100.0,600.0,1000.0,41.6,41.6,15603.43552,90.61194,25.0,0.0,25733.43542,0.0,0.0,0.0,0.0,0.0
247,685.761468,70.0,200.0,100.0,315.76147,0.0,70.0,200.0,100.0,600.0,1000.0,41.6,41.6,15520.677152,70.0,2.83073,0.0,28527.677069,0.0,0.0,0.0,0.0,0.0
248,710.688071,140.0,200.0,100.0,270.68807,0.0,140.0,200.0,100.0,600.0,1000.0,41.6,41.6,13680.623712,70.0,45.0734,0.0,29564.623745,0.0,0.0,0.0,0.0,0.0
249,707.944198,210.0,200.0,100.0,197.9442,0.0,210.0,200.0,100.0,600.0,1000.0,41.6,41.6,10689.47872,70.0,72.74387,0.0,29450.47862,0.0,0.0,0.0,0.0,0.0
250,715.146865,350.0,175.0,100.0,90.146865,0.0,350.0,175.0,100.0,600.0,1000.0,41.6,41.6,6250.109584,140.0,132.797335,0.0,29750.109567,0.0,0.0,0.0,0.0,0.0
251,722.896452,420.0,175.0,75.0,52.896452,0.0,420.0,175.0,100.0,600.0,1000.0,41.6,41.6,4197.992403,70.0,62.250413,0.0,30072.492403,0.0,0.0,0.0,0.0,0.0
252,718.446928,525.0,143.44693,50.0,0.0,0.0,525.0,150.0,100.0,600.0,1000.0,1.0,21.5,1480.94693,105.0,109.449522,0.0,718.446928,0.0,0.0,0.0,0.0,6.55307
253,705.589658,630.0,48.209524,27.380135,0.0,0.0,630.0,150.0,100.0,600.0,1000.0,1.0,21.5,951.882426,105.0,117.857271,0.0,705.589658,0.0,0.0,0.0,0.0,101.790476
254,692.380135,490.0,150.0,52.380135,0.0,0.0,490.0,150.0,100.0,600.0,1000.0,21.9,21.5,1521.172902,126.790476,140.0,0.0,15163.124948,0.0,0.0,0.0,0.0,0.0
255,687.170483,420.0,125.0,77.380135,64.790349,0.0,420.0,125.0,100.0,600.0,1000.0,41.6,41.6,4693.951421,89.790349,95.0,0.0,28586.292109,0.0,0.0,0.0,0.0,0.0
256,694.753214,350.0,125.0,100.0,119.75321,0.0,350.0,125.0,100.0,600.0,1000.0,41.6,41.6,7431.733536,77.582726,70.0,0.0,28901.733694,0.0,0.0,0.0,0.0,0.0
257,723.841976,280.0,100.0,100.0,243.84198,0.0,280.0,100.0,100.0,600.0,1000.0,41.6,41.6,12533.826368,124.08877,95.0,0.0,30111.826193,0.0,0.0,0.0,0.0,0.0
258,719.327563,210.0,75.0,100.0,334.32756,0.0,210.0,75.0,100.0,600.0,1000.0,41.6,41.6,16238.026496,90.48558,95.0,0.0,29924.026629,0.0,0.0,0.0,0.0,0.0
259,699.202738,70.0,100.0,100.0,429.20274,0.0,70.0,100.0,100.0,600.0,1000.0,41.6,41.6,20139.833984,119.87518,140.0,0.0,29086.833884,0.0,0.0,0.0,0.0,0.0
260,661.11296,0.0,100.0,100.0,461.11296,0.0,0.0,100.0,100.0,600.0,1000.0,41.6,41.6,21432.299136,31.91022,70.0,0.0,27502.299128,0.0,0.0,0.0,0.0,0.0
261,633.04388,0.0,150.0,100.0,383.04388,0.0,0.0,150.0,100.0,600.0,1000.0,41.6,41.6,18234.625408,50.0,78.06908,0.0,26334.625425,0.0,0.0,0.0,0.0,0.0
262,618.249214,0.0,200.0,100.0,318.24921,0.0,0.0,200.0,100.0,600.0,1000.0,41.6,41.6,15589.167136,50.0,64.79467,0.0,25719.167286,0.0,0.0,0.0,0.0,0.0
263,586.592706,0.0,250.0,100.0,236.59271,0.0,0.0,250.0,100.0,600.0,1000.0,41.6,41.6,12242.256736,50.0,81.6565,0.0,24402.25657,0.0,0.0,0.0,0.0,0.0
264,557.021912,0.0,375.0,100.0,82.021912,0.0,0.0,375.0,100.0,600.0,1000.0,41.6,41.6,5937.111539,125.0,154.570798,0.0,23172.111556,0.0,0.0,0.0,0.0,0.0
265,534.320071,0.0,300.0,100.0,134.32007,0.0,0.0,300.0,100.0,600.0,1000.0,41.6,41.6,8037.714912,52.298158,75.0,0.0,22227.714937,0.0,0.0,0.0,0.0,0.0
266,517.99588,0.0,250.0,100.0,167.99588,0.0,0.0,250.0,100.0,600.0,1000.0,41.6,41.6,9388.628608,33.67581,50.0,0.0,21548.628616,0.0,0.0,0.0,0.0,0.0
267,512.545214,0.0,225.0,100.0,187.54521,0.0,0.0,225.0,100.0,600.0,1000.0,41.6,41.6,10176.880736,19.54933,25.0,0.0,21321.880894,0.0,0.0,0.0,0.0,0.0
268,510.172135,0.0,225.0,100.0,185.17213,0.0,0.0,225.0,100.0,600.0,1000.0,41.6,41.6,10078.160608,0.0,2.37308,0.0,21223.160799,0.0,0.0,0.0,0.0,0.0
269,503.108515,0.0,225.0,100.0,178.10852,0.0,0.0,225.0,100.0,600.0,1000.0,41.6,41.6,9784.314432,0.0,7.06361,0.0,20929.314232,0.0,0.0,0.0,0.0,0.0
270,500.355373,0.0,200.0,100.0,200.35537,0.0,0.0,200.0,100.0,600.0,1000.0,41.6,41.6,10684.783392,22.24685,25.0,0.0,20814.7835,0.0,0.0,0.0,0.0,0.0
271,531.390801,70.0,200.0,100.0,161.3908,0.0,70.0,200.0,100.0,600.0,1000.0,41.6,41.6,9098.85728,70.0,38.96457,0.0,22105.857322,0.0,0.0,0.0,0.0,0.0
272,565.985849,140.0,200.0,100.0,125.98585,0.0,140.0,200.0,100.0,600.0,1000.0,41.6,41.6,7661.01136,70.0,35.40495,0.0,23545.01131,0.0,0.0,0.0,0.0,0.0
273,590.652896,210.0,200.0,75.0,105.6529,0.0,210.0,200.0,100.0,600.0,1000.0,41.6,41.6,6312.66064,70.0,45.33295,0.0,24571.16049,0.0,0.0,0.0,0.0,0.0
274,607.996769,350.0,175.0,50.0,32.996769,0.0,350.0,175.0,100.0,600.0,1000.0,41.6,41.6,2797.66559,140.0,122.656131,0.0,25292.665607,0.0,0.0,0.0,0.0,0.0
275,617.405658,420.0,172.40566,25.0,0.0,0.0,420.0,175.0,100.0,600.0,1000.0,1.0,21.5,919.90566,70.0,60.591109,0.0,617.405658,0.0,0.0,0.0,0.0,2.59434
276,613.577214,525.0,88.577214,0.0,0.0,0.0,525.0,150.0,100.0,600.0,1000.0,1.0,1.0,351.077214,105.0,108.828446,0.0,613.577214,0.0,0.0,0.0,0.0,61.422786
277,596.418737,596.41874,0.0,0.0,0.0,0.0,630.0,150.0,100.0,600.0,1000.0,0.5,0.5,298.20937,71.41874,88.577214,0.0,298.209369,0.0,0.0,0.0,0.0,183.58126
278,584.145468,490.0,80.889905,13.255563,0.0,0.0,490.0,150.0,100.0,600.0,1000.0,1.0,21.5,610.88451,94.145468,106.41874,0.0,584.145468,0.0,0.0,0.0,0.0,69.110095
279,583.255563,420.0,125.0,38.255563,0.0,0.0,420.0,125.0,100.0,600.0,1000.0,1.8,21.5,1157.494605,69.110095,70.0,0.0,1049.860013,0.0,0.0,0.0,0.0,0.0
280,593.202103,350.0,125.0,63.255563,54.94654,0.0,350.0,125.0,100.0,600.0,1000.0,41.6,41.6,3945.770669,79.94654,70.0,0.0,24677.207468,0.0,0.0,0.0,0.0,0.0
281,634.035754,280.0,100.0,88.255563,165.78019,0.0,280.0,100.0,100.0,600.0,1000.0,41.6,41.6,9033.950508,135.83365,95.0,0.0,26375.88735,0.0,0.0,0.0,0.0,0.0
282,642.350801,210.0,75.0,100.0,257.3508,0.0,210.0,75.0,100.0,600.0,1000.0,41.6,41.6,13035.79328,103.315047,95.0,0.0,26721.793313,0.0,0.0,0.0,0.0,0.0
283,626.944325,70.0,100.0,100.0,356.94432,0.0,70.0,100.0,100.0,600.0,1000.0,41.6,41.6,17133.883712,124.59352,140.0,0.0,26080.883912,0.0,0.0,0.0,0.0,0.0
284,591.357404,0.0,100.0,100.0,391.3574,0.0,0.0,100.0,100.0,600.0,1000.0,41.6,41.6,18530.46784,34.41308,70.0,0.0,24600.468023,0.0,0.0,0.0,0.0,0.0
285,573.763246,0.0,150.0,100.0,323.76325,0.0,0.0,150.0,100.0,600.0,1000.0,41.6,41.6,15768.5512,50.0,67.59415,0.0,23868.551017,0.0,0.0,0.0,0.0,0.0
286,575.505976,0.0,200.0,100.0,275.50598,0.0,0.0,200.0,100.0,600.0,1000.0,41.6,41.6,13811.048768,50.0,48.25727,0.0,23941.048585,0.0,0.0,0.0,0.0,0.0
287,552.665087,0.0,250.0,100.0,202.66509,0.0,0.0,250.0,100.0,600.0,1000.0,41.6,41.6,10830.867744,50.0,72.84089,0.0,22990.867611,0.0,0.0,0.0,0.0,0.0
288,527.089595,0.0,375.0,100.0,52.089595,0.0,0.0,375.0,100.0,600.0,1000.0,41.6,41.6,4691.927152,125.0,150.575495,0.0,21926.927144,0.0,0.0,0.0,0.0,0.0
289,504.508261,0.0,300.0,100.0,104.50826,0.0,0.0,300.0,100.0,600.0,1000.0,41.6,41.6,6797.543616,52.418665,75.0,0.0,20987.543666,0.0,0.0,0.0,0.0,0.0
290,493.189785,0.0,250.0,100.0,143.18979,0.0,0.0,250.0,100.0,600.0,1000.0,41.6,41.6,8356.695264,38.68153,50.0,0.0,20516.695056,0.0,0.0,0.0,0.0,0.0
291,485.050865,0.0,225.0,100.0,160.05086,0.0,0.0,225.0,100.0,600.0,1000.0,41.6,41.6,9033.115776,16.86107,25.0,0.0,20178.115976,0.0,0.0,0.0,0.0,0.0
292,481.092643,0.0,225.0,100.0,156.09264,0.0,0.0,225.0,100.0,600.0,1000.0,41.6,41.6,8868.453824,0.0,3.95822,0.0,20013.453932,0.0,0.0,0.0,0.0,0.0
293,471.183182,0.0,225.0,100.0,146.18318,0.0,0.0,225.0,100.0,600.0,1000.0,41.6,41.6,8456.220288,0.0,9.90946,0.0,19601.220363,0.0,0.0,0.0,0.0,0.0
294,458.066357,0.0,200.0,100.0,158.06636,0.0,0.0,200.0,100.0,600.0,1000.0,41.6,41.6,8925.560576,11.88318,25.0,0.0,19055.560443,0.0,0.0,0.0,0.0,0.0
295,470.293277,70.0,200.0,100.0,100.29328,0.0,70.0,200.0,100.0,600.0,1000.0,41.6,41.6,6557.200448,70.0,57.77308,0.0,19564.20034,0.0,0.0,0.0,0.0,0.0
296,491.465595,140.0,200.0,75.013912,76.451683,0.0,140.0,200.0,100.0,600.0,1000.0,41.6,41.6,5063.189121,70.0,48.827685,0.0,20444.968752,0.0,0.0,0.0,0.0,0.0
297,522.482483,210.0,200.0,50.013912,62.468571,0.0,210.0,200.0,100.0,600.0,1000.0,41.6,41.6,3978.991662,70.0,38.983112,0.0,21735.271309,0.0,0.0,0.0,0.0,0.0
298,550.013912,350.0,175.0,25.013912,0.0,0.0,350.0,175.0,100.0,600.0,1000.0,1.8,21.5,887.799108,140.0,112.468571,0.0,990.025042,0.0,0.0,0.0,0.0,0.0
299,574.755119,420.0,154.74121,0.013912,0.0,0.0,420.0,175.0,100.0,600.0,1000.0,1.0,21.5,365.040327,70.0,45.25879,0.0,574.755119,0.0,0.0,0.0,0.0,20.25879
300,578.16642,525.0,53.16642,0.0,0.0,0.0,525.0,150.0,100.0,600.0,1000.0,1.0,1.0,315.66642,105.0,101.588702,0.0,578.16642,0.0,0.0,0.0,0.0,96.83358
301,561.953468,561.95347,0.0,0.0,0.0,0.0,630.0,150.0,100.0,600.0,1000.0,0.5,0.5,280.976735,36.95347,53.16642,0.0,280.976734,0.0,0.0,0.0,0.0,218.04653
302,548.020896,490.0,58.020896,0.0,0.0,0.0,490.0,150.0,100.0,600.0,1000.0,1.0,1.0,303.020896,58.020896,71.95347,0.0,548.020896,0.0,0.0,0.0,0.0,91.979104
303,546.139118,420.0,101.13912,25.0,0.0,0.0,420.0,125.0,100.0,600.0,1000.0,1.0,21.5,848.63912,68.118224,70.0,0.0,546.139118,0.0,0.0,0.0,0.0,23.86088
304,560.396134,350.0,125.0,50.0,35.396134,0.0,350.0,125.0,100.0,600.0,1000.0,41.6,41.6,2847.479174,84.257014,70.0,0.0,23312.479183,0.0,0.0,0.0,0.0,0.0
305,601.600579,280.0,100.0,75.0,146.60058,0.0,280.0,100.0,100.0,600.0,1000.0,41.6,41.6,7951.084128,136.204446,95.0,0.0,25026.58407,0.0,0.0,0.0,0.0,0.0
306,617.192452,210.0,75.0,100.0,232.19245,0.0,210.0,75.0,100.0,600.0,1000.0,41.6,41.6,11989.20592,110.59187,95.0,0.0,25675.205987,0.0,0.0,0.0,0.0,0.0
307,605.206547,70.0,100.0,100.0,335.20655,0.0,70.0,100.0,100.0,600.0,1000.0,41.6,41.6,16229.59248,128.0141,140.0,0.0,25176.592347,0.0,0.0,0.0,0.0,0.0
308,582.912579,0.0,100.0,100.0,382.91258,0.0,0.0,100.0,100.0,600.0,1000.0,41.6,41.6,18179.163328,47.70603,70.0,0.0,24249.163286,0.0,0.0,0.0,0.0,0.0
309,573.49442,0.0,150.0,100.0,323.49442,0.0,0.0,150.0,100.0,600.0,1000.0,41.6,41.6,15757.367872,50.0,59.41816,0.0,23857.367889,0.0,0.0,0.0,0.0,0.0
310,580.789785,0.0,200.0,100.0,280.78978,0.0,0.0,200.0,100.0,600.0,1000.0,41.6,41.6,14030.854848,50.0,42.70464,0.0,24160.855056,0.0,0.0,0.0,0.0,0.0
311,556.187626,0.0,250.0,100.0,206.18763,0.0,0.0,250.0,100.0,600.0,1000.0,41.6,41.6,10977.405408,50.0,74.60215,0.0,23137.40525,0.0,0.0,0.0,0.0,0.0
312,530.139373,0.0,375.0,100.0,55.139373,0.0,0.0,375.0,100.0,600.0,1000.0,41.6,41.6,4818.797917,125.0,151.048257,0.0,22053.7979,0.0,0.0,0.0,0.0,0.0
313,513.268261,0.0,300.0,100.0,113.26826,0.0,0.0,300.0,100.0,600.0,1000.0,41.6,41.6,7161.959616,58.128887,75.0,0.0,21351.959666,0.0,0.0,0.0,0.0,0.0
314,504.406293,0.0,250.0,100.0,154.40629,0.0,0.0,250.0,100.0,600.0,1000.0,41.6,41.6,8823.301664,41.13803,50.0,0.0,20983.301789,0.0,0.0,0.0,0.0,0.0
315,505.16642,0.0,225.0,100.0,180.16642,0.0,0.0,225.0,100.0,600.0,1000.0,41.6,41.6,9869.923072,25.76013,25.0,0.0,21014.923089,0.0,0.0,0.0,0.0,0.0
316,518.0515,0.0,225.0,100.0,193.0515,0.0,0.0,225.0,100.0,600.0,1000.0,41.6,41.6,10405.9424,12.88508,0.0,0.0,21550.942383,0.0,0.0,0.0,0.0,0.0
317,551.358039,0.0,225.0,100.0,226.35804,0.0,0.0,225.0,100.0,600.0,1000.0,41.6,41.6,11791.494464,33.30654,0.0,0.0,22936.494422,0.0,0.0,0.0,0.0,0.0
318,630.921087,0.0,200.0,100.0,330.92109,0.0,0.0,200.0,100.0,600.0,1000.0,41.6,41.6,16116.317344,104.56305,25.0,0.0,26246.317219,0.0,0.0,0.0,0.0,0.0
319,700.074103,70.0,200.0,100.0,330.0741,0.0,70.0,200.0,100.0,600.0,1000.0,41.6,41.6,16116.08256,70.0,0.84699,0.0,29123.082668,0.0,0.0,0.0,0.0,0.0
320,725.362229,140.0,200.0,100.0,285.36223,0.0,140.0,200.0,100.0,600.0,1000.0,41.6,41.6,14291.068768,70.0,44.71187,0.0,30175.068743,0.0,0.0,0.0,0.0,0.0
321,730.367944,210.0,200.0,100.0,220.36794,0.0,210.0,200.0,100.0,600.0,1000.0,41.6,41.6,11622.306304,70.0,64.99429,0.0,30383.306479,0.0,0.0,0.0,0.0,0.0
322,740.889214,350.0,175.0,100.0,115.88921,0.0,350.0,175.0,100.0,600.0,1000.0,41.6,41.6,7320.991136,140.0,129.47873,0.0,30820.991286,0.0,0.0,0.0,0.0,0.0
323,748.203119,420.0,175.0,95.422166,57.780953,0.0,420.0,175.0,100.0,600.0,1000.0,41.6,41.6,4840.264214,70.0,62.686091,0.0,31125.249742,0.0,0.0,0.0,0.0,0.0
324,745.422166,525.0,150.0,70.422166,0.0,0.0,525.0,150.0,100.0,600.0,1000.0,1.4,21.5,1926.576569,105.0,107.780953,0.0,1043.591033,0.0,0.0,0.0,0.0,0.0
325,741.408325,630.0,61.408325,50.0,0.0,0.0,630.0,150.0,100.0,600.0,1000.0,1.0,21.5,1451.408325,105.0,109.013841,0.0,741.408325,0.0,0.0,0.0,0.0,88.591675
326,733.046928,490.0,150.0,75.0,18.046928,0.0,490.0,150.0,100.0,600.0,1000.0,41.6,41.6,2758.252205,131.638603,140.0,0.0,30494.752205,0.0,0.0,0.0,0.0,0.0
327,728.004134,420.0,125.0,100.0,83.004134,0.0,420.0,125.0,100.0,600.0,1000.0,41.6,41.6,5937.971974,89.957206,95.0,0.0,30284.971991,0.0,0.0,0.0,0.0,0.0
328,723.628769,350.0,125.0,100.0,148.62877,0.0,350.0,125.0,100.0,600.0,1000.0,41.6,41.6,8632.956832,65.624636,70.0,0.0,30102.956807,0.0,0.0,0.0,0.0,0.0
329,748.861277,280.0,100.0,100.0,268.86128,0.0,280.0,100.0,100.0,600.0,1000.0,41.6,41.6,13574.629248,120.23251,95.0,0.0,31152.62914,0.0,0.0,0.0,0.0,0.0
330,748.805658,210.0,75.0,100.0,363.80566,0.0,210.0,75.0,100.0,600.0,1000.0,41.6,41.6,17464.315456,94.94438,95.0,0.0,31150.315373,0.0,0.0,0.0,0.0,0.0
331,731.999436,70.0,100.0,100.0,461.99944,0.0,70.0,100.0,100.0,600.0,1000.0,41.6,41.6,21504.176704,123.19378,140.0,0.0,30451.176538,0.0,0.0,0.0,0.0,0.0
332,698.155246,0.0,100.0,100.0,498.15525,0.0,0.0,100.0,100.0,600.0,1000.0,41.6,41.6,22973.2584,36.15581,70.0,0.0,29043.258217,0.0,0.0,0.0,0.0,0.0
333,671.152198,0.0,150.0,100.0,421.1522,0.0,0.0,150.0,100.0,600.0,1000.0,41.6,41.6,19819.93152,50.0,77.00305,0.0,27919.93142,0.0,0.0,0.0,0.0,0.0
334,652.250992,0.0,200.0,100.0,352.25099,0.0,0.0,200.0,100.0,600.0,1000.0,41.6,41.6,17003.641184,50.0,68.90121,0.0,27133.641251,0.0,0.0,0.0,0.0,0.0
335,613.419626,0.0,250.0,100.0,263.41963,0.0,0.0,250.0,100.0,600.0,1000.0,41.6,41.6,13358.256608,50.0,88.83136,0.0,25518.256458,0.0,0.0,0.0,0.0,0.0
336,588.715499,0.0,375.0,100.0,113.7155,0.0,0.0,375.0,100.0,600.0,1000.0,41.6,41.6,7255.5648,125.0,149.70413,0.0,24490.564775,0.0,0.0,0.0,0.0,0.0
337,570.01823,0.0,300.0,100.0,170.01823,0.0,0.0,300.0,100.0,600.0,1000.0,41.6,41.6,9522.758368,56.30273,75.0,0.0,23712.75836,0.0,0.0,0.0,0.0,0.0
338,561.063563,0.0,250.0,100.0,211.06356,0.0,0.0,250.0,100.0,600.0,1000.0,41.6,41.6,11180.244096,41.04533,50.0,0.0,23340.244212,0.0,0.0,0.0,0.0,0.0
339,555.881722,0.0,225.0,100.0,230.88172,0.0,0.0,225.0,100.0,600.0,1000.0,41.6,41.6,11979.679552,19.81816,25.0,0.0,23124.679619,0.0,0.0,0.0,0.0,0.0
340,564.549023,0.0,225.0,100.0,239.54902,0.0,0.0,225.0,100.0,600.0,1000.0,41.6,41.6,12340.239232,8.6673,0.0,0.0,23485.239373,0.0,0.0,0.0,0.0,0.0
341,587.566039,0.0,225.0,100.0,262.56604,0.0,0.0,225.0,100.0,600.0,1000.0,41.6,41.6,13297.747264,23.01702,0.0,0.0,24442.747231,0.0,0.0,0.0,0.0,0.0
342,654.976325,0.0,200.0,100.0,354.97632,0.0,0.0,200.0,100.0,600.0,1000.0,41.6,41.6,17117.014912,92.41028,25.0,0.0,27247.015112,0.0,0.0,0.0,0.0,0.0
343,718.428388,70.0,200.0,100.0,348.42839,0.0,70.0,200.0,100.0,600.0,1000.0,41.6,41.6,16879.621024,70.0,6.54793,0.0,29886.620949,0.0,0.0,0.0,0.0,0.0
344,734.520833,140.0,200.0,100.0,294.52083,0.0,140.0,200.0,100.0,600.0,1000.0,41.6,41.6,14672.066528,70.0,53.90756,0.0,30556.066644,0.0,0.0,0.0,0.0,0.0
345,733.584579,210.0,200.0,100.0,223.58458,0.0,210.0,200.0,100.0,600.0,1000.0,41.6,41.6,11756.118528,70.0,70.93625,0.0,30517.118486,0.0,0.0,0.0,0.0,0.0
346,741.788389,350.0,175.0,100.0,116.78839,0.0,350.0,175.0,100.0,600.0,1000.0,41.6,41.6,7358.397024,140.0,131.79619,0.0,30858.396966,0.0,0.0,0.0,0.0,0.0
347,749.389658,420.0,175.0,95.598293,58.791365,0.0,420.0,175.0,100.0,600.0,1000.0,41.6,41.6,4886.084084,70.0,62.398732,0.0,31174.609789,0.0,0.0,0.0,0.0,0.0
348,745.598293,525.0,150.0,70.598293,0.0,0.0,525.0,150.0,100.0,600.0,1000.0,1.4,21.5,1930.3633,105.0,108.791365,0.0,1043.83761,0.0,0.0,0.0,0.0,0.0
349,740.184706,630.0,60.184706,50.0,0.0,0.0,630.0,150.0,100.0,600.0,1000.0,1.0,21.5,1450.184706,105.0,110.413587,0.0,740.184706,0.0,0.0,0.0,0.0,89.815294
350,732.268261,490.0,150.0,75.0,17.268261,0.0,490.0,150.0,100.0,600.0,1000.0,41.6,41.6,2725.859658,132.083555,140.0,0.0,30462.359666,0.0,0.0,0.0,0.0,0.0
351,726.956642,420.0,125.0,100.0,81.956642,0.0,420.0,125.0,100.0,600.0,1000.0,41.6,41.6,5894.396307,89.688381,95.0,0.0,30241.396324,0.0,0.0,0.0,0.0,0.0
352,726.428261,350.0,125.0,100.0,151.42826,0.0,350.0,125.0,100.0,600.0,1000.0,41.6,41.6,8749.415616,69.471618,70.0,0.0,30219.415674,0.0,0.0,0.0,0.0,0.0
353,752.152071,280.0,100.0,100.0,272.15207,0.0,280.0,100.0,100.0,600.0,1000.0,41.6,41.6,13711.526112,120.72381,95.0,0.0,31289.526154,0.0,0.0,0.0,0.0,0.0
354,751.920325,210.0,75.0,100.0,366.92032,0.0,210.0,75.0,100.0,600.0,1000.0,41.6,41.6,17593.885312,94.76825,95.0,0.0,31279.885503,0.0,0.0,0.0,0.0,0.0
355,735.874229,70.0,100.0,100.0,465.87423,0.0,70.0,100.0,100.0,600.0,1000.0,41.6,41.6,21665.367968,123.95391,140.0,0.0,30612.367943,0.0,0.0,0.0,0.0,0.0
356,702.632579,0.0,100.0,100.0,502.63258,0.0,0.0,100.0,100.0,600.0,1000.0,41.6,41.6,23159.515328,36.75835,70.0,0.0,29229.515278,0.0,0.0,0.0,0.0,0.0
357,672.570484,0.0,150.0,100.0,422.57048,0.0,0.0,150.0,100.0,600.0,1000.0,41.6,41.6,19878.931968,50.0,80.0621,0.0,27978.932118,0.0,0.0,0.0,0.0,0.0
358,651.583563,0.0,200.0,100.0,351.58356,0.0,0.0,200.0,100.0,600.0,1000.0,41.6,41.6,16975.876096,50.0,70.98692,0.0,27105.876221,0.0,0.0,0.0,0.0,0.0
359,616.830928,0.0,250.0,100.0,266.83093,0.0,0.0,250.0,100.0,600.0,1000.0,41.6,41.6,13500.166688,50.0,84.75263,0.0,25660.166613,0.0,0.0,0.0,0.0,0.0
360,588.734039,0.0,375.0,100.0,113.73404,0.0,0.0,375.0,100.0,600.0,1000.0,41.6,41.6,7256.336064,125.0,153.09689,0.0,24491.336039,0.0,0.0,0.0,0.0,0.0
361,570.463182,0.0,300.0,100.0,170.46318,0.0,0.0,300.0,100.0,600.0,1000.0,41.6,41.6,9541.268288,56.72914,75.0,0.0,23731.268371,0.0,0.0,0.0,0.0,0.0
362,558.551436,0.0,250.0,100.0,208.55144,0.0,0.0,250.0,100.0,600.0,1000.0,41.6,41.6,11075.739904,38.08826,50.0,0.0,23235.739738,0.0,0.0,0.0,0.0,0.0
363,557.16096,0.0,225.0,100.0,232.16096,0.0,0.0,225.0,100.0,600.0,1000.0,41.6,41.6,12032.895936,23.60952,25.0,0.0,23177.895936,0.0,0.0,0.0,0.0,0.0
364,565.105214,0.0,225.0,100.0,240.10521,0.0,0.0,225.0,100.0,600.0,1000.0,41.6,41.6,12363.376736,7.94425,0.0,0.0,23508.376894,0.0,0.0,0.0,0.0,0.0
365,590.096706,0.0,225.0,100.0,265.09671,0.0,0.0,225.0,100.0,600.0,1000.0,41.6,41.6,13403.023136,24.9915,0.0,0.0,24548.02297,0.0,0.0,0.0,0.0,0.0
366,655.467626,0.0,200.0,100.0,355.46763,0.0,0.0,200.0,100.0,600.0,1000.0,41.6,41.6,17137.453408,90.37092,25.0,0.0,27267.453258,0.0,0.0,0.0,0.0,0.0
367,718.91042,70.0,200.0,100.0,348.91042,0.0,70.0,200.0,100.0,600.0,1000.0,41.6,41.6,16899.673472,70.0,6.55721,0.0,29906.673489,0.0,0.0,0.0,0.0,0.0
368,735.614674,140.0,200.0,100.0,295.61467,0.0,140.0,200.0,100.0,600.0,1000.0,41.6,41.6,14717.570272,70.0,53.29575,0.0,30601.570447,0.0,0.0,0.0,0.0,0.0
369,739.118674,210.0,200.0,100.0,229.11867,0.0,210.0,200.0,100.0,600.0,1000.0,41.6,41.6,11986.336672,70.0,66.496,0.0,30747.336847,0.0,0.0,0.0,0.0,0.0
370,748.638801,350.0,175.0,100.0,123.6388,0.0,350.0,175.0,100.0,600.0,1000.0,41.6,41.6,7643.37408,140.0,130.47987,0.0,31143.374122,0.0,0.0,0.0,0.0,0.0
371,754.914484,420.0,175.0,99.26915,60.645333,0.0,420.0,175.0,100.0,600.0,1000.0,41.6,41.6,5042.132578,70.0,63.724317,0.0,31404.442518,0.0,0.0,0.0,0.0,0.0
372,749.26915,525.0,150.0,74.26915,0.0,0.0,525.0,150.0,100.0,600.0,1000.0,1.4,21.5,2009.286725,105.0,110.645333,0.0,1048.97681,0.0,0.0,0.0,0.0,0.0
373,745.904198,630.0,65.904198,50.0,0.0,0.0,630.0,150.0,100.0,600.0,1000.0,1.0,21.5,1455.904198,105.0,108.364952,0.0,745.904198,0.0,0.0,0.0,0.0,84.095802
374,735.559055,490.0,150.0,75.0,20.559055,0.0,490.0,150.0,100.0,600.0,1000.0,41.6,41.6,2862.756688,129.654857,140.0,0.0,30599.25668,0.0,0.0,0.0,0.0,0.0
375,728.2915,420.0,125.0,100.0,83.2915,0.0,420.0,125.0,100.0,600.0,1000.0,41.6,41.6,5949.9264,87.732445,95.0,0.0,30296.926383,0.0,0.0,0.0,0.0,0.0
376,725.742293,350.0,125.0,100.0,150.74229,0.0,350.0,125.0,100.0,600.0,1000.0,41.6,41.6,8720.879264,67.45079,70.0,0.0,30190.879405,0.0,0.0,0.0,0.0,0.0
377,752.541404,280.0,100.0,100.0,272.5414,0.0,280.0,100.0,100.0,600.0,1000.0,41.6,41.6,13727.72224,121.79911,95.0,0.0,31305.722423,0.0,0.0,0.0,0.0,0.0
378,752.76388,210.0,75.0,100.0,367.76388,0.0,210.0,75.0,100.0,600.0,1000.0,41.6,41.6,17628.977408,95.22248,95.0,0.0,31314.977416,0.0,0.0,0.0,0.0,0.0
379,737.746738,70.0,100.0,100.0,467.74674,0.0,70.0,100.0,100.0,600.0,1000.0,41.6,41.6,21743.264384,124.98286,140.0,0.0,30690.264284,0.0,0.0,0.0,0.0,0.0
380,699.786737,0.0,100.0,100.0,499.78674,0.0,0.0,100.0,100.0,600.0,1000.0,41.6,41.6,23041.128384,32.04,70.0,0.0,29111.128276,0.0,0.0,0.0,0.0,0.0
381,670.076896,0.0,150.0,100.0,420.0769,0.0,0.0,150.0,100.0,600.0,1000.0,41.6,41.6,19775.19904,50.0,79.70984,0.0,27875.198882,0.0,0.0,0.0,0.0,0.0
382,654.142039,0.0,200.0,100.0,354.14204,0.0,0.0,200.0,100.0,600.0,1000.0,41.6,41.6,17082.308864,50.0,65.93486,0.0,27212.308831,0.0,0.0,0.0,0.0,0.0
383,619.176198,0.0,250.0,100.0,269.1762,0.0,0.0,250.0,100.0,600.0,1000.0,41.6,41.6,13597.72992,50.0,84.96584,0.0,25757.729837,0.0,0.0,0.0,0.0,0.0
384,589.716643,0.0,375.0,100.0,114.71664,0.0,0.0,375.0,100.0,600.0,1000.0,41.6,41.6,7297.212224,125.0,154.45956,0.0,24532.212332,0.0,0.0,0.0,0.0,0.0
385,570.954484,0.0,300.0,100.0,170.95448,0.0,0.0,300.0,100.0,600.0,1000.0,41.6,41.6,9561.706368,56.23784,75.0,0.0,23751.706518,0.0,0.0,0.0,0.0,0.0
386,560.359055,0.0,250.0,100.0,210.35905,0.0,0.0,250.0,100.0,600.0,1000.0,41.6,41.6,11150.93648,39.40457,50.0,0.0,23310.93668,0.0,0.0,0.0,0.0,0.0
387,558.180643,0.0,225.0,100.0,233.18064,0.0,0.0,225.0,100.0,600.0,1000.0,41.6,41.6,12075.314624,22.82159,25.0,0.0,23220.314732,0.0,0.0,0.0,0.0,0.0
388,561.313849,0.0,225.0,100.0,236.31385,0.0,0.0,225.0,100.0,600.0,1000.0,41.6,41.6,12205.65616,3.13321,0.0,0.0,23350.656102,0.0,0.0,0.0,0.0,0.0
389,583.459499,0.0,225.0,100.0,258.4595,0.0,0.0,225.0,100.0,600.0,1000.0,41.6,41.6,13126.9152,22.14565,0.0,0.0,24271.915175,0.0,0.0,0.0,0.0,0.0
390,648.923119,0.0,200.0,100.0,348.92312,0.0,0.0,200.0,100.0,600.0,1000.0,41.6,41.6,16865.201792,90.46362,25.0,0.0,26995.201734,0.0,0.0,0.0,0.0,0.0
391,714.544325,70.0,200.0,100.0,344.54432,0.0,70.0,200.0,100.0,600.0,1000.0,41.6,41.6,16718.043712,70.0,4.3788,0.0,29725.043912,0.0,0.0,0.0,0.0,0.0
392,731.934547,140.0,200.0,100.0,291.93455,0.0,140.0,200.0,100.0,600.0,1000.0,41.6,41.6,14564.47728,70.0,52.60977,0.0,30448.477164,0.0,0.0,0.0,0.0,0.0
393,731.369087,210.0,200.0,100.0,221.36909,0.0,210.0,200.0,100.0,600.0,1000.0,41.6,41.6,11663.954144,70.0,70.56546,0.0,30424.954011,0.0,0.0,0.0,0.0,0.0
394,736.625087,350.0,175.0,100.0,111.62509,0.0,350.0,175.0,100.0,600.0,1000.0,41.6,41.6,7143.603744,140.0,134.744,0.0,30643.603611,0.0,0.0,0.0,0.0,0.0
395,748.017722,420.0,175.0,91.538103,61.479619,0.0,420.0,175.0,100.0,600.0,1000.0,41.6,41.6,4910.621365,70.0,58.607368,0.0,31117.537227,0.0,0.0,0.0,0.0,0.0
396,741.538103,525.0,150.0,66.538103,0.0,0.0,525.0,150.0,100.0,600.0,1000.0,1.4,21.5,1843.069214,105.0,111.479619,0.0,1038.153344,0.0,0.0,0.0,0.0,0.0
397,736.217214,630.0,56.217214,50.0,0.0,0.0,630.0,150.0,100.0,600.0,1000.0,1.0,21.5,1446.217214,105.0,110.320889,0.0,736.217214,0.0,0.0,0.0,0.0,93.782786
398,728.541785,490.0,150.0,75.0,13.541785,0.0,490.0,150.0,100.0,600.0,1000.0,41.6,41.6,2570.838256,132.324571,140.0,0.0,30307.338273,0.0,0.0,0.0,0.0,0.0
399,724.277658,420.0,125.0,100.0,79.277658,0.0,420.0,125.0,100.0,600.0,1000.0,41.6,41.6,5782.950573,90.735873,95.0,0.0,30129.950573,0.0,0.0,0.0,0.0,0.0
400,720.616071,350.0,125.0,100.0,145.61607,0.0,350.0,125.0,100.0,600.0,1000.0,41.6,41.6,8507.628512,66.338412,70.0,0.0,29977.628554,0.0,0.0,0.0,0.0,0.0
401,748.268008,280.0,100.0,100.0,268.26801,0.0,280.0,100.0,100.0,600.0,1000.0,41.6,41.6,13549.949216,122.65194,95.0,0.0,31127.949116,0.0,0.0,0.0,0.0,0.0
402,751.846166,210.0,75.0,100.0,366.84617,0.0,210.0,75.0,100.0,600.0,1000.0,41.6,41.6,17590.800672,98.57816,95.0,0.0,31276.800522,0.0,0.0,0.0,0.0,0.0
403,735.2995,70.0,100.0,100.0,465.2995,0.0,70.0,100.0,100.0,600.0,1000.0,41.6,41.6,21641.4592,123.45333,140.0,0.0,30588.459183,0.0,0.0,0.0,0.0,0.0
404,698.49823,0.0,100.0,100.0,498.49823,0.0,0.0,100.0,100.0,600.0,1000.0,41.6,41.6,22987.526368,33.19873,70.0,0.0,29057.526351,0.0,0.0,0.0,0.0,0.0
405,674.452261,0.0,150.0,100.0,424.45226,0.0,0.0,150.0,100.0,600.0,1000.0,41.6,41.6,19957.214016,50.0,74.04597,0.0,28057.214066,0.0,0.0,0.0,0.0,0.0
406,656.366801,0.0,200.0,100.0,356.3668,0.0,0.0,200.0,100.0,600.0,1000.0,41.6,41.6,17174.85888,50.0,68.08546,0.0,27304.858913,0.0,0.0,0.0,0.0,0.0
407,621.743944,0.0,250.0,100.0,271.74394,0.0,0.0,250.0,100.0,600.0,1000.0,41.6,41.6,13704.547904,50.0,84.62286,0.0,25864.548079,0.0,0.0,0.0,0.0,0.0
408,591.728198,0.0,375.0,100.0,116.7282,0.0,0.0,375.0,100.0,600.0,1000.0,41.6,41.6,7380.89312,125.0,155.01574,0.0,24615.893028,0.0,0.0,0.0,0.0,0.0
409,573.967182,0.0,300.0,100.0,173.96718,0.0,0.0,300.0,100.0,600.0,1000.0,41.6,41.6,9687.034688,57.23898,75.0,0.0,23877.034771,0.0,0.0,0.0,0.0,0.0
410,561.79588,0.0,250.0,100.0,211.79588,0.0,0.0,250.0,100.0,600.0,1000.0,41.6,41.6,11210.708608,37.8287,50.0,0.0,23370.708616,0.0,0.0,0.0,0.0,0.0
411,557.077531,0.0,225.0,100.0,232.07753,0.0,0.0,225.0,100.0,600.0,1000.0,41.6,41.6,12029.425248,20.28165,25.0,0.0,23174.425298,0.0,0.0,0.0,0.0,0.0
412,561.86077,0.0,225.0,100.0,236.86077,0.0,0.0,225.0,100.0,600.0,1000.0,41.6,41.6,12228.408032,4.78324,0.0,0.0,23373.408015,0.0,0.0,0.0,0.0,0.0
413,586.092134,0.0,225.0,100.0,261.09213,0.0,0.0,225.0,100.0,600.0,1000.0,41.6,41.6,13236.432608,24.23136,0.0,0.0,24381.432791,0.0,0.0,0.0,0.0,0.0
414,651.286928,0.0,200.0,100.0,351.28693,0.0,0.0,200.0,100.0,600.0,1000.0,41.6,41.6,16963.536288,90.1948,25.0,0.0,27093.536196,0.0,0.0,0.0,0.0,0.0
415,715.109785,70.0,200.0,100.0,345.10979,0.0,70.0,200.0,100.0,600.0,1000.0,41.6,41.6,16741.567264,70.0,6.17714,0.0,29748.567064,0.0,0.0,0.0,0.0,0.0
416,733.788515,140.0,200.0,100.0,293.78852,0.0,140.0,200.0,100.0,600.0,1000.0,41.6,41.6,14641.602432,70.0,51.32127,0.0,30525.602241,0.0,0.0,0.0,0.0,0.0
417,739.025975,210.0,200.0,100.0,229.02598,0.0,210.0,200.0,100.0,600.0,1000.0,41.6,41.6,11982.480768,70.0,64.76254,0.0,30743.480577,0.0,0.0,0.0,0.0,0.0
418,746.710674,350.0,175.0,100.0,121.71067,0.0,350.0,175.0,100.0,600.0,1000.0,41.6,41.6,7563.163872,140.0,132.31531,0.0,31063.164038,0.0,0.0,0.0,0.0,0.0
419,747.387373,420.0,175.0,89.619246,62.768127,0.0,420.0,175.0,100.0,600.0,1000.0,41.6,41.6,4922.967872,70.0,69.323297,0.0,31091.3147,0.0,0.0,0.0,0.0,0.0
420,739.619246,525.0,150.0,64.619246,0.0,0.0,525.0,150.0,100.0,600.0,1000.0,1.4,21.5,1801.813789,105.0,112.768127,0.0,1035.466944,0.0,0.0,0.0,0.0,0.0
421,726.140896,630.0,48.190984,47.949912,0.0,0.0,630.0,150.0,100.0,600.0,1000.0,1.0,21.5,1394.114092,105.0,118.47835,0.0,726.140896,0.0,0.0,0.0,0.0,101.809016
422,712.949912,490.0,150.0,72.949912,0.0,0.0,490.0,150.0,100.0,600.0,1000.0,21.9,21.5,1963.423108,126.809016,140.0,0.0,15613.603082,0.0,0.0,0.0,0.0,0.0
423,704.097214,420.0,125.0,97.949912,61.147301,0.0,420.0,125.0,100.0,600.0,1000.0,41.6,41.6,4984.65083,86.147301,95.0,0.0,29290.444086,0.0,0.0,0.0,0.0,0.0
424,707.638293,350.0,125.0,100.0,132.63829,0.0,350.0,125.0,100.0,600.0,1000.0,41.6,41.6,7967.752864,73.541077,70.0,0.0,29437.752989,0.0,0.0,0.0,0.0,0.0
425,735.039944,280.0,100.0,100.0,255.03994,0.0,280.0,100.0,100.0,600.0,1000.0,41.6,41.6,12999.661504,122.40165,95.0,0.0,30577.661662,0.0,0.0,0.0,0.0,0.0
426,731.563753,210.0,75.0,100.0,346.56375,0.0,210.0,75.0,100.0,600.0,1000.0,41.6,41.6,16747.052,91.52381,95.0,0.0,30433.052133,0.0,0.0,0.0,0.0,0.0
427,710.78077,70.0,100.0,100.0,440.78077,0.0,70.0,100.0,100.0,600.0,1000.0,41.6,41.6,20621.480032,119.21702,140.0,0.0,29568.480015,0.0,0.0,0.0,0.0,0.0
428,675.879817,0.0,100.0,100.0,475.87982,0.0,0.0,100.0,100.0,600.0,1000.0,41.6,41.6,22046.600512,35.09905,70.0,0.0,28116.600396,0.0,0.0,0.0,0.0,0.0
429,646.225595,0.0,150.0,100.0,396.22559,0.0,0.0,150.0,100.0,600.0,1000.0,41.6,41.6,18782.984544,50.0,79.65423,0.0,26882.984744,0.0,0.0,0.0,0.0,0.0
430,636.251246,0.0,200.0,100.0,336.25125,0.0,0.0,200.0,100.0,600.0,1000.0,41.6,41.6,16338.052,50.0,59.97434,0.0,26468.051825,0.0,0.0,0.0,0.0,0.0
431,605.382674,0.0,250.0,100.0,255.38267,0.0,0.0,250.0,100.0,600.0,1000.0,41.6,41.6,13023.919072,50.0,80.86858,0.0,25183.91923,0.0,0.0,0.0,0.0,0.0
432,580.789785,0.0,375.0,100.0,105.78978,0.0,0.0,375.0,100.0,600.0,1000.0,41.6,41.6,6925.854848,125.0,149.59289,0.0,24160.855056,0.0,0.0,0.0,0.0,0.0
433,559.50623,0.0,300.0,100.0,159.50623,0.0,0.0,300.0,100.0,600.0,1000.0,41.6,41.6,9085.459168,53.71645,75.0,0.0,23275.45916,0.0,0.0,0.0,0.0,0.0
434,546.111309,0.0,250.0,100.0,196.11131,0.0,0.0,250.0,100.0,600.0,1000.0,41.6,41.6,10558.230496,36.60508,50.0,0.0,22718.230454,0.0,0.0,0.0,0.0,0.0
435,533.652643,0.0,225.0,100.0,208.65264,0.0,0.0,225.0,100.0,600.0,1000.0,41.6,41.6,11054.949824,12.54133,25.0,0.0,22199.949932,0.0,0.0,0.0,0.0,0.0
436,526.626103,0.0,225.0,100.0,201.6261,0.0,0.0,225.0,100.0,600.0,1000.0,41.6,41.6,10762.64576,0.0,7.02654,0.0,21907.645868,0.0,0.0,0.0,0.0,0.0
437,519.293658,0.0,225.0,100.0,194.29366,0.0,0.0,225.0,100.0,600.0,1000.0,41.6,41.6,10457.616256,0.0,7.33244,0.0,21602.616173,0.0,0.0,0.0,0.0,0.0
438,514.695817,0.0,200.0,100.0,214.69582,0.0,0.0,200.0,100.0,600.0,1000.0,41.6,41.6,11281.346112,20.40216,25.0,0.0,21411.345996,0.0,0.0,0.0,0.0,0.0
439,547.427626,70.0,200.0,100.0,177.42763,0.0,70.0,200.0,100.0,600.0,1000.0,41.6,41.6,9765.989408,70.0,37.26819,0.0,22772.98925,0.0,0.0,0.0,0.0,0.0
440,579.158293,140.0,200.0,100.0,139.15829,0.0,140.0,200.0,100.0,600.0,1000.0,41.6,41.6,8208.984864,70.0,38.26934,0.0,24092.984997,0.0,0.0,0.0,0.0,0.0
441,609.822928,210.0,200.0,93.364769,106.45816,0.0,210.0,200.0,100.0,600.0,1000.0,41.6,41.6,6741.00199,70.0,39.335361,0.0,25368.633813,0.0,0.0,0.0,0.0,0.0
442,627.528325,350.0,175.0,68.364769,34.163555,0.0,350.0,175.0,100.0,600.0,1000.0,41.6,41.6,3241.046422,140.0,122.294605,0.0,26105.178303,0.0,0.0,0.0,0.0,0.0
443,638.364769,420.0,175.0,43.364769,0.0,0.0,420.0,175.0,100.0,600.0,1000.0,1.8,21.5,1317.342534,70.0,59.163555,0.0,1149.056585,0.0,0.0,0.0,0.0,0.0
444,631.236262,525.0,87.871492,18.364769,0.0,0.0,525.0,150.0,100.0,600.0,1000.0,1.0,21.5,745.214025,105.0,112.128508,0.0,631.236262,0.0,0.0,0.0,0.0,62.128508
445,615.51461,615.51461,0.0,0.0,0.0,0.0,630.0,150.0,100.0,600.0,1000.0,0.5,0.5,307.757305,90.51461,106.236261,0.0,307.757305,0.0,0.0,0.0,0.0,164.48539
446,602.369975,490.0,87.369975,25.0,0.0,0.0,490.0,150.0,100.0,600.0,1000.0,1.0,21.5,869.869975,112.369975,125.51461,0.0,602.369975,0.0,0.0,0.0,0.0,62.630025
447,603.816071,420.0,125.0,50.0,8.816071,0.0,420.0,125.0,100.0,600.0,1000.0,41.6,41.6,1776.748545,71.446096,70.0,0.0,25118.748545,0.0,0.0,0.0,0.0,0.0
448,607.588896,350.0,125.0,75.0,57.588896,0.0,350.0,125.0,100.0,600.0,1000.0,41.6,41.6,4308.198074,73.772825,70.0,0.0,25275.698074,0.0,0.0,0.0,0.0,0.0
449,648.292769,280.0,100.0,100.0,168.29277,0.0,280.0,100.0,100.0,600.0,1000.0,41.6,41.6,9390.979232,135.703874,95.0,0.0,26968.979207,0.0,0.0,0.0,0.0,0.0
450,656.922992,210.0,75.0,100.0,271.92299,0.0,210.0,75.0,100.0,600.0,1000.0,41.6,41.6,13641.996384,103.63022,95.0,0.0,27327.996459,0.0,0.0,0.0,0.0,0.0
451,635.806293,70.0,100.0,100.0,365.80629,0.0,70.0,100.0,100.0,600.0,1000.0,41.6,41.6,17502.541664,118.8833,140.0,0.0,26449.541789,0.0,0.0,0.0,0.0,0.0
452,599.589023,0.0,100.0,100.0,399.58902,0.0,0.0,100.0,100.0,600.0,1000.0,41.6,41.6,18872.903232,33.78273,70.0,0.0,24942.903373,0.0,0.0,0.0,0.0,0.0
453,585.693531,0.0,150.0,100.0,335.69353,0.0,0.0,150.0,100.0,600.0,1000.0,41.6,41.6,16264.850848,50.0,63.89549,0.0,24364.85089,0.0,0.0,0.0,0.0,0.0
454,588.08515,0.0,200.0,100.0,288.08515,0.0,0.0,200.0,100.0,600.0,1000.0,41.6,41.6,14334.34224,50.0,47.60838,0.0,24464.342248,0.0,0.0,0.0,0.0,0.0
455,569.230293,0.0,250.0,100.0,219.23029,0.0,0.0,250.0,100.0,600.0,1000.0,41.6,41.6,11519.980064,50.0,68.85486,0.0,23679.980189,0.0,0.0,0.0,0.0,0.0
456,548.808833,0.0,375.0,100.0,73.808833,0.0,0.0,375.0,100.0,600.0,1000.0,41.6,41.6,5595.447453,125.0,145.421457,0.0,22830.447444,0.0,0.0,0.0,0.0,0.0
457,530.612134,0.0,300.0,100.0,130.61213,0.0,0.0,300.0,100.0,600.0,1000.0,41.6,41.6,7883.464608,56.803297,75.0,0.0,22073.464783,0.0,0.0,0.0,0.0,0.0
458,516.27169,0.0,250.0,100.0,166.27169,0.0,0.0,250.0,100.0,600.0,1000.0,41.6,41.6,9316.902304,35.65956,50.0,0.0,21476.902312,0.0,0.0,0.0,0.0,0.0
459,506.380769,0.0,225.0,100.0,181.38077,0.0,0.0,225.0,100.0,600.0,1000.0,41.6,41.6,9920.440032,15.10908,25.0,0.0,21065.440007,0.0,0.0,0.0,0.0,0.0
460,500.346103,0.0,225.0,100.0,175.3461,0.0,0.0,225.0,100.0,600.0,1000.0,41.6,41.6,9669.39776,0.0,6.03467,0.0,20814.397868,0.0,0.0,0.0,0.0,0.0
461,493.977722,0.0,225.0,100.0,168.97772,0.0,0.0,225.0,100.0,600.0,1000.0,41.6,41.6,9404.473152,0.0,6.36838,0.0,20549.473227,0.0,0.0,0.0,0.0,0.0
462,479.45188,0.0,200.0,100.0,179.45188,0.0,0.0,200.0,100.0,600.0,1000.0,41.6,41.6,9815.198208,10.47416,25.0,0.0,19945.198216,0.0,0.0,0.0,0.0,0.0
463,492.707753,70.0,200.0,100.0,122.70775,0.0,70.0,200.0,100.0,600.0,1000.0,41.6,41.6,7489.6424,70.0,56.74413,0.0,20496.642541,0.0,0.0,0.0,0.0,0.0
464,523.214801,140.0,200.0,100.0,83.214801,0.0,140.0,200.0,100.0,600.0,1000.0,41.6,41.6,5881.735722,70.0,39.492949,0.0,21765.735713,0.0,0.0,0.0,0.0,0.0
465,553.582801,210.0,200.0,75.0,68.582801,0.0,210.0,200.0,100.0,600.0,1000.0,41.6,41.6,4770.544522,70.0,39.632,0.0,23029.04453,0.0,0.0,0.0,0.0,0.0
466,578.935817,350.0,175.0,50.0,3.935817,0.0,350.0,175.0,100.0,600.0,1000.0,41.6,41.6,1588.729979,140.0,114.646984,0.0,24083.729979,0.0,0.0,0.0,0.0,0.0
467,600.94242,420.0,155.94242,25.0,0.0,0.0,420.0,175.0,100.0,600.0,1000.0,1.0,21.5,903.44242,70.0,47.993397,0.0,600.94242,0.0,0.0,0.0,0.0,19.05758
468,601.155626,525.0,76.155626,0.0,0.0,0.0,525.0,150.0,100.0,600.0,1000.0,1.0,1.0,338.655626,105.0,104.786794,0.0,601.155626,0.0,0.0,0.0,0.0,73.844374
469,586.055055,586.05506,0.0,0.0,0.0,0.0,630.0,150.0,100.0,600.0,1000.0,0.5,0.5,293.02753,61.05506,76.155626,0.0,293.027528,0.0,0.0,0.0,0.0,193.94494
470,573.142166,490.0,83.142166,0.0,0.0,0.0,490.0,150.0,100.0,600.0,1000.0,1.0,1.0,328.142166,83.142166,96.05506,0.0,573.142166,0.0,0.0,0.0,0.0,66.857834
471,565.828261,420.0,120.82826,25.0,0.0,0.0,420.0,125.0,100.0,600.0,1000.0,1.0,21.5,868.32826,62.686094,70.0,0.0,565.828261,0.0,0.0,0.0,0.0,4.17174
472,571.14915,350.0,125.0,50.0,46.14915,0.0,350.0,125.0,100.0,600.0,1000.0,41.6,41.6,3294.80464,75.32089,70.0,0.0,23759.80464,0.0,0.0,0.0,0.0,0.0
473,612.464833,280.0,100.0,75.0,157.46483,0.0,280.0,100.0,100.0,600.0,1000.0,41.6,41.6,8403.036928,136.31568,95.0,0.0,25478.537036,0.0,0.0,0.0,0.0,0.0
474,627.055563,210.0,75.0,100.0,242.05556,0.0,210.0,75.0,100.0,600.0,1000.0,41.6,41.6,12399.511296,109.59073,95.0,0.0,26085.511421,0.0,0.0,0.0,0.0,0.0
475,614.35588,70.0,100.0,100.0,344.35588,0.0,70.0,100.0,100.0,600.0,1000.0,41.6,41.6,16610.204608,127.30032,140.0,0.0,25557.204616,0.0,0.0,0.0,0.0,0.0
476,590.606547,0.0,100.0,100.0,390.60655,0.0,0.0,100.0,100.0,600.0,1000.0,41.6,41.6,18499.23248,46.25067,70.0,0.0,24569.232355,0.0,0.0,0.0,0.0,0.0
477,583.719055,0.0,150.0,100.0,333.71906,0.0,0.0,150.0,100.0,600.0,1000.0,41.6,41.6,16182.712896,50.0,56.88749,0.0,24282.712696,0.0,0.0,0.0,0.0,0.0
478,591.811627,0.0,200.0,100.0,291.81163,0.0,0.0,200.0,100.0,600.0,1000.0,41.6,41.6,14489.363808,50.0,41.90743,0.0,24619.363667,0.0,0.0,0.0,0.0,0.0
479,569.156134,0.0,250.0,100.0,219.15613,0.0,0.0,250.0,100.0,600.0,1000.0,41.6,41.6,11516.895008,50.0,72.6555,0.0,23676.895183,0.0,0.0,0.0,0.0,0.0
480,546.750928,0.0,375.0,100.0,71.750928,0.0,0.0,375.0,100.0,600.0,1000.0,41.6,41.6,5509.838605,125.0,147.405202,0.0,22744.838613,0.0,0.0,0.0,0.0,0.0
481,529.305087,0.0,300.0,100.0,129.30509,0.0,0.0,300.0,100.0,600.0,1000.0,41.6,41.6,7829.091744,57.554162,75.0,0.0,22019.091619,0.0,0.0,0.0,0.0,0.0
482,527.525277,0.0,250.0,100.0,177.52528,0.0,0.0,250.0,100.0,600.0,1000.0,41.6,41.6,9785.051648,48.22019,50.0,0.0,21945.051523,0.0,0.0,0.0,0.0,0.0
483,526.459246,0.0,225.0,100.0,201.45925,0.0,0.0,225.0,100.0,600.0,1000.0,41.6,41.6,10755.7048,23.93397,25.0,0.0,21900.704617,0.0,0.0,0.0,0.0,0.0
484,533.736071,0.0,225.0,100.0,208.73607,0.0,0.0,225.0,100.0,600.0,1000.0,41.6,41.6,11058.420512,7.27682,0.0,0.0,22203.420545,0.0,0.0,0.0,0.0,0.0
485,564.131881,0.0,225.0,100.0,239.13188,0.0,0.0,225.0,100.0,600.0,1000.0,41.6,41.6,12322.886208,30.39581,0.0,0.0,23467.886233,0.0,0.0,0.0,0.0,0.0
486,632.858483,0.0,200.0,100.0,332.85848,0.0,0.0,200.0,100.0,600.0,1000.0,41.6,41.6,16196.912768,93.7266,25.0,0.0,26326.912909,0.0,0.0,0.0,0.0,0.0
487,696.282737,70.0,200.0,100.0,326.28274,0.0,70.0,200.0,100.0,600.0,1000.0,41.6,41.6,15958.361984,70.0,6.57574,0.0,28965.361876,0.0,0.0,0.0,0.0,0.0
488,718.437658,140.0,200.0,100.0,278.43766,0.0,140.0,200.0,100.0,600.0,1000.0,41.6,41.6,14003.006656,70.0,47.84508,0.0,29887.006581,0.0,0.0,0.0,0.0,0.0
489,720.458483,210.0,200.0,100.0,210.45848,0.0,210.0,200.0,100.0,600.0,1000.0,41.6,41.6,11210.072768,70.0,67.97918,0.0,29971.072909,0.0,0.0,0.0,0.0,0.0
490,730.488452,350.0,175.0,100.0,105.48845,0.0,350.0,175.0,100.0,600.0,1000.0,41.6,41.6,6888.31952,140.0,129.97003,0.0,30388.319595,0.0,0.0,0.0,0.0,0.0
491,739.674865,420.0,175.0,87.116388,57.558476,0.0,420.0,175.0,100.0,600.0,1000.0,41.6,41.6,4652.434944,70.0,60.813586,0.0,30770.474367,0.0,0.0,0.0,0.0,0.0
492,737.116388,525.0,150.0,62.116388,0.0,0.0,525.0,150.0,100.0,600.0,1000.0,1.4,21.5,1748.002342,105.0,107.558476,0.0,1031.962944,0.0,0.0,0.0,0.0,0.0
493,733.278674,630.0,53.278674,50.0,0.0,0.0,630.0,150.0,100.0,600.0,1000.0,1.0,21.5,1443.278674,105.0,108.837714,0.0,733.278674,0.0,0.0,0.0,0.0,96.721326
494,723.841976,490.0,150.0,75.0,8.841976,0.0,490.0,150.0,100.0,600.0,1000.0,41.6,41.6,2375.326193,130.563302,140.0,0.0,30111.826193,0.0,0.0,0.0,0.0,0.0
495,715.41569,420.0,125.0,100.0,70.41569,0.0,420.0,125.0,100.0,600.0,1000.0,41.6,41.6,5414.292704,86.573714,95.0,0.0,29761.292696,0.0,0.0,0.0,0.0,0.0
496,709.269785,350.0,125.0,100.0,134.26979,0.0,350.0,125.0,100.0,600.0,1000.0,41.6,41.6,8035.623264,63.8541,70.0,0.0,29505.623073,0.0,0.0,0.0,0.0,0.0
497,737.311055,280.0,100.0,100.0,257.31105,0.0,280.0,100.0,100.0,600.0,1000.0,41.6,41.6,13094.13968,123.04126,95.0,0.0,30672.13988,0.0,0.0,0.0,0.0,0.0
498,741.853277,210.0,75.0,100.0,356.85328,0.0,210.0,75.0,100.0,600.0,1000.0,41.6,41.6,17175.096448,99.54223,95.0,0.0,30861.09634,0.0,0.0,0.0,0.0,0.0
499,727.058611,70.0,100.0,100.0,457.05861,0.0,70.0,100.0,100.0,600.0,1000.0,41.6,41.6,21298.638176,125.20533,140.0,0.0,30245.638201,0.0,0.0,0.0,0.0,0.0
500,693.78915,0.0,100.0,100.0,493.78915,0.0,0.0,100.0,100.0,600.0,1000.0,41.6,41.6,22791.62864,36.73054,70.0,0.0,28861.62864,0.0,0.0,0.0,0.0,0.0
501,667.064198,0.0,150.0,100.0,417.0642,0.0,0.0,150.0,100.0,600.0,1000.0,41.6,41.6,19649.87072,50.0,76.72495,0.0,27749.870628,0.0,0.0,0.0,0.0,0.0
502,650.971753,0.0,200.0,100.0,350.97175,0.0,0.0,200.0,100.0,600.0,1000.0,41.6,41.6,16950.4248,50.0,66.09245,0.0,27080.424933,0.0,0.0,0.0,0.0,0.0
503,615.208706,0.0,250.0,100.0,265.20871,0.0,0.0,250.0,100.0,600.0,1000.0,41.6,41.6,13432.682336,50.0,85.76304,0.0,25592.682161,0.0,0.0,0.0,0.0,0.0
504,589.633214,0.0,375.0,100.0,114.63321,0.0,0.0,375.0,100.0,600.0,1000.0,41.6,41.6,7293.741536,125.0,150.5755,0.0,24528.741694,0.0,0.0,0.0,0.0,0.0
505,572.048325,0.0,300.0,100.0,172.04832,0.0,0.0,300.0,100.0,600.0,1000.0,41.6,41.6,9607.210112,57.41511,75.0,0.0,23797.21032,0.0,0.0,0.0,0.0,0.0
506,561.684643,0.0,250.0,100.0,211.68464,0.0,0.0,250.0,100.0,600.0,1000.0,41.6,41.6,11206.081024,39.63632,50.0,0.0,23366.081132,0.0,0.0,0.0,0.0,0.0
507,559.626737,0.0,225.0,100.0,234.62674,0.0,0.0,225.0,100.0,600.0,1000.0,41.6,41.6,12135.472384,22.9421,25.0,0.0,23280.472276,0.0,0.0,0.0,0.0,0.0
508,567.561722,0.0,225.0,100.0,242.56172,0.0,0.0,225.0,100.0,600.0,1000.0,41.6,41.6,12465.567552,7.93498,0.0,0.0,23610.567627,0.0,0.0,0.0,0.0,0.0
509,590.346992,0.0,225.0,100.0,265.34699,0.0,0.0,225.0,100.0,600.0,1000.0,41.6,41.6,13413.434784,22.78527,0.0,0.0,24558.434859,0.0,0.0,0.0,0.0,0.0
510,653.168706,0.0,200.0,100.0,353.16871,0.0,0.0,200.0,100.0,600.0,1000.0,41.6,41.6,17041.818336,87.82172,25.0,0.0,27171.81817,0.0,0.0,0.0,0.0,0.0
511,716.908135,70.0,200.0,100.0,346.90813,0.0,70.0,200.0,100.0,600.0,1000.0,41.6,41.6,16816.378208,70.0,6.26058,0.0,29823.378399,0.0,0.0,0.0,0.0,0.0
512,734.69696,140.0,200.0,100.0,294.69696,0.0,140.0,200.0,100.0,600.0,1000.0,41.6,41.6,14679.393536,70.0,52.21117,0.0,30563.393528,0.0,0.0,0.0,0.0,0.0
513,740.314484,210.0,200.0,100.0,230.31448,0.0,210.0,200.0,100.0,600.0,1000.0,41.6,41.6,12036.082368,70.0,64.38248,0.0,30797.082526,0.0,0.0,0.0,0.0,0.0
514,751.744198,350.0,175.0,100.0,126.7442,0.0,350.0,175.0,100.0,600.0,1000.0,41.6,41.6,7772.55872,140.0,128.57028,0.0,31272.55862,0.0,0.0,0.0,0.0,0.0
515,757.639817,420.0,175.0,100.0,62.639817,0.0,420.0,175.0,100.0,600.0,1000.0,41.6,41.6,5140.816387,70.0,64.104383,0.0,31517.816379,0.0,0.0,0.0,0.0,0.0
516,752.281849,525.0,150.0,77.281849,0.0,0.0,525.0,150.0,100.0,600.0,1000.0,21.9,21.5,2074.059753,105.0,110.357968,0.0,16474.972484,0.0,0.0,0.0,0.0,0.0
517,749.760452,630.0,67.478603,52.281849,0.0,0.0,630.0,150.0,100.0,600.0,1000.0,1.0,21.5,1506.538356,105.0,107.521397,0.0,749.760452,0.0,0.0,0.0,0.0,82.521397
518,738.432706,490.0,150.0,77.281849,21.150857,0.0,490.0,150.0,100.0,600.0,1000.0,41.6,41.6,2936.435405,128.672254,140.0,0.0,30718.800553,0.0,0.0,0.0,0.0,0.0
519,732.574166,420.0,125.0,100.0,87.574166,0.0,420.0,125.0,100.0,600.0,1000.0,41.6,41.6,6128.085306,89.14146,95.0,0.0,30475.085322,0.0,0.0,0.0,0.0,0.0
520,725.797912,350.0,125.0,100.0,150.79791,0.0,350.0,125.0,100.0,600.0,1000.0,41.6,41.6,8723.193056,63.223744,70.0,0.0,30193.193148,0.0,0.0,0.0,0.0,0.0
521,750.576198,280.0,100.0,100.0,270.5762,0.0,280.0,100.0,100.0,600.0,1000.0,41.6,41.6,13645.96992,119.77829,95.0,0.0,31223.969837,0.0,0.0,0.0,0.0,0.0
522,753.264452,210.0,75.0,100.0,368.26445,0.0,210.0,75.0,100.0,600.0,1000.0,41.6,41.6,17649.80112,97.68825,95.0,0.0,31335.801195,0.0,0.0,0.0,0.0,0.0
523,737.385214,70.0,100.0,100.0,467.38521,0.0,70.0,100.0,100.0,600.0,1000.0,41.6,41.6,21728.224736,124.12076,140.0,0.0,30675.224886,0.0,0.0,0.0,0.0,0.0
524,701.501658,0.0,100.0,100.0,501.50166,0.0,0.0,100.0,100.0,600.0,1000.0,41.6,41.6,23112.469056,34.11645,70.0,0.0,29182.468973,0.0,0.0,0.0,0.0,0.0
525,675.564643,0.0,150.0,100.0,425.56464,0.0,0.0,150.0,100.0,600.0,1000.0,41.6,41.6,20003.489024,50.0,75.93702,0.0,28103.489132,0.0,0.0,0.0,0.0,0.0
526,656.172134,0.0,200.0,100.0,356.17213,0.0,0.0,200.0,100.0,600.0,1000.0,41.6,41.6,17166.760608,50.0,69.39251,0.0,27296.760791,0.0,0.0,0.0,0.0,0.0
527,623.356896,0.0,250.0,100.0,273.3569,0.0,0.0,250.0,100.0,600.0,1000.0,41.6,41.6,13771.64704,50.0,82.81523,0.0,25931.646874,0.0,0.0,0.0,0.0,0.0
528,602.314357,0.0,375.0,100.0,127.31436,0.0,0.0,375.0,100.0,600.0,1000.0,41.6,41.6,7821.277376,125.0,146.04254,0.0,25056.277235,0.0,0.0,0.0,0.0,0.0
529,583.190674,0.0,300.0,100.0,183.19067,0.0,0.0,300.0,100.0,600.0,1000.0,41.6,41.6,10070.731872,55.87631,75.0,0.0,24260.732047,0.0,0.0,0.0,0.0,0.0
530,572.205912,0.0,250.0,100.0,222.20591,0.0,0.0,250.0,100.0,600.0,1000.0,41.6,41.6,11643.765856,39.01524,50.0,0.0,23803.765939,0.0,0.0,0.0,0.0,0.0
531,569.601087,0.0,225.0,100.0,244.60109,0.0,0.0,225.0,100.0,600.0,1000.0,41.6,41.6,12550.405344,22.39518,25.0,0.0,23695.405219,0.0,0.0,0.0,0.0,0.0
532,577.239436,0.0,225.0,100.0,252.23944,0.0,0.0,225.0,100.0,600.0,1000.0,41.6,41.6,12868.160704,7.63835,0.0,0.0,24013.160546,0.0,0.0,0.0,0.0,0.0
533,603.074483,0.0,225.0,100.0,278.07448,0.0,0.0,225.0,100.0,600.0,1000.0,41.6,41.6,13942.898368,25.83504,0.0,0.0,25087.898509,0.0,0.0,0.0,0.0,0.0
534,667.611119,0.0,200.0,100.0,367.61112,0.0,0.0,200.0,100.0,600.0,1000.0,41.6,41.6,17642.622592,89.53664,25.0,0.0,27772.622542,0.0,0.0,0.0,0.0,0.0
535,728.022674,70.0,200.0,100.0,358.02267,0.0,70.0,200.0,100.0,600.0,1000.0,41.6,41.6,17278.743072,70.0,9.58845,0.0,30285.74323,0.0,0.0,0.0,0.0,0.0
536,743.744325,140.0,200.0,100.0,303.74433,0.0,140.0,200.0,100.0,600.0,1000.0,41.6,41.6,15055.764128,70.0,54.27834,0.0,30939.76392,0.0,0.0,0.0,0.0,0.0
537,744.161468,210.0,200.0,100.0,234.16147,0.0,210.0,200.0,100.0,600.0,1000.0,41.6,41.6,12196.117152,70.0,69.58286,0.0,30957.11706,0.0,0.0,0.0,0.0,0.0
538,750.094166,350.0,175.0,100.0,125.09417,0.0,350.0,175.0,100.0,600.0,1000.0,41.6,41.6,7703.917472,140.0,134.0673,0.0,31203.917322,0.0,0.0,0.0,0.0,0.0
539,757.009468,420.0,175.0,100.0,62.009468,0.0,420.0,175.0,100.0,600.0,1000.0,41.6,41.6,5114.593869,70.0,63.084702,0.0,31491.593852,0.0,0.0,0.0,0.0,0.0
540,754.413912,525.0,150.0,79.413912,0.0,0.0,525.0,150.0,100.0,600.0,1000.0,21.9,21.5,2119.899108,105.0,107.595556,0.0,16521.664673,0.0,0.0,0.0,0.0,0.0
541,749.176452,630.0,64.76254,54.413912,0.0,0.0,630.0,150.0,100.0,600.0,1000.0,1.0,21.5,1549.661648,105.0,110.23746,0.0,749.176452,0.0,0.0,0.0,0.0,85.23746
542,739.406039,490.0,150.0,79.413912,19.992127,0.0,490.0,150.0,100.0,600.0,1000.0,41.6,41.6,2934.071591,130.229587,140.0,0.0,30759.291239,0.0,0.0,0.0,0.0,0.0
543,734.798928,420.0,125.0,100.0,89.798928,0.0,420.0,125.0,100.0,600.0,1000.0,41.6,41.6,6220.635405,90.392889,95.0,0.0,30567.635405,0.0,0.0,0.0,0.0,0.0
544,730.812896,350.0,125.0,100.0,155.8129,0.0,350.0,125.0,100.0,600.0,1000.0,41.6,41.6,8931.81664,66.013972,70.0,0.0,30401.81649,0.0,0.0,0.0,0.0,0.0
545,758.177468,280.0,100.0,100.0,278.17747,0.0,280.0,100.0,100.0,600.0,1000.0,41.6,41.6,13962.182752,122.36457,95.0,0.0,31540.18266,0.0,0.0,0.0,0.0,0.0
546,761.755627,210.0,75.0,100.0,376.75563,0.0,210.0,75.0,100.0,600.0,1000.0,41.6,41.6,18003.034208,98.57816,95.0,0.0,31689.034067,0.0,0.0,0.0,0.0,0.0
547,745.449976,70.0,100.0,100.0,475.44998,0.0,70.0,100.0,100.0,600.0,1000.0,41.6,41.6,22063.719168,123.69435,140.0,0.0,31010.718985,0.0,0.0,0.0,0.0,0.0
548,709.844515,0.0,100.0,100.0,509.84452,0.0,0.0,100.0,100.0,600.0,1000.0,41.6,41.6,23459.532032,34.39454,70.0,0.0,29529.531832,0.0,0.0,0.0,0.0,0.0
549,685.61315,0.0,150.0,100.0,435.61315,0.0,0.0,150.0,100.0,600.0,1000.0,41.6,41.6,20421.50704,50.0,74.23137,0.0,28521.507057,0.0,0.0,0.0,0.0,0.0
550,670.253023,0.0,200.0,100.0,370.25302,0.0,0.0,200.0,100.0,600.0,1000.0,41.6,41.6,17752.525632,50.0,65.36013,0.0,27882.525765,0.0,0.0,0.0,0.0,0.0
551,632.793595,0.0,250.0,100.0,282.79359,0.0,0.0,250.0,100.0,600.0,1000.0,41.6,41.6,14164.213344,50.0,87.45943,0.0,26324.213535,0.0,0.0,0.0,0.0,0.0
552,607.34788,0.0,375.0,100.0,132.34788,0.0,0.0,375.0,100.0,600.0,1000.0,41.6,41.6,8030.671808,125.0,150.44571,0.0,25265.671816,0.0,0.0,0.0,0.0,0.0
553,587.668007,0.0,300.0,100.0,187.66801,0.0,0.0,300.0,100.0,600.0,1000.0,41.6,41.6,10256.989216,55.32013,75.0,0.0,24446.989108,0.0,0.0,0.0,0.0,0.0
554,577.248706,0.0,250.0,100.0,227.24871,0.0,0.0,250.0,100.0,600.0,1000.0,41.6,41.6,11853.546336,39.5807,50.0,0.0,24013.546153,0.0,0.0,0.0,0.0,0.0
555,573.716896,0.0,225.0,100.0,248.7169,0.0,0.0,225.0,100.0,600.0,1000.0,41.6,41.6,12721.62304,21.46819,25.0,0.0,23866.622882,0.0,0.0,0.0,0.0,0.0
556,579.723754,0.0,225.0,100.0,254.72375,0.0,0.0,225.0,100.0,600.0,1000.0,41.6,41.6,12971.508,6.00685,0.0,0.0,24116.50815,0.0,0.0,0.0,0.0,0.0
557,600.719944,0.0,225.0,100.0,275.71994,0.0,0.0,225.0,100.0,600.0,1000.0,41.6,41.6,13844.949504,20.99619,0.0,0.0,24989.949679,0.0,0.0,0.0,0.0,0.0
558,665.256579,0.0,200.0,100.0,365.25658,0.0,0.0,200.0,100.0,600.0,1000.0,41.6,41.6,17544.673728,89.53664,25.0,0.0,27674.673686,0.0,0.0,0.0,0.0,0.0
559,730.099118,70.0,200.0,100.0,360.09912,0.0,70.0,200.0,100.0,600.0,1000.0,41.6,41.6,17365.123392,70.0,5.15746,0.0,30372.123325,0.0,0.0,0.0,0.0,0.0
560,749.065214,140.0,200.0,100.0,309.06521,0.0,140.0,200.0,100.0,600.0,1000.0,41.6,41.6,15277.112736,70.0,51.03391,0.0,31161.112894,0.0,0.0,0.0,0.0,0.0
561,749.463817,210.0,200.0,100.0,239.46382,0.0,210.0,200.0,100.0,600.0,1000.0,41.6,41.6,12416.694912,70.0,69.60139,0.0,31177.694796,0.0,0.0,0.0,0.0,0.0
562,753.755753,350.0,175.0,100.0,128.75575,0.0,350.0,175.0,100.0,600.0,1000.0,41.6,41.6,7856.2392,140.0,135.70807,0.0,31356.239341,0.0,0.0,0.0,0.0,0.0
563,760.36515,420.0,175.0,100.0,65.36515,0.0,420.0,175.0,100.0,600.0,1000.0,41.6,41.6,5254.19024,70.0,63.3906,0.0,31631.19024,0.0,0.0,0.0,0.0,0.0
564,759.80896,525.0,150.0,84.80896,0.0,0.0,525.0,150.0,100.0,600.0,1000.0,21.9,21.5,2235.89264,105.0,105.55619,0.0,16639.816215,0.0,0.0,0.0,0.0,0.0
565,755.609722,630.0,65.800762,59.80896,0.0,0.0,630.0,150.0,100.0,600.0,1000.0,1.0,21.5,1666.693402,105.0,109.199238,0.0,755.609722,0.0,0.0,0.0,0.0,84.199238
566,746.265722,490.0,150.0,84.80896,21.456762,0.0,490.0,150.0,100.0,600.0,1000.0,41.6,41.6,3110.993939,130.656,140.0,0.0,31044.654027,0.0,0.0,0.0,0.0,0.0
567,739.146484,420.0,125.0,100.0,94.146484,0.0,420.0,125.0,100.0,600.0,1000.0,41.6,41.6,6401.493734,87.880762,95.0,0.0,30748.493718,0.0,0.0,0.0,0.0,0.0
568,732.129214,350.0,125.0,100.0,157.12921,0.0,350.0,125.0,100.0,600.0,1000.0,41.6,41.6,8986.575136,62.982726,70.0,0.0,30456.575286,0.0,0.0,0.0,0.0,0.0
569,760.874992,280.0,100.0,100.0,280.87499,0.0,280.0,100.0,100.0,600.0,1000.0,41.6,41.6,14074.399584,123.74578,95.0,0.0,31652.399651,0.0,0.0,0.0,0.0,0.0
570,763.859881,210.0,75.0,100.0,378.85988,0.0,210.0,75.0,100.0,600.0,1000.0,41.6,41.6,18090.571008,97.98489,95.0,0.0,31776.571033,0.0,0.0,0.0,0.0,0.0
571,747.220516,70.0,100.0,100.0,477.22052,0.0,70.0,100.0,100.0,600.0,1000.0,41.6,41.6,22137.373632,123.36064,140.0,0.0,31084.373449,0.0,0.0,0.0,0.0,0.0
572,709.779626,0.0,100.0,100.0,509.77963,0.0,0.0,100.0,100.0,600.0,1000.0,41.6,41.6,23456.832608,32.55911,70.0,0.0,29526.832458,0.0,0.0,0.0,0.0,0.0
573,682.934166,0.0,150.0,100.0,432.93417,0.0,0.0,150.0,100.0,600.0,1000.0,41.6,41.6,20310.061472,50.0,76.84546,0.0,28410.061306,0.0,0.0,0.0,0.0,0.0
574,667.954103,0.0,200.0,100.0,367.9541,0.0,0.0,200.0,100.0,600.0,1000.0,41.6,41.6,17656.89056,50.0,64.98007,0.0,27786.890676,0.0,0.0,0.0,0.0,0.0
575,635.657975,0.0,250.0,100.0,285.65798,0.0,0.0,250.0,100.0,600.0,1000.0,41.6,41.6,14283.371968,50.0,82.29612,0.0,26443.371777,0.0,0.0,0.0,0.0,0.0
576,608.497341,0.0,375.0,100.0,133.49734,0.0,0.0,375.0,100.0,600.0,1000.0,41.6,41.6,8078.489344,125.0,152.16064,0.0,25313.489386,0.0,0.0,0.0,0.0,0.0
577,588.798928,0.0,300.0,100.0,188.79893,0.0,0.0,300.0,100.0,600.0,1000.0,41.6,41.6,10304.035488,55.30159,75.0,0.0,24494.035413,0.0,0.0,0.0,0.0,0.0
578,576.803753,0.0,250.0,100.0,226.80375,0.0,0.0,250.0,100.0,600.0,1000.0,41.6,41.6,11835.036,38.00482,50.0,0.0,23995.036141,0.0,0.0,0.0,0.0,0.0
579,572.845531,0.0,225.0,100.0,247.84553,0.0,0.0,225.0,100.0,600.0,1000.0,41.6,41.6,12685.374048,21.04178,25.0,0.0,23830.374098,0.0,0.0,0.0,0.0,0.0
580,580.094547,0.0,225.0,100.0,255.09455,0.0,0.0,225.0,100.0,600.0,1000.0,41.6,41.6,12986.93328,7.24902,0.0,0.0,24131.933155,0.0,0.0,0.0,0.0,0.0
581,601.823055,0.0,225.0,100.0,276.82306,0.0,0.0,225.0,100.0,600.0,1000.0,41.6,41.6,13890.839296,21.72851,0.0,0.0,25035.839088,0.0,0.0,0.0,0.0,0.0
582,663.346991,0.0,200.0,100.0,363.34699,0.0,0.0,200.0,100.0,600.0,1000.0,41.6,41.6,17465.234784,86.52393,25.0,0.0,27595.234842,0.0,0.0,0.0,0.0,0.0
583,730.238166,70.0,200.0,100.0,360.23817,0.0,70.0,200.0,100.0,600.0,1000.0,41.6,41.6,17370.907872,70.0,3.10882,0.0,30377.907706,0.0,0.0,0.0,0.0,0.0
584,748.416325,140.0,200.0,100.0,308.41632,0.0,140.0,200.0,100.0,600.0,1000.0,41.6,41.6,15250.118912,70.0,51.82185,0.0,31134.119103,0.0,0.0,0.0,0.0,0.0
585,750.770864,210.0,200.0,100.0,240.77086,0.0,210.0,200.0,100.0,600.0,1000.0,41.6,41.6,12471.067776,70.0,67.64546,0.0,31232.067959,0.0,0.0,0.0,0.0,0.0
586,754.858865,350.0,175.0,100.0,129.85886,0.0,350.0,175.0,100.0,600.0,1000.0,41.6,41.6,7902.128576,140.0,135.912,0.0,31402.128776,0.0,0.0,0.0,0.0,0.0
587,758.427754,420.0,175.0,100.0,63.427754,0.0,420.0,175.0,100.0,600.0,1000.0,41.6,41.6,5173.594566,70.0,66.431106,0.0,31550.59455,0.0,0.0,0.0,0.0,0.0
588,753.598166,525.0,150.0,78.598166,0.0,0.0,525.0,150.0,100.0,600.0,1000.0,21.9,21.5,2102.360569,105.0,109.829588,0.0,16503.799844,0.0,0.0,0.0,0.0,0.0
589,741.964516,630.0,58.366349,53.598166,0.0,0.0,630.0,150.0,100.0,600.0,1000.0,1.0,21.5,1525.726918,105.0,116.633651,0.0,741.964516,0.0,0.0,0.0,0.0,91.633651
590,731.563753,490.0,150.0,78.598166,12.965587,0.0,490.0,150.0,100.0,600.0,1000.0,41.6,41.6,2624.228988,129.599238,140.0,0.0,30433.052133,0.0,0.0,0.0,0.0,0.0
591,724.036642,420.0,125.0,100.0,79.036642,0.0,420.0,125.0,100.0,600.0,1000.0,41.6,41.6,5772.924307,87.472889,95.0,0.0,30119.924316,0.0,0.0,0.0,0.0,0.0
592,721.802611,350.0,125.0,100.0,146.80261,0.0,350.0,125.0,100.0,600.0,1000.0,41.6,41.6,8556.988576,67.765968,70.0,0.0,30026.988601,0.0,0.0,0.0,0.0,0.0
593,749.380388,280.0,100.0,100.0,269.38039,0.0,280.0,100.0,100.0,600.0,1000.0,41.6,41.6,13596.224224,122.57778,95.0,0.0,31174.224157,0.0,0.0,0.0,0.0,0.0
594,750.344452,210.0,75.0,100.0,365.34445,0.0,210.0,75.0,100.0,600.0,1000.0,41.6,41.6,17528.32912,95.96406,95.0,0.0,31214.329187,0.0,0.0,0.0,0.0,0.0
595,729.135055,70.0,100.0,100.0,459.13506,0.0,70.0,100.0,100.0,600.0,1000.0,41.6,41.6,21385.018496,118.79061,140.0,0.0,30332.018296,0.0,0.0,0.0,0.0,0.0
596,690.127563,0.0,100.0,100.0,490.12756,0.0,0.0,100.0,100.0,600.0,1000.0,41.6,41.6,22639.306496,30.9925,70.0,0.0,28709.306621,0.0,0.0,0.0,0.0,0.0
597,663.893912,0.0,150.0,100.0,413.89391,0.0,0.0,150.0,100.0,600.0,1000.0,41.6,41.6,19517.986656,50.0,76.23365,0.0,27617.986756,0.0,0.0,0.0,0.0,0.0
598,653.317023,0.0,200.0,100.0,353.31702,0.0,0.0,200.0,100.0,600.0,1000.0,41.6,41.6,17047.988032,50.0,60.57689,0.0,27177.988157,0.0,0.0,0.0,0.0,0.0
599,629.196896,0.0,250.0,100.0,279.1969,0.0,0.0,250.0,100.0,600.0,1000.0,41.6,41.6,14014.59104,50.0,74.12012,0.0,26174.59089,0.0,0.0,0.0,0.0,0.0
600,600.599436,0.0,375.0,100.0,125.59944,0.0,0.0,375.0,100.0,600.0,1000.0,41.6,41.6,7749.936704,125.0,153.59746,0.0,24984.936538,0.0,0.0,0.0,0.0,0.0
601,575.607944,0.0,300.0,100.0,175.60794,0.0,0.0,300.0,100.0,600.0,1000.0,41.6,41.6,9755.290304,50.0085,75.0,0.0,23945.290462,0.0,0.0,0.0,0.0,0.0
602,558.699754,0.0,250.0,100.0,208.69975,0.0,0.0,250.0,100.0,600.0,1000.0,41.6,41.6,11081.9096,33.09181,50.0,0.0,23241.90975,0.0,0.0,0.0,0.0,0.0
603,548.660515,0.0,225.0,100.0,223.66052,0.0,0.0,225.0,100.0,600.0,1000.0,41.6,41.6,11679.277632,14.96077,25.0,0.0,22824.277432,0.0,0.0,0.0,0.0,0.0
604,543.246928,0.0,225.0,100.0,218.24693,0.0,0.0,225.0,100.0,600.0,1000.0,41.6,41.6,11454.072288,0.0,5.41359,0.0,22599.072213,0.0,0.0,0.0,0.0,0.0
605,533.606293,0.0,225.0,100.0,208.60629,0.0,0.0,225.0,100.0,600.0,1000.0,41.6,41.6,11053.021664,0.0,9.64064,0.0,22198.021797,0.0,0.0,0.0,0.0,0.0
606,523.743182,0.0,200.0,100.0,223.74318,0.0,0.0,200.0,100.0,600.0,1000.0,41.6,41.6,11657.716288,15.13689,25.0,0.0,21787.716363,0.0,0.0,0.0,0.0,0.0
607,553.786738,70.0,200.0,100.0,183.78674,0.0,70.0,200.0,100.0,600.0,1000.0,41.6,41.6,10030.528384,70.0,39.95644,0.0,23037.528284,0.0,0.0,0.0,0.0,0.0
608,585.610103,140.0,200.0,100.0,145.6101,0.0,140.0,200.0,100.0,600.0,1000.0,41.6,41.6,8477.38016,70.0,38.17664,0.0,24361.380276,0.0,0.0,0.0,0.0,0.0
609,618.777595,210.0,200.0,98.759817,110.01778,0.0,210.0,200.0,100.0,600.0,1000.0,41.6,41.6,7005.075714,70.0,36.832503,0.0,25741.147935,0.0,0.0,0.0,0.0,0.0
610,640.283626,350.0,175.0,73.759817,41.523809,0.0,350.0,175.0,100.0,600.0,1000.0,41.6,41.6,3663.22652,140.0,118.493971,0.0,26635.79885,0.0,0.0,0.0,0.0,0.0
611,643.759817,420.0,175.0,48.759817,0.0,0.0,420.0,175.0,100.0,600.0,1000.0,1.8,21.5,1433.336066,70.0,66.523809,0.0,1158.76767,0.0,0.0,0.0,0.0,0.0
612,637.882738,525.0,89.122921,23.759817,0.0,0.0,525.0,150.0,100.0,600.0,1000.0,1.0,21.5,862.458986,105.0,110.877079,0.0,637.882738,0.0,0.0,0.0,0.0,60.877079
613,623.11588,623.11588,0.0,0.0,0.0,0.0,630.0,150.0,100.0,600.0,1000.0,0.5,0.5,311.55794,98.11588,112.882738,0.0,311.55794,0.0,0.0,0.0,0.0,156.88412
614,610.28642,490.0,95.28642,25.0,0.0,0.0,490.0,150.0,100.0,600.0,1000.0,1.0,21.5,877.78642,120.28642,133.11588,0.0,610.28642,0.0,0.0,0.0,0.0,54.71358
615,601.952833,420.0,125.0,50.0,6.952833,0.0,420.0,125.0,100.0,600.0,1000.0,41.6,41.6,1699.237836,61.666413,70.0,0.0,25041.237836,0.0,0.0,0.0,0.0,0.0
616,602.991055,350.0,125.0,75.0,52.991055,0.0,350.0,125.0,100.0,600.0,1000.0,41.6,41.6,4116.927888,71.038222,70.0,0.0,25084.427896,0.0,0.0,0.0,0.0,0.0
617,643.787626,280.0,100.0,100.0,163.78763,0.0,280.0,100.0,100.0,600.0,1000.0,41.6,41.6,9203.565408,135.796575,95.0,0.0,26781.56525,0.0,0.0,0.0,0.0,0.0
618,656.737595,210.0,75.0,100.0,271.73759,0.0,210.0,75.0,100.0,600.0,1000.0,41.6,41.6,13634.283744,107.94996,95.0,0.0,27320.283944,0.0,0.0,0.0,0.0,0.0
619,634.693912,70.0,100.0,100.0,364.69391,0.0,70.0,100.0,100.0,600.0,1000.0,41.6,41.6,17456.266656,117.95632,140.0,0.0,26403.266748,0.0,0.0,0.0,0.0,0.0
620,595.018991,0.0,100.0,100.0,395.01899,0.0,0.0,100.0,100.0,600.0,1000.0,41.6,41.6,18682.789984,30.32508,70.0,0.0,24752.790042,0.0,0.0,0.0,0.0,0.0
621,575.283499,0.0,150.0,100.0,325.2835,0.0,0.0,150.0,100.0,600.0,1000.0,41.6,41.6,15831.7936,50.0,69.73549,0.0,23931.793567,0.0,0.0,0.0,0.0,0.0
622,579.213912,0.0,200.0,100.0,279.21391,0.0,0.0,200.0,100.0,600.0,1000.0,41.6,41.6,13965.298656,50.0,46.06959,0.0,24095.298739,0.0,0.0,0.0,0.0,0.0
623,559.255944,0.0,250.0,100.0,209.25594,0.0,0.0,250.0,100.0,600.0,1000.0,41.6,41.6,11105.047104,50.0,69.95797,0.0,23265.04727,0.0,0.0,0.0,0.0,0.0
624,537.29569,0.0,375.0,100.0,62.29569,0.0,0.0,375.0,100.0,600.0,1000.0,41.6,41.6,5116.500704,125.0,146.96025,0.0,22351.500712,0.0,0.0,0.0,0.0,0.0
625,517.727055,0.0,300.0,100.0,117.72706,0.0,0.0,300.0,100.0,600.0,1000.0,41.6,41.6,7347.445696,55.43137,75.0,0.0,21537.445488,0.0,0.0,0.0,0.0,0.0
626,503.952071,0.0,250.0,100.0,153.95207,0.0,0.0,250.0,100.0,600.0,1000.0,41.6,41.6,8804.406112,36.22501,50.0,0.0,20964.406145,0.0,0.0,0.0,0.0,0.0
627,495.82242,0.0,225.0,100.0,170.82242,0.0,0.0,225.0,100.0,600.0,1000.0,41.6,41.6,9481.212672,16.87035,25.0,0.0,20626.212672,0.0,0.0,0.0,0.0,0.0
628,491.71588,0.0,225.0,100.0,166.71588,0.0,0.0,225.0,100.0,600.0,1000.0,41.6,41.6,9310.380608,0.0,4.10654,0.0,20455.380616,0.0,0.0,0.0,0.0,0.0
629,486.46915,0.0,225.0,100.0,161.46915,0.0,0.0,225.0,100.0,600.0,1000.0,41.6,41.6,9092.11664,0.0,5.24673,0.0,20237.116648,0.0,0.0,0.0,0.0,0.0
630,474.511055,0.0,200.0,100.0,174.51105,0.0,0.0,200.0,100.0,600.0,1000.0,41.6,41.6,9609.65968,13.0419,25.0,0.0,19739.65988,0.0,0.0,0.0,0.0,0.0
631,490.102928,70.0,200.0,100.0,120.10293,0.0,70.0,200.0,100.0,600.0,1000.0,41.6,41.6,7381.281888,70.0,54.40812,0.0,20388.281796,0.0,0.0,0.0,0.0,0.0
632,518.338865,140.0,200.0,100.0,78.338865,0.0,140.0,200.0,100.0,600.0,1000.0,41.6,41.6,5678.896784,70.0,41.764065,0.0,21562.896776,0.0,0.0,0.0,0.0,0.0
633,550.384706,210.0,200.0,75.0,65.384706,0.0,210.0,200.0,100.0,600.0,1000.0,41.6,41.6,4637.50377,70.0,37.954159,0.0,22896.003761,0.0,0.0,0.0,0.0,0.0
634,578.982166,350.0,175.0,50.0,3.982166,0.0,350.0,175.0,100.0,600.0,1000.0,41.6,41.6,1590.658114,140.0,111.40254,0.0,24085.658114,0.0,0.0,0.0,0.0,0.0
635,605.197277,420.0,160.19728,25.0,0.0,0.0,420.0,175.0,100.0,600.0,1000.0,1.0,21.5,907.69728,70.0,43.784886,0.0,605.197277,0.0,0.0,0.0,0.0,14.80272
636,603.436007,525.0,78.436007,0.0,0.0,0.0,525.0,150.0,100.0,600.0,1000.0,1.0,1.0,340.936007,105.0,106.761273,0.0,603.436007,0.0,0.0,0.0,0.0,71.563993
637,583.700515,583.70052,0.0,0.0,0.0,0.0,630.0,150.0,100.0,600.0,1000.0,0.5,0.5,291.85026,58.70052,78.436007,0.0,291.850258,0.0,0.0,0.0,0.0,196.29948
638,569.183944,490.0,79.183944,0.0,0.0,0.0,490.0,150.0,100.0,600.0,1000.0,1.0,1.0,324.183944,79.183944,93.70052,0.0,569.183944,0.0,0.0,0.0,0.0,70.816056
639,558.89442,420.0,113.89442,25.0,0.0,0.0,420.0,125.0,100.0,600.0,1000.0,1.0,21.5,861.39442,59.710476,70.0,0.0,558.89442,0.0,0.0,0.0,0.0,11.10558
640,558.004516,350.0,125.0,50.0,33.004516,0.0,350.0,125.0,100.0,600.0,1000.0,41.6,41.6,2747.987866,69.110096,70.0,0.0,23212.987849,0.0,0.0,0.0,0.0,0.0
641,594.657468,280.0,100.0,75.0,139.65747,0.0,280.0,100.0,100.0,600.0,1000.0,41.6,41.6,7662.250752,131.652954,95.0,0.0,24737.750669,0.0,0.0,0.0,0.0,0.0
642,616.376706,210.0,75.0,100.0,231.37671,0.0,210.0,75.0,100.0,600.0,1000.0,41.6,41.6,11955.271136,116.71924,95.0,0.0,25641.27097,0.0,0.0,0.0,0.0,0.0
643,605.586611,70.0,100.0,100.0,335.58661,0.0,70.0,100.0,100.0,600.0,1000.0,41.6,41.6,16245.402976,129.2099,140.0,0.0,25192.403009,0.0,0.0,0.0,0.0,0.0
644,582.013404,0.0,100.0,100.0,382.0134,0.0,0.0,100.0,100.0,600.0,1000.0,41.6,41.6,18141.75744,46.42679,70.0,0.0,24211.757606,0.0,0.0,0.0,0.0,0.0
645,570.361214,0.0,150.0,100.0,320.36121,0.0,0.0,150.0,100.0,600.0,1000.0,41.6,41.6,15627.026336,50.0,61.65219,0.0,23727.026494,0.0,0.0,0.0,0.0,0.0
646,574.495563,0.0,200.0,100.0,274.49556,0.0,0.0,200.0,100.0,600.0,1000.0,41.6,41.6,13769.015296,50.0,45.86565,0.0,23899.015421,0.0,0.0,0.0,0.0,0.0
647,548.855182,0.0,250.0,100.0,198.85518,0.0,0.0,250.0,100.0,600.0,1000.0,41.6,41.6,10672.375488,50.0,75.64038,0.0,22832.37558,0.0,0.0,0.0,0.0,0.0
648,526.978357,0.0,375.0,100.0,51.978357,0.0,0.0,375.0,100.0,600.0,1000.0,41.6,41.6,4687.299651,125.0,146.876823,0.0,21922.299635,0.0,0.0,0.0,0.0,0.0
649,513.296071,0.0,300.0,100.0,113.29607,0.0,0.0,300.0,100.0,600.0,1000.0,41.6,41.6,7163.116512,61.317713,75.0,0.0,21353.116537,0.0,0.0,0.0,0.0,0.0
650,507.011119,0.0,250.0,100.0,157.01112,0.0,0.0,250.0,100.0,600.0,1000.0,41.6,41.6,8931.662592,43.71505,50.0,0.0,21091.662534,0.0,0.0,0.0,0.0,0.0
651,507.5395,0.0,225.0,100.0,182.5395,0.0,0.0,225.0,100.0,600.0,1000.0,41.6,41.6,9968.6432,25.52838,25.0,0.0,21113.643183,0.0,0.0,0.0,0.0,0.0
652,520.804642,0.0,225.0,100.0,195.80464,0.0,0.0,225.0,100.0,600.0,1000.0,41.6,41.6,10520.473024,13.26514,0.0,0.0,21665.473116,0.0,0.0,0.0,0.0,0.0
653,551.29315,0.0,225.0,100.0,226.29315,0.0,0.0,225.0,100.0,600.0,1000.0,41.6,41.6,11788.79504,30.48851,0.0,0.0,22933.795048,0.0,0.0,0.0,0.0,0.0
654,625.831944,0.0,200.0,100.0,325.83194,0.0,0.0,200.0,100.0,600.0,1000.0,41.6,41.6,15904.608704,99.53879,25.0,0.0,26034.60887,0.0,0.0,0.0,0.0,0.0
655,695.318674,70.0,200.0,100.0,325.31867,0.0,70.0,200.0,100.0,600.0,1000.0,41.6,41.6,15918.256672,70.0,0.51327,0.0,28925.256847,0.0,0.0,0.0,0.0,0.0
656,714.099373,140.0,200.0,100.0,274.09937,0.0,140.0,200.0,100.0,600.0,1000.0,41.6,41.6,13822.533792,70.0,51.2193,0.0,29706.5339,0.0,0.0,0.0,0.0,0.0
657,718.650865,210.0,200.0,100.0,208.65086,0.0,210.0,200.0,100.0,600.0,1000.0,41.6,41.6,11134.875776,70.0,65.44851,0.0,29895.875967,0.0,0.0,0.0,0.0,0.0
658,725.037785,350.0,175.0,100.0,100.03779,0.0,350.0,175.0,100.0,600.0,1000.0,41.6,41.6,6661.572064,140.0,133.61307,0.0,30161.571873,0.0,0.0,0.0,0.0,0.0
659,733.816325,420.0,175.0,75.677404,63.138921,0.0,420.0,175.0,100.0,600.0,1000.0,41.6,41.6,4638.6433,70.0,61.221465,0.0,30526.759112,0.0,0.0,0.0,0.0,0.0
660,725.677404,525.0,150.0,50.677404,0.0,0.0,525.0,150.0,100.0,600.0,1000.0,1.4,21.5,1502.064186,105.0,113.138921,0.0,1015.948366,0.0,0.0,0.0,0.0,0.0
661,723.999563,630.0,43.999563,50.0,0.0,0.0,630.0,150.0,100.0,600.0,1000.0,1.0,21.5,1433.999563,105.0,106.677841,0.0,723.999563,0.0,0.0,0.0,0.0,106.000437
662,715.842103,490.0,150.0,75.0,0.842103,0.0,490.0,150.0,100.0,600.0,1000.0,41.6,41.6,2042.531468,131.84254,140.0,0.0,29779.031468,0.0,0.0,0.0,0.0,0.0
663,707.406547,420.0,125.0,100.0,62.406547,0.0,420.0,125.0,100.0,600.0,1000.0,41.6,41.6,5081.112355,86.564444,95.0,0.0,29428.112364,0.0,0.0,0.0,0.0,0.0
664,698.368452,350.0,125.0,100.0,123.36845,0.0,350.0,125.0,100.0,600.0,1000.0,41.6,41.6,7582.12752,60.961903,70.0,0.0,29052.127603,0.0,0.0,0.0,0.0,0.0
665,724.898738,280.0,100.0,100.0,244.89874,0.0,280.0,100.0,100.0,600.0,1000.0,41.6,41.6,12577.787584,121.53029,95.0,0.0,30155.787492,0.0,0.0,0.0,0.0,0.0
666,735.012134,210.0,75.0,100.0,350.01213,0.0,210.0,75.0,100.0,600.0,1000.0,41.6,41.6,16890.504608,105.11339,95.0,0.0,30576.504791,0.0,0.0,0.0,0.0,0.0
667,720.161849,70.0,100.0,100.0,450.16185,0.0,70.0,100.0,100.0,600.0,1000.0,41.6,41.6,21011.73296,125.14972,140.0,0.0,29958.73291,0.0,0.0,0.0,0.0,0.0
668,683.119563,0.0,100.0,100.0,483.11956,0.0,0.0,100.0,100.0,600.0,1000.0,41.6,41.6,22347.773696,32.95771,70.0,0.0,28417.773821,0.0,0.0,0.0,0.0,0.0
669,656.99715,0.0,150.0,100.0,406.99715,0.0,0.0,150.0,100.0,600.0,1000.0,41.6,41.6,19231.08144,50.0,76.12241,0.0,27331.08144,0.0,0.0,0.0,0.0,0.0
670,642.091246,0.0,200.0,100.0,342.09125,0.0,0.0,200.0,100.0,600.0,1000.0,41.6,41.6,16580.996,50.0,64.9059,0.0,26710.995817,0.0,0.0,0.0,0.0,0.0
671,600.729214,0.0,250.0,100.0,250.72921,0.0,0.0,250.0,100.0,600.0,1000.0,41.6,41.6,12830.335136,50.0,91.36204,0.0,24990.335286,0.0,0.0,0.0,0.0,0.0
672,563.974293,0.0,375.0,100.0,88.974293,0.0,0.0,375.0,100.0,600.0,1000.0,41.6,41.6,6226.330589,125.0,161.754917,0.0,23461.330589,0.0,0.0,0.0,0.0,0.0
673,541.652515,0.0,300.0,100.0,141.65252,0.0,0.0,300.0,100.0,600.0,1000.0,41.6,41.6,8342.744832,52.678227,75.0,0.0,22532.744632,0.0,0.0,0.0,0.0,0.0
674,532.957404,0.0,250.0,100.0,182.9574,0.0,0.0,250.0,100.0,600.0,1000.0,41.6,41.6,10011.02784,41.30488,50.0,0.0,22171.028006,0.0,0.0,0.0,0.0,0.0
675,529.064071,0.0,225.0,100.0,204.06407,0.0,0.0,225.0,100.0,600.0,1000.0,41.6,41.6,10864.065312,21.10667,25.0,0.0,22009.065337,0.0,0.0,0.0,0.0,0.0
676,535.330484,0.0,225.0,100.0,210.33048,0.0,0.0,225.0,100.0,600.0,1000.0,41.6,41.6,11124.747968,6.26641,0.0,0.0,22269.748126,0.0,0.0,0.0,0.0,0.0
677,557.680071,0.0,225.0,100.0,232.68007,0.0,0.0,225.0,100.0,600.0,1000.0,41.6,41.6,12054.490912,22.34959,0.0,0.0,23199.490954,0.0,0.0,0.0,0.0,0.0
678,622.874864,0.0,200.0,100.0,322.87486,0.0,0.0,200.0,100.0,600.0,1000.0,41.6,41.6,15781.594176,90.19479,25.0,0.0,25911.594359,0.0,0.0,0.0,0.0,0.0
679,689.914357,70.0,200.0,100.0,319.91436,0.0,70.0,200.0,100.0,600.0,1000.0,41.6,41.6,15693.437376,70.0,2.9605,0.0,28700.437235,0.0,0.0,0.0,0.0,0.0
680,709.445912,140.0,200.0,100.0,269.44591,0.0,140.0,200.0,100.0,600.0,1000.0,41.6,41.6,13628.949856,70.0,50.46845,0.0,29512.949956,0.0,0.0,0.0,0.0,0.0
681,709.58496,210.0,200.0,100.0,199.58496,0.0,210.0,200.0,100.0,600.0,1000.0,41.6,41.6,10757.734336,70.0,69.86095,0.0,29518.734336,0.0,0.0,0.0,0.0,0.0
682,716.713468,350.0,175.0,100.0,91.713468,0.0,350.0,175.0,100.0,600.0,1000.0,41.6,41.6,6315.280269,140.0,132.871492,0.0,29815.280252,0.0,0.0,0.0,0.0,0.0
683,729.904452,420.0,175.0,77.355246,57.549206,0.0,420.0,175.0,100.0,600.0,1000.0,41.6,41.6,4442.184759,70.0,56.809016,0.0,30364.025203,0.0,0.0,0.0,0.0,0.0
684,727.355246,525.0,150.0,52.355246,0.0,0.0,525.0,150.0,100.0,600.0,1000.0,1.4,21.5,1538.137789,105.0,107.549206,0.0,1018.297344,0.0,0.0,0.0,0.0,0.0
685,722.312452,630.0,42.312452,50.0,0.0,0.0,630.0,150.0,100.0,600.0,1000.0,1.0,21.5,1432.312452,105.0,110.042794,0.0,722.312452,0.0,0.0,0.0,0.0,107.687548
686,715.628896,490.0,150.0,75.0,0.628896,0.0,490.0,150.0,100.0,600.0,1000.0,41.6,41.6,2033.662082,133.316444,140.0,0.0,29770.162082,0.0,0.0,0.0,0.0,0.0
687,710.206039,420.0,125.0,100.0,65.206039,0.0,420.0,125.0,100.0,600.0,1000.0,41.6,41.6,5197.571222,89.577143,95.0,0.0,29544.571231,0.0,0.0,0.0,0.0,0.0
688,705.098357,350.0,125.0,100.0,130.09836,0.0,350.0,125.0,100.0,600.0,1000.0,41.6,41.6,7862.091776,64.892321,70.0,0.0,29332.091643,0.0,0.0,0.0,0.0,0.0
689,725.213912,280.0,100.0,100.0,245.21391,0.0,280.0,100.0,100.0,600.0,1000.0,41.6,41.6,12590.898656,115.11555,95.0,0.0,30168.898756,0.0,0.0,0.0,0.0,0.0
690,729.848833,210.0,75.0,100.0,344.84883,0.0,210.0,75.0,100.0,600.0,1000.0,41.6,41.6,16675.711328,99.63492,95.0,0.0,30361.711436,0.0,0.0,0.0,0.0,0.0
691,715.721595,70.0,100.0,100.0,445.72159,0.0,70.0,100.0,100.0,600.0,1000.0,41.6,41.6,20827.018144,125.87276,140.0,0.0,29774.018352,0.0,0.0,0.0,0.0,0.0
692,678.660769,0.0,100.0,100.0,478.66077,0.0,0.0,100.0,100.0,600.0,1000.0,41.6,41.6,22162.288032,32.93918,70.0,0.0,28232.287999,0.0,0.0,0.0,0.0,0.0
693,649.813023,0.0,150.0,100.0,399.81302,0.0,0.0,150.0,100.0,600.0,1000.0,41.6,41.6,18932.221632,50.0,78.84775,0.0,27032.221757,0.0,0.0,0.0,0.0,0.0
694,627.593214,0.0,200.0,100.0,327.59321,0.0,0.0,200.0,100.0,600.0,1000.0,41.6,41.6,15977.877536,50.0,72.21981,0.0,26107.877702,0.0,0.0,0.0,0.0,0.0
695,586.017976,0.0,250.0,100.0,236.01798,0.0,0.0,250.0,100.0,600.0,1000.0,41.6,41.6,12218.347968,50.0,91.57523,0.0,24378.347785,0.0,0.0,0.0,0.0,0.0
696,549.383563,0.0,375.0,100.0,74.383563,0.0,0.0,375.0,100.0,600.0,1000.0,41.6,41.6,5619.356221,125.0,161.634417,0.0,22854.356229,0.0,0.0,0.0,0.0,0.0
697,525.133658,0.0,300.0,100.0,125.13366,0.0,0.0,300.0,100.0,600.0,1000.0,41.6,41.6,7655.560256,50.750097,75.0,0.0,21845.560189,0.0,0.0,0.0,0.0,0.0
698,512.313468,0.0,250.0,100.0,162.31347,0.0,0.0,250.0,100.0,600.0,1000.0,41.6,41.6,9152.240352,37.17981,50.0,0.0,21312.240269,0.0,0.0,0.0,0.0,0.0
699,512.7955,0.0,225.0,100.0,187.7955,0.0,0.0,225.0,100.0,600.0,1000.0,41.6,41.6,10187.2928,25.48203,25.0,0.0,21332.292783,0.0,0.0,0.0,0.0,0.0
700,522.278547,0.0,225.0,100.0,197.27855,0.0,0.0,225.0,100.0,600.0,1000.0,41.6,41.6,10581.78768,9.48305,0.0,0.0,21726.787555,0.0,0.0,0.0,0.0,0.0
701,550.338356,0.0,225.0,100.0,225.33836,0.0,0.0,225.0,100.0,600.0,1000.0,41.6,41.6,11749.075776,28.05981,0.0,0.0,22894.075626,0.0,0.0,0.0,0.0,0.0
702,615.588769,0.0,200.0,100.0,315.58877,0.0,0.0,200.0,100.0,600.0,1000.0,41.6,41.6,15478.492832,90.25041,25.0,0.0,25608.492799,0.0,0.0,0.0,0.0,0.0
703,680.542547,70.0,200.0,100.0,310.54255,0.0,70.0,200.0,100.0,600.0,1000.0,41.6,41.6,15303.57008,70.0,5.04622,0.0,28310.569947,0.0,0.0,0.0,0.0,0.0
704,696.356896,140.0,200.0,100.0,256.3569,0.0,140.0,200.0,100.0,600.0,1000.0,41.6,41.6,13084.44704,70.0,54.18565,0.0,28968.446882,0.0,0.0,0.0,0.0,0.0
705,699.008071,210.0,200.0,100.0,189.00807,0.0,210.0,200.0,100.0,600.0,1000.0,41.6,41.6,10317.735712,70.0,67.34883,0.0,29078.735737,0.0,0.0,0.0,0.0,0.0
706,704.264071,350.0,175.0,100.0,79.264071,0.0,350.0,175.0,100.0,600.0,1000.0,41.6,41.6,5797.385354,140.0,134.743999,0.0,29297.385337,0.0,0.0,0.0,0.0,0.0
707,709.279055,420.0,175.0,75.0,39.279055,0.0,420.0,175.0,100.0,600.0,1000.0,41.6,41.6,3631.508688,70.0,64.985016,0.0,29506.00868,0.0,0.0,0.0,0.0,0.0
708,704.384579,525.0,129.38458,50.0,0.0,0.0,525.0,150.0,100.0,600.0,1000.0,1.0,21.5,1466.88458,105.0,109.894475,0.0,704.384579,0.0,0.0,0.0,0.0,20.61542
709,707.934928,630.0,35.519111,42.415817,0.0,0.0,630.0,150.0,100.0,600.0,1000.0,1.0,21.5,1262.459176,105.0,101.449652,0.0,707.934928,0.0,0.0,0.0,0.0,114.480889
710,707.415817,490.0,150.0,67.415817,0.0,0.0,490.0,150.0,100.0,600.0,1000.0,21.9,21.5,1844.440066,139.480889,140.0,0.0,15492.406397,0.0,0.0,0.0,0.0,0.0
711,702.345214,420.0,125.0,92.415817,64.929396,0.0,420.0,125.0,100.0,600.0,1000.0,41.6,41.6,5023.002939,89.929396,95.0,0.0,29217.560886,0.0,0.0,0.0,0.0,0.0
712,696.774039,350.0,125.0,100.0,121.77404,0.0,350.0,125.0,100.0,600.0,1000.0,41.6,41.6,7515.800064,64.428827,70.0,0.0,28985.800022,0.0,0.0,0.0,0.0,0.0
713,716.398293,280.0,100.0,100.0,236.39829,0.0,280.0,100.0,100.0,600.0,1000.0,41.6,41.6,12224.168864,114.62425,95.0,0.0,29802.168989,0.0,0.0,0.0,0.0,0.0
714,721.088833,210.0,75.0,100.0,336.08883,0.0,210.0,75.0,100.0,600.0,1000.0,41.6,41.6,16311.295328,99.69054,95.0,0.0,29997.295436,0.0,0.0,0.0,0.0,0.0
715,702.196896,70.0,100.0,100.0,432.1969,0.0,70.0,100.0,100.0,600.0,1000.0,41.6,41.6,20264.39104,121.10807,140.0,0.0,29211.390874,0.0,0.0,0.0,0.0,0.0
716,667.648198,0.0,100.0,100.0,467.6482,0.0,0.0,100.0,100.0,600.0,1000.0,41.6,41.6,21704.16512,35.4513,70.0,0.0,27774.16502,0.0,0.0,0.0,0.0,0.0
717,639.226865,0.0,150.0,100.0,389.22686,0.0,0.0,150.0,100.0,600.0,1000.0,41.6,41.6,18491.837376,50.0,78.42134,0.0,26591.837576,0.0,0.0,0.0,0.0,0.0
718,614.532007,0.0,200.0,100.0,314.53201,0.0,0.0,200.0,100.0,600.0,1000.0,41.6,41.6,15434.531616,50.0,74.69485,0.0,25564.5315,0.0,0.0,0.0,0.0,0.0
719,565.142293,0.0,250.0,100.0,215.14229,0.0,0.0,250.0,100.0,600.0,1000.0,41.6,41.6,11349.919264,50.0,99.38972,0.0,23509.919397,0.0,0.0,0.0,0.0,0.0
720,529.12896,0.0,375.0,100.0,54.12896,0.0,0.0,375.0,100.0,600.0,1000.0,41.6,41.6,4776.764736,125.0,161.01333,0.0,22011.764736,0.0,0.0,0.0,0.0,0.0
721,509.439817,0.0,300.0,100.0,109.43982,0.0,0.0,300.0,100.0,600.0,1000.0,41.6,41.6,7002.696512,55.31086,75.0,0.0,21192.696396,0.0,0.0,0.0,0.0,0.0
722,500.077277,0.0,250.0,100.0,150.07728,0.0,0.0,250.0,100.0,600.0,1000.0,41.6,41.6,8643.214848,40.63746,50.0,0.0,20803.21474,0.0,0.0,0.0,0.0,0.0
723,505.370357,0.0,225.0,100.0,180.37036,0.0,0.0,225.0,100.0,600.0,1000.0,41.6,41.6,9878.406976,30.29308,25.0,0.0,21023.406843,0.0,0.0,0.0,0.0,0.0
724,517.560198,0.0,225.0,100.0,192.5602,0.0,0.0,225.0,100.0,600.0,1000.0,41.6,41.6,10385.50432,12.18984,0.0,0.0,21530.504237,0.0,0.0,0.0,0.0,0.0
725,544.368579,0.0,225.0,100.0,219.36858,0.0,0.0,225.0,100.0,600.0,1000.0,41.6,41.6,11500.732928,26.80838,0.0,0.0,22645.732886,0.0,0.0,0.0,0.0,0.0
726,607.014166,0.0,200.0,100.0,307.01417,0.0,0.0,200.0,100.0,600.0,1000.0,41.6,41.6,15121.789472,87.64559,25.0,0.0,25251.789314,0.0,0.0,0.0,0.0,0.0
727,664.172008,70.0,200.0,100.0,294.17201,0.0,70.0,200.0,100.0,600.0,1000.0,41.6,41.6,14622.555616,70.0,12.84216,0.0,27629.555516,0.0,0.0,0.0,0.0,0.0
728,679.652642,140.0,200.0,100.0,239.65264,0.0,140.0,200.0,100.0,600.0,1000.0,41.6,41.6,12389.549824,70.0,54.51937,0.0,28273.549924,0.0,0.0,0.0,0.0,0.0
729,681.719817,210.0,200.0,100.0,171.71982,0.0,210.0,200.0,100.0,600.0,1000.0,41.6,41.6,9598.544512,70.0,67.93282,0.0,28359.544387,0.0,0.0,0.0,0.0,0.0
730,688.357023,350.0,175.0,100.0,63.357023,0.0,350.0,175.0,100.0,600.0,1000.0,41.6,41.6,5135.652157,140.0,133.362797,0.0,28635.652157,0.0,0.0,0.0,0.0,0.0
731,708.98242,420.0,175.0,75.0,38.98242,0.0,420.0,175.0,100.0,600.0,1000.0,41.6,41.6,3619.168672,70.0,49.374603,0.0,29493.66868,0.0,0.0,0.0,0.0,0.0
732,710.224579,525.0,135.22458,50.0,0.0,0.0,525.0,150.0,100.0,600.0,1000.0,1.0,21.5,1472.72458,105.0,103.75784,0.0,710.224579,0.0,0.0,0.0,0.0,14.77542
733,707.758801,630.0,50.295238,27.463563,0.0,0.0,630.0,150.0,100.0,600.0,1000.0,1.0,21.5,955.761842,105.0,107.465779,0.0,707.758801,0.0,0.0,0.0,0.0,99.704762
734,692.463563,490.0,150.0,52.463563,0.0,0.0,490.0,150.0,100.0,600.0,1000.0,21.9,21.5,1522.966604,124.704762,140.0,0.0,15164.952025,0.0,0.0,0.0,0.0,0.0
735,685.668769,420.0,125.0,77.463563,63.205206,0.0,420.0,125.0,100.0,600.0,1000.0,41.6,41.6,4629.803174,88.205206,95.0,0.0,28523.820799,0.0,0.0,0.0,0.0,0.0
736,680.023436,350.0,125.0,100.0,105.02344,0.0,350.0,125.0,100.0,600.0,1000.0,41.6,41.6,6818.975104,64.354671,70.0,0.0,28288.974929,0.0,0.0,0.0,0.0,0.0
737,699.712579,280.0,100.0,100.0,219.71258,0.0,280.0,100.0,100.0,600.0,1000.0,41.6,41.6,11530.043328,114.68914,95.0,0.0,29108.04327,0.0,0.0,0.0,0.0,0.0
738,711.642865,210.0,75.0,100.0,326.64286,0.0,210.0,75.0,100.0,600.0,1000.0,41.6,41.6,15918.342976,106.93028,95.0,0.0,29604.343167,0.0,0.0,0.0,0.0,0.0
739,699.332515,70.0,100.0,100.0,429.33252,0.0,70.0,100.0,100.0,600.0,1000.0,41.6,41.6,20145.232832,127.68966,140.0,0.0,29092.232632,0.0,0.0,0.0,0.0,0.0
740,662.151182,0.0,100.0,100.0,462.15118,0.0,0.0,100.0,100.0,600.0,1000.0,41.6,41.6,21475.489088,32.81866,70.0,0.0,27545.489163,0.0,0.0,0.0,0.0,0.0
741,637.122611,0.0,150.0,100.0,387.12261,0.0,0.0,150.0,100.0,600.0,1000.0,41.6,41.6,18404.300576,50.0,75.02857,0.0,26504.300609,0.0,0.0,0.0,0.0,0.0
742,615.885404,0.0,200.0,100.0,315.8854,0.0,0.0,200.0,100.0,600.0,1000.0,41.6,41.6,15490.83264,50.0,71.23721,0.0,25620.832823,0.0,0.0,0.0,0.0,0.0
743,568.414547,0.0,250.0,100.0,218.41455,0.0,0.0,250.0,100.0,600.0,1000.0,41.6,41.6,11486.04528,50.0,97.47085,0.0,23646.045147,0.0,0.0,0.0,0.0,0.0
744,530.973658,0.0,375.0,100.0,55.973658,0.0,0.0,375.0,100.0,600.0,1000.0,41.6,41.6,4853.504173,125.0,162.440892,0.0,22088.504181,0.0,0.0,0.0,0.0,0.0
