Hour,Demand (MWh),Plant 1 (MWh),Plant 2 (MWh),Plant 3 (MWh),Plant 4 (MWh),Plant 5 (MWh),Plant 1 Available (MWh),Plant 2 Available (MWh),Plant 3 Available (MWh),Plant 4 Available (MWh),Plant 5 Available (MWh),Clearing Price ($/MWh),Highest Running Cost ($/MWh),Production Cost ($),Ramp Up (MWh),Ramp Down (MWh),Ramp Cost ($),Market Cost ($),Unserved Energy (MWh),Unserved Cost ($),Spill (MWh),Spill Cost ($),Curtailment (MWh)
1,435.457214,0.0,300.0,135.45721,0.0,0.0,0.0,300.0,200.0,600.0,1000.0,1.4,21.5,3212.330015,0.0,0.0,0.0,609.6401,0.0,0.0,0.0,0.0,0.0
2,422.303309,0.0,250.0,160.45721,11.846095,0.0,0.0,250.0,200.0,600.0,1000.0,41.6,41.6,4192.627567,36.846095,50.0,0.0,17567.817646,0.0,0.0,0.0,0.0,0.0
3,409.807563,0.0,225.0,184.80756,0.0,0.0,0.0,225.0,200.0,600.0,1000.0,21.5,21.5,4198.36254,24.35035,36.846095,0.0,8810.862604,0.0,0.0,0.0,0.0,0.0
4,405.181912,0.0,225.0,175.0,5.181912,0.0,0.0,225.0,200.0,600.0,1000.0,41.6,41.6,4203.067548,5.181912,9.80756,0.0,16855.567548,0.0,0.0,0.0,0.0,0.0
5,400.07423,0.0,225.0,150.0,25.07423,0.0,0.0,225.0,200.0,600.0,1000.0,41.6,41.6,4493.087968,19.892318,25.0,0.0,16643.08796,0.0,0.0,0.0,0.0,0.0
6,385.205404,0.0,200.0,125.0,60.205404,0.0,0.0,200.0,200.0,600.0,1000.0,41.6,41.6,5392.044806,35.131174,50.0,0.0,16024.544815,0.0,0.0,0.0,0.0,0.0
7,384.491626,70.0,200.0,100.0,14.491626,0.0,70.0,200.0,200.0,600.0,1000.0,41.6,41.6,2987.851642,70.0,70.713778,0.0,15994.85165,0.0,0.0,0.0,0.0,0.0
8,391.629404,140.0,176.6294,75.0,0.0,0.0,140.0,200.0,200.0,600.0,1000.0,1.0,21.5,1859.1294,70.0,62.862226,0.0,391.629404,0.0,0.0,0.0,0.0,23.3706
9,411.856198,210.0,151.8562,50.0,0.0,0.0,210.0,200.0,200.0,600.0,1000.0,1.0,21.5,1331.8562,70.0,49.7732,0.0,411.856198,0.0,0.0,0.0,0.0,48.1438
10,436.133912,350.0,61.133912,25.0,0.0,0.0,350.0,175.0,200.0,600.0,1000.0,1.0,21.5,773.633912,140.0,115.722288,0.0,436.133912,0.0,0.0,0.0,0.0,113.866088
11,464.981658,420.0,44.981658,0.0,0.0,0.0,420.0,175.0,200.0,600.0,1000.0,1.0,1.0,254.981658,70.0,41.152254,0.0,464.981658,0.0,0.0,0.0,0.0,130.018342
12,477.829658,477.82966,0.0,0.0,0.0,0.0,525.0,150.0,200.0,600.0,1000.0,0.5,0.5,238.91483,57.82966,44.981658,0.0,238.914829,0.0,0.0,0.0,0.0,197.17034
13,478.265341,478.26534,0.0,0.0,0.0,0.0,630.0,150.0,200.0,600.0,1000.0,0.5,0.5,239.13267,0.43568,0.0,0.0,239.13267,0.0,0.0,0.0,0.0,301.73466
14,477.857468,452.85747,0.0,25.0,0.0,0.0,490.0,150.0,200.0,600.0,1000.0,0.5,21.5,763.928735,25.0,25.40787,0.0,238.928734,0.0,0.0,0.0,0.0,187.14253
15,483.345214,420.0,13.345214,50.0,0.0,0.0,420.0,125.0,200.0,600.0,1000.0,1.0,21.5,1298.345214,38.345214,32.85747,0.0,483.345214,0.0,0.0,0.0,0.0,111.654786
16,502.904579,350.0,77.904579,75.0,0.0,0.0,350.0,125.0,200.0,600.0,1000.0,1.0,21.5,1865.404579,89.559365,70.0,0.0,502.904579,0.0,0.0,0.0,0.0,47.095421
17,532.280706,280.0,100.0,100.0,52.280706,0.0,280.0,100.0,200.0,600.0,1000.0,41.6,41.6,4564.87737,99.376127,70.0,0.0,22142.87737,0.0,0.0,0.0,0.0,0.0
18,544.646674,210.0,75.0,125.0,134.64667,0.0,210.0,75.0,200.0,600.0,1000.0,41.6,41.6,8468.801472,107.365964,95.0,0.0,22657.301647,0.0,0.0,0.0,0.0,0.0
19,535.53442,70.0,100.0,150.0,215.53442,0.0,70.0,100.0,200.0,600.0,1000.0,41.6,41.6,12326.231872,130.88775,140.0,0.0,22278.23188,0.0,0.0,0.0,0.0,0.0
20,517.625087,0.0,100.0,175.0,242.62509,0.0,0.0,100.0,200.0,600.0,1000.0,41.6,41.6,13955.703744,52.09067,70.0,0.0,21533.203611,0.0,0.0,0.0,0.0,0.0
21,508.10496,0.0,150.0,200.0,158.10496,0.0,0.0,150.0,200.0,600.0,1000.0,41.6,41.6,11027.166336,75.0,84.52013,0.0,21137.166336,0.0,0.0,0.0,0.0,0.0
22,507.391182,0.0,200.0,200.0,107.39118,0.0,0.0,200.0,200.0,600.0,1000.0,41.6,41.6,8967.473088,50.0,50.71378,0.0,21107.473171,0.0,0.0,0.0,0.0,0.0
23,477.227119,0.0,250.0,175.0,52.227119,0.0,0.0,250.0,200.0,600.0,1000.0,41.6,41.6,6185.14815,50.0,80.164061,0.0,19852.648134,0.0,0.0,0.0,0.0,0.0
24,449.491753,0.0,299.49175,150.0,0.0,0.0,0.0,375.0,200.0,600.0,1000.0,1.0,21.5,3524.49175,49.49175,77.227119,0.0,449.491753,0.0,0.0,0.0,0.0,75.50825
25,432.240579,0.0,282.24058,150.0,0.0,0.0,0.0,300.0,200.0,600.0,1000.0,1.0,21.5,3507.24058,0.0,17.25117,0.0,432.240579,0.0,0.0,0.0,0.0,17.75942
26,426.048325,0.0,250.0,175.0,1.048325,0.0,0.0,250.0,200.0,600.0,1000.0,41.6,41.6,4056.110303,26.048325,32.24058,0.0,17723.610303,0.0,0.0,0.0,0.0,0.0
27,427.309023,0.0,225.0,200.0,2.309023,0.0,0.0,225.0,200.0,600.0,1000.0,41.6,41.6,4621.055357,26.260698,25.0,0.0,17776.055357,0.0,0.0,0.0,0.0,0.0
28,435.800198,0.0,225.0,200.0,10.800198,0.0,0.0,225.0,200.0,600.0,1000.0,41.6,41.6,4974.288237,8.491175,0.0,0.0,18129.288228,0.0,0.0,0.0,0.0,0.0
29,454.145214,0.0,225.0,200.0,29.145214,0.0,0.0,225.0,200.0,600.0,1000.0,41.6,41.6,5737.440902,18.345016,0.0,0.0,18892.440902,0.0,0.0,0.0,0.0,0.0
30,497.518801,0.0,200.0,200.0,97.518801,0.0,0.0,200.0,200.0,600.0,1000.0,41.6,41.6,8556.782122,68.373587,25.0,0.0,20696.78213,0.0,0.0,0.0,0.0,0.0
31,546.000071,70.0,200.0,175.0,101.00007,0.0,70.0,200.0,200.0,600.0,1000.0,41.6,41.6,8199.102912,73.481269,25.0,0.0,22713.602945,0.0,0.0,0.0,0.0,0.0
32,577.869785,140.0,200.0,150.0,87.869785,0.0,140.0,200.0,200.0,600.0,1000.0,41.6,41.6,7150.383056,70.0,38.130285,0.0,24039.383073,0.0,0.0,0.0,0.0,0.0
33,590.838293,210.0,200.0,125.0,55.838293,0.0,210.0,200.0,200.0,600.0,1000.0,41.6,41.6,5315.372989,70.0,57.031492,0.0,24578.873005,0.0,0.0,0.0,0.0,0.0
34,604.872833,350.0,154.87283,100.0,0.0,0.0,350.0,175.0,200.0,600.0,1000.0,1.0,21.5,2479.87283,140.0,125.965463,0.0,604.872833,0.0,0.0,0.0,0.0,20.12717
35,617.32223,420.0,122.32223,75.0,0.0,0.0,420.0,175.0,200.0,600.0,1000.0,1.0,21.5,1944.82223,70.0,57.5506,0.0,617.32223,0.0,0.0,0.0,0.0,52.67777
36,623.069531,525.0,48.069531,50.0,0.0,0.0,525.0,150.0,200.0,600.0,1000.0,1.0,21.5,1385.569531,105.0,99.252699,0.0,623.069531,0.0,0.0,0.0,0.0,101.930469
37,618.073087,568.07309,0.0,50.0,0.0,0.0,630.0,150.0,200.0,600.0,1000.0,0.5,21.5,1359.036545,43.07309,48.069531,0.0,309.036543,0.0,0.0,0.0,0.0,211.92691
38,613.465976,490.0,48.465976,75.0,0.0,0.0,490.0,150.0,200.0,600.0,1000.0,1.0,21.5,1905.965976,73.465976,78.07309,0.0,613.465976,0.0,0.0,0.0,0.0,101.534024
39,611.751055,420.0,91.751055,100.0,0.0,0.0,420.0,125.0,200.0,600.0,1000.0,1.0,21.5,2451.751055,68.285079,70.0,0.0,611.751055,0.0,0.0,0.0,0.0,33.248945
40,622.911944,350.0,125.0,125.0,22.911944,0.0,350.0,125.0,200.0,600.0,1000.0,41.6,41.6,3940.63687,81.160889,70.0,0.0,25913.136862,0.0,0.0,0.0,0.0,0.0
41,651.481595,280.0,100.0,150.0,121.48159,0.0,280.0,100.0,200.0,600.0,1000.0,41.6,41.6,8518.634144,123.569646,95.0,0.0,27101.634344,0.0,0.0,0.0,0.0,0.0
42,652.31588,210.0,75.0,175.0,192.31588,0.0,210.0,75.0,200.0,600.0,1000.0,41.6,41.6,11942.840608,95.83429,95.0,0.0,27136.340625,0.0,0.0,0.0,0.0,0.0
43,635.092516,70.0,100.0,200.0,265.09252,0.0,70.0,100.0,200.0,600.0,1000.0,41.6,41.6,15462.848832,122.77664,140.0,0.0,26419.848649,0.0,0.0,0.0,0.0,0.0
44,598.180007,0.0,100.0,200.0,298.18001,0.0,0.0,100.0,200.0,600.0,1000.0,41.6,41.6,16804.288416,33.08749,70.0,0.0,24884.288308,0.0,0.0,0.0,0.0,0.0
45,573.281214,0.0,150.0,200.0,223.28121,0.0,0.0,150.0,200.0,600.0,1000.0,41.6,41.6,13738.498336,50.0,74.8988,0.0,23848.498502,0.0,0.0,0.0,0.0,0.0
46,561.489976,0.0,200.0,200.0,161.48998,0.0,0.0,200.0,200.0,600.0,1000.0,41.6,41.6,11217.983168,50.0,61.79123,0.0,23357.982985,0.0,0.0,0.0,0.0,0.0
47,523.641214,0.0,250.0,175.0,98.641214,0.0,0.0,250.0,200.0,600.0,1000.0,41.6,41.6,8115.974502,50.0,87.848766,0.0,21783.474486,0.0,0.0,0.0,0.0,0.0
48,492.624325,0.0,342.62432,150.0,0.0,0.0,0.0,375.0,200.0,600.0,1000.0,1.0,21.5,3567.62432,92.62432,123.641214,0.0,492.624325,0.0,0.0,0.0,0.0,32.37568
49,471.757912,0.0,300.0,171.75791,0.0,0.0,0.0,300.0,200.0,600.0,1000.0,1.4,21.5,3992.795065,21.75791,42.62432,0.0,660.461077,0.0,0.0,0.0,0.0,0.0
50,460.439436,0.0,250.0,196.75791,13.681524,0.0,0.0,250.0,200.0,600.0,1000.0,41.6,41.6,5049.446463,38.681524,50.0,0.0,19154.280538,0.0,0.0,0.0,0.0,0.0
51,458.140516,0.0,225.0,200.0,33.140516,0.0,0.0,225.0,200.0,600.0,1000.0,41.6,41.6,5903.645466,22.701082,25.0,0.0,19058.645449,0.0,0.0,0.0,0.0,0.0
52,467.846039,0.0,225.0,200.0,42.846039,0.0,0.0,225.0,200.0,600.0,1000.0,41.6,41.6,6307.395222,9.705523,0.0,0.0,19462.395239,0.0,0.0,0.0,0.0,0.0
53,484.874738,0.0,225.0,200.0,59.874738,0.0,0.0,225.0,200.0,600.0,1000.0,41.6,41.6,7015.789101,17.028699,0.0,0.0,20170.789092,0.0,0.0,0.0,0.0,0.0
54,523.455817,0.0,200.0,200.0,123.45582,0.0,0.0,200.0,200.0,600.0,1000.0,41.6,41.6,9635.762112,63.581082,25.0,0.0,21775.761996,0.0,0.0,0.0,0.0,0.0
55,570.630039,70.0,200.0,181.8388,118.79124,0.0,70.0,200.0,200.0,600.0,1000.0,41.6,41.6,9086.249784,70.0,22.82578,0.0,23738.209622,0.0,0.0,0.0,0.0,0.0
56,597.679436,140.0,200.0,156.8388,100.84064,0.0,140.0,200.0,200.0,600.0,1000.0,41.6,41.6,7837.004824,70.0,42.9506,0.0,24863.464529,0.0,0.0,0.0,0.0,0.0
57,613.855309,210.0,200.0,131.8388,72.016508,0.0,210.0,200.0,200.0,600.0,1000.0,41.6,41.6,6135.420933,70.0,53.824132,0.0,25536.380863,0.0,0.0,0.0,0.0,0.0
58,631.838801,350.0,175.0,106.8388,0.0,0.0,350.0,175.0,200.0,600.0,1000.0,2.2,21.5,2647.0342,140.0,122.016508,0.0,1390.045362,0.0,0.0,0.0,0.0,0.0
59,649.025087,420.0,147.18629,81.838801,0.0,0.0,420.0,175.0,200.0,600.0,1000.0,1.0,21.5,2116.720512,70.0,52.813709,0.0,649.025087,0.0,0.0,0.0,0.0,27.81371
60,650.137468,525.0,68.298667,56.838801,0.0,0.0,525.0,150.0,200.0,600.0,1000.0,1.0,21.5,1552.832888,105.0,103.887623,0.0,650.137468,0.0,0.0,0.0,0.0,81.701333
61,642.610357,592.61036,0.0,50.0,0.0,0.0,630.0,150.0,200.0,600.0,1000.0,0.5,21.5,1371.30518,67.61036,75.137468,0.0,321.305178,0.0,0.0,0.0,0.0,187.38964
62,629.966293,490.0,64.966293,75.0,0.0,0.0,490.0,150.0,200.0,600.0,1000.0,1.0,21.5,1922.466293,89.966293,102.61036,0.0,629.966293,0.0,0.0,0.0,0.0,85.033707
63,623.959436,420.0,103.95944,100.0,0.0,0.0,420.0,125.0,200.0,600.0,1000.0,1.0,21.5,2463.95944,63.993147,70.0,0.0,623.959436,0.0,0.0,0.0,0.0,21.04056
64,629.873595,350.0,125.0,125.0,29.873595,0.0,350.0,125.0,200.0,600.0,1000.0,41.6,41.6,4230.241552,75.914155,70.0,0.0,26202.741552,0.0,0.0,0.0,0.0,0.0
65,651.036643,280.0,100.0,150.0,121.03664,0.0,280.0,100.0,200.0,600.0,1000.0,41.6,41.6,8500.124224,116.163045,95.0,0.0,27083.124332,0.0,0.0,0.0,0.0,0.0
66,649.015817,210.0,75.0,175.0,189.01582,0.0,210.0,75.0,200.0,600.0,1000.0,41.6,41.6,11805.558112,92.97918,95.0,0.0,26999.057979,0.0,0.0,0.0,0.0,0.0
67,629.039309,70.0,100.0,200.0,259.03931,0.0,70.0,100.0,200.0,600.0,1000.0,41.6,41.6,15211.035296,120.02349,140.0,0.0,26168.035246,0.0,0.0,0.0,0.0,0.0
68,592.312198,0.0,100.0,200.0,292.3122,0.0,0.0,100.0,200.0,600.0,1000.0,41.6,41.6,16560.18752,33.27289,70.0,0.0,24640.18742,0.0,0.0,0.0,0.0,0.0
69,571.362356,0.0,150.0,200.0,221.36236,0.0,0.0,150.0,200.0,600.0,1000.0,41.6,41.6,13658.674176,50.0,70.94984,0.0,23768.674026,0.0,0.0,0.0,0.0,0.0
70,556.623309,0.0,200.0,200.0,156.62331,0.0,0.0,200.0,200.0,600.0,1000.0,41.6,41.6,11015.529696,50.0,64.73905,0.0,23155.529654,0.0,0.0,0.0,0.0,0.0
71,514.176706,0.0,250.0,175.0,89.176706,0.0,0.0,250.0,200.0,600.0,1000.0,41.6,41.6,7722.25097,50.0,92.446604,0.0,21389.750953,0.0,0.0,0.0,0.0,0.0
72,482.835373,0.0,332.83537,150.0,0.0,0.0,0.0,375.0,200.0,600.0,1000.0,1.0,21.5,3557.83537,82.83537,114.176706,0.0,482.835373,0.0,0.0,0.0,0.0,42.16463
73,457.788262,0.0,300.0,157.78826,0.0,0.0,0.0,300.0,200.0,600.0,1000.0,1.4,21.5,3692.44759,7.78826,32.83537,0.0,640.903566,0.0,0.0,0.0,0.0,0.0
74,448.268134,0.0,250.0,182.78826,15.479873,0.0,0.0,250.0,200.0,600.0,1000.0,41.6,41.6,4823.910307,40.479873,50.0,0.0,18647.954383,0.0,0.0,0.0,0.0,0.0
75,451.985341,0.0,225.0,200.0,26.985341,0.0,0.0,225.0,200.0,600.0,1000.0,41.6,41.6,5647.590186,28.717208,25.0,0.0,18802.590169,0.0,0.0,0.0,0.0,0.0
76,463.12769,0.0,225.0,200.0,38.12769,0.0,0.0,225.0,200.0,600.0,1000.0,41.6,41.6,6111.111904,11.142349,0.0,0.0,19266.111896,0.0,0.0,0.0,0.0,0.0
77,486.765785,0.0,225.0,200.0,61.765785,0.0,0.0,225.0,200.0,600.0,1000.0,41.6,41.6,7094.456656,23.638095,0.0,0.0,20249.456673,0.0,0.0,0.0,0.0,0.0
78,533.884388,0.0,200.0,200.0,133.88439,0.0,0.0,200.0,200.0,600.0,1000.0,41.6,41.6,10069.590624,72.118605,25.0,0.0,22209.590557,0.0,0.0,0.0,0.0,0.0
79,583.283372,70.0,200.0,200.0,113.28337,0.0,70.0,200.0,200.0,600.0,1000.0,41.6,41.6,9247.588192,70.0,20.60102,0.0,24264.588292,0.0,0.0,0.0,0.0,0.0
80,615.866864,140.0,200.0,175.72147,100.1454,0.0,140.0,200.0,200.0,600.0,1000.0,41.6,41.6,8214.060245,70.0,37.4165,0.0,25620.061559,0.0,0.0,0.0,0.0,0.0
81,633.69277,210.0,200.0,150.72147,72.971302,0.0,210.0,200.0,200.0,600.0,1000.0,41.6,41.6,6581.117768,70.0,52.174098,0.0,26361.619215,0.0,0.0,0.0,0.0,0.0
82,650.721468,350.0,175.0,125.72147,0.0,0.0,350.0,175.0,200.0,600.0,1000.0,24.0,21.5,3053.011605,140.0,122.971302,0.0,15617.315232,0.0,0.0,0.0,0.0,0.0
83,667.342293,420.0,146.62083,100.72147,0.0,0.0,420.0,175.0,200.0,600.0,1000.0,1.0,21.5,2522.132435,70.0,53.37917,0.0,667.342293,0.0,0.0,0.0,0.0,28.37917
84,665.441975,525.0,64.720507,75.721468,0.0,0.0,525.0,150.0,200.0,600.0,1000.0,1.0,21.5,1955.232069,105.0,106.900325,0.0,665.441975,0.0,0.0,0.0,0.0,85.279493
85,645.33569,594.61422,0.0,50.721468,0.0,0.0,630.0,150.0,200.0,600.0,1000.0,0.5,21.5,1387.818672,69.61422,89.720507,0.0,322.667845,0.0,0.0,0.0,0.0,185.38578
86,627.79715,490.0,62.075682,75.721468,0.0,0.0,490.0,150.0,200.0,600.0,1000.0,1.0,21.5,1935.087244,87.075682,104.61422,0.0,627.79715,0.0,0.0,0.0,0.0,87.924318
87,621.317531,420.0,100.59606,100.72147,0.0,0.0,420.0,125.0,200.0,600.0,1000.0,1.0,21.5,2476.107665,63.52038,70.0,0.0,621.317531,0.0,0.0,0.0,0.0,24.40394
88,626.703309,350.0,125.0,125.72147,25.981841,0.0,350.0,125.0,200.0,600.0,1000.0,41.6,41.6,4083.856191,75.385781,70.0,0.0,26070.857654,0.0,0.0,0.0,0.0,0.0
89,643.129468,280.0,100.0,150.72147,112.408,0.0,280.0,100.0,200.0,600.0,1000.0,41.6,41.6,8156.684405,111.426159,95.0,0.0,26754.185852,0.0,0.0,0.0,0.0,0.0
90,637.521214,210.0,75.0,175.72147,176.79975,0.0,210.0,75.0,200.0,600.0,1000.0,41.6,41.6,11312.881205,89.39175,95.0,0.0,26520.882486,0.0,0.0,0.0,0.0,0.0
91,616.617722,70.0,100.0,200.0,246.61772,0.0,70.0,100.0,200.0,600.0,1000.0,41.6,41.6,14694.297152,119.0965,140.0,0.0,25651.297227,0.0,0.0,0.0,0.0,0.0
92,580.678547,0.0,100.0,200.0,280.67855,0.0,0.0,100.0,200.0,600.0,1000.0,41.6,41.6,16076.22768,34.06083,70.0,0.0,24156.227547,0.0,0.0,0.0,0.0,0.0
93,558.30115,0.0,150.0,200.0,208.30115,0.0,0.0,150.0,200.0,600.0,1000.0,41.6,41.6,13115.32784,50.0,72.3774,0.0,23225.327848,0.0,0.0,0.0,0.0,0.0
94,543.812389,0.0,200.0,200.0,143.81239,0.0,0.0,200.0,200.0,600.0,1000.0,41.6,41.6,10482.595424,50.0,64.48876,0.0,22622.595366,0.0,0.0,0.0,0.0,0.0
95,511.0435,0.0,250.0,175.0,86.0435,0.0,0.0,250.0,200.0,600.0,1000.0,41.6,41.6,7591.9096,50.0,82.76889,0.0,21259.409583,0.0,0.0,0.0,0.0,0.0
96,476.383563,0.0,326.38356,150.0,0.0,0.0,0.0,375.0,200.0,600.0,1000.0,1.0,21.5,3551.38356,76.38356,111.0435,0.0,476.383563,0.0,0.0,0.0,0.0,48.61644
97,456.286547,0.0,300.0,156.28655,0.0,0.0,0.0,300.0,200.0,600.0,1000.0,1.4,21.5,3660.160825,6.28655,26.38356,0.0,638.801166,0.0,0.0,0.0,0.0,0.0
98,445.895055,0.0,250.0,181.28655,14.608508,0.0,0.0,250.0,200.0,600.0,1000.0,41.6,41.6,4755.374758,39.608508,50.0,0.0,18549.234288,0.0,0.0,0.0,0.0,0.0
99,447.34115,0.0,225.0,200.0,22.34115,0.0,0.0,225.0,200.0,600.0,1000.0,41.6,41.6,5454.39184,26.446092,25.0,0.0,18609.391857,0.0,0.0,0.0,0.0,0.0
100,453.487055,0.0,225.0,200.0,28.487055,0.0,0.0,225.0,200.0,600.0,1000.0,41.6,41.6,5710.061488,6.145905,0.0,0.0,18865.06148,0.0,0.0,0.0,0.0,0.0
101,455.164896,0.0,225.0,200.0,30.164896,0.0,0.0,225.0,200.0,600.0,1000.0,41.6,41.6,5779.859674,1.677841,0.0,0.0,18934.859674,0.0,0.0,0.0,0.0,0.0
102,458.372261,0.0,200.0,200.0,58.372261,0.0,0.0,200.0,200.0,600.0,1000.0,41.6,41.6,6928.286058,28.207365,25.0,0.0,19068.286074,0.0,0.0,0.0,0.0,0.0
103,484.939627,70.0,200.0,175.0,39.939627,0.0,70.0,200.0,200.0,600.0,1000.0,41.6,41.6,5658.988483,70.0,43.432634,0.0,20173.488467,0.0,0.0,0.0,0.0,0.0
104,519.553214,140.0,200.0,150.0,29.553214,0.0,140.0,200.0,200.0,600.0,1000.0,41.6,41.6,4724.413702,70.0,35.386413,0.0,21613.413694,0.0,0.0,0.0,0.0,0.0
105,551.358039,210.0,200.0,125.0,16.358039,0.0,210.0,200.0,200.0,600.0,1000.0,41.6,41.6,3672.994422,70.0,38.195175,0.0,22936.494422,0.0,0.0,0.0,0.0,0.0
106,577.276516,350.0,127.27652,100.0,0.0,0.0,350.0,175.0,200.0,600.0,1000.0,1.0,21.5,2452.27652,140.0,114.081519,0.0,577.276516,0.0,0.0,0.0,0.0,47.72348
107,595.195118,420.0,100.19512,75.0,0.0,0.0,420.0,175.0,200.0,600.0,1000.0,1.0,21.5,1922.69512,70.0,52.0814,0.0,595.195118,0.0,0.0,0.0,0.0,74.80488
108,597.160325,525.0,22.160325,50.0,0.0,0.0,525.0,150.0,200.0,600.0,1000.0,1.0,21.5,1359.660325,105.0,103.034795,0.0,597.160325,0.0,0.0,0.0,0.0,127.839675
109,587.019119,547.37664,0.0,39.642484,0.0,0.0,630.0,150.0,200.0,600.0,1000.0,0.5,21.5,1126.001726,22.37664,32.517841,0.0,293.509559,0.0,0.0,0.0,0.0,232.62336
110,575.774801,490.0,21.132317,64.642484,0.0,0.0,490.0,150.0,200.0,600.0,1000.0,1.0,21.5,1655.945723,46.132317,57.37664,0.0,575.774801,0.0,0.0,0.0,0.0,128.867683
111,575.22788,420.0,65.585397,89.642484,0.0,0.0,420.0,125.0,200.0,600.0,1000.0,1.0,21.5,2202.898803,69.45308,70.0,0.0,575.22788,0.0,0.0,0.0,0.0,59.414603
112,589.642484,350.0,125.0,114.64248,0.0,0.0,350.0,125.0,200.0,600.0,1000.0,23.2,21.5,2764.81332,84.414599,70.0,0.0,13679.705624,0.0,0.0,0.0,0.0,0.0
113,618.582928,280.0,100.0,139.64248,98.940444,0.0,280.0,100.0,200.0,600.0,1000.0,41.6,41.6,7358.23579,123.940444,95.0,0.0,25733.049813,0.0,0.0,0.0,0.0,0.0
114,622.53188,210.0,75.0,164.64248,172.8894,0.0,210.0,75.0,200.0,600.0,1000.0,41.6,41.6,10912.01236,98.948956,95.0,0.0,25897.326225,0.0,0.0,0.0,0.0,0.0
115,606.003754,70.0,100.0,189.64248,246.36127,0.0,70.0,100.0,200.0,600.0,1000.0,41.6,41.6,14460.942152,123.47187,140.0,0.0,25209.75615,0.0,0.0,0.0,0.0,0.0
116,575.83042,0.0,100.0,200.0,275.83042,0.0,0.0,100.0,200.0,600.0,1000.0,41.6,41.6,15874.545472,39.82667,70.0,0.0,23954.54548,0.0,0.0,0.0,0.0,0.0
117,556.808706,0.0,150.0,200.0,206.80871,0.0,0.0,150.0,200.0,600.0,1000.0,41.6,41.6,13053.242336,50.0,69.02171,0.0,23163.24217,0.0,0.0,0.0,0.0,0.0
118,553.267627,0.0,200.0,200.0,153.26763,0.0,0.0,200.0,200.0,600.0,1000.0,41.6,41.6,10875.933408,50.0,53.54108,0.0,23015.933267,0.0,0.0,0.0,0.0,0.0
119,522.185849,0.0,250.0,175.0,97.185849,0.0,0.0,250.0,200.0,600.0,1000.0,41.6,41.6,8055.431318,50.0,81.081781,0.0,21722.93131,0.0,0.0,0.0,0.0,0.0
120,481.305848,0.0,331.30585,150.0,0.0,0.0,0.0,375.0,200.0,600.0,1000.0,1.0,21.5,3556.30585,81.30585,122.185849,0.0,481.305848,0.0,0.0,0.0,0.0,43.69415
121,452.995753,0.0,300.0,152.99575,0.0,0.0,0.0,300.0,200.0,600.0,1000.0,1.4,21.5,3589.408625,2.99575,31.30585,0.0,634.194054,0.0,0.0,0.0,0.0,0.0
122,442.873087,0.0,250.0,177.99575,14.877333,0.0,0.0,250.0,200.0,600.0,1000.0,41.6,41.6,4695.805678,39.877333,50.0,0.0,18423.520403,0.0,0.0,0.0,0.0,0.0
123,443.206801,0.0,225.0,200.0,18.206801,0.0,0.0,225.0,200.0,600.0,1000.0,41.6,41.6,5282.402922,25.333718,25.0,0.0,18437.40293,0.0,0.0,0.0,0.0,0.0
124,444.105976,0.0,225.0,200.0,19.105976,0.0,0.0,225.0,200.0,600.0,1000.0,41.6,41.6,5319.808602,0.899175,0.0,0.0,18474.808585,0.0,0.0,0.0,0.0,0.0
125,436.912579,0.0,225.0,186.3508,25.561778,0.0,0.0,225.0,200.0,600.0,1000.0,41.6,41.6,5294.912165,6.455802,13.6492,0.0,18175.56327,0.0,0.0,0.0,0.0,0.0
126,428.05988,0.0,200.0,161.3508,66.709079,0.0,0.0,200.0,200.0,600.0,1000.0,41.6,41.6,6444.139886,41.147301,50.0,0.0,17807.291025,0.0,0.0,0.0,0.0,0.0
127,440.416579,70.0,200.0,136.3508,34.065778,0.0,70.0,200.0,200.0,600.0,1000.0,41.6,41.6,4583.678565,70.0,57.643301,0.0,18321.32967,0.0,0.0,0.0,0.0,0.0
128,466.761468,140.0,200.0,111.3508,15.410667,0.0,140.0,200.0,200.0,600.0,1000.0,41.6,41.6,3305.125947,70.0,43.655111,0.0,19417.277069,0.0,0.0,0.0,0.0,0.0
129,496.350801,210.0,200.0,86.350801,0.0,0.0,210.0,200.0,200.0,600.0,1000.0,2.6,21.5,2161.542222,70.0,40.410666,0.0,1290.512083,0.0,0.0,0.0,0.0,0.0
130,521.870674,350.0,110.51987,61.350801,0.0,0.0,350.0,175.0,200.0,600.0,1000.0,1.0,21.5,1604.562092,140.0,114.48013,0.0,521.870674,0.0,0.0,0.0,0.0,64.48013
131,550.15296,420.0,93.802159,36.350801,0.0,0.0,420.0,175.0,200.0,600.0,1000.0,1.0,21.5,1085.34438,70.0,41.717711,0.0,550.15296,0.0,0.0,0.0,0.0,81.197841
132,553.230547,525.0,16.879746,11.350801,0.0,0.0,525.0,150.0,200.0,600.0,1000.0,1.0,21.5,523.421968,105.0,101.922413,0.0,553.230547,0.0,0.0,0.0,0.0,133.120254
133,536.758039,536.75804,0.0,0.0,0.0,0.0,630.0,150.0,200.0,600.0,1000.0,0.5,0.5,268.37902,11.75804,28.230547,0.0,268.37902,0.0,0.0,0.0,0.0,243.24196
134,525.272706,490.0,10.272706,25.0,0.0,0.0,490.0,150.0,200.0,600.0,1000.0,1.0,21.5,792.772706,35.272706,46.75804,0.0,525.272706,0.0,0.0,0.0,0.0,139.727294
135,526.125531,420.0,56.125531,50.0,0.0,0.0,420.0,125.0,200.0,600.0,1000.0,1.0,21.5,1341.125531,70.852825,70.0,0.0,526.125531,0.0,0.0,0.0,0.0,68.874469
136,547.594484,350.0,122.59448,75.0,0.0,0.0,350.0,125.0,200.0,600.0,1000.0,1.0,21.5,1910.09448,91.468949,70.0,0.0,547.594484,0.0,0.0,0.0,0.0,2.40552
137,580.317023,280.0,100.0,100.0,100.31702,0.0,280.0,100.0,200.0,600.0,1000.0,41.6,41.6,6563.188032,125.31702,92.59448,0.0,24141.188173,0.0,0.0,0.0,0.0,0.0
138,592.228769,210.0,75.0,125.0,182.22877,0.0,210.0,75.0,200.0,600.0,1000.0,41.6,41.6,10448.216832,106.91175,95.0,0.0,24636.716807,0.0,0.0,0.0,0.0,0.0
139,581.957785,70.0,100.0,150.0,261.95779,0.0,70.0,100.0,200.0,600.0,1000.0,41.6,41.6,14257.444064,129.72902,140.0,0.0,24209.443864,0.0,0.0,0.0,0.0,0.0
140,560.405404,0.0,100.0,175.0,285.4054,0.0,0.0,100.0,200.0,600.0,1000.0,41.6,41.6,15735.36464,48.44761,70.0,0.0,23312.864815,0.0,0.0,0.0,0.0,0.0
141,550.431055,0.0,150.0,200.0,200.43106,0.0,0.0,150.0,200.0,600.0,1000.0,41.6,41.6,12787.932096,75.0,84.97434,0.0,22897.931896,0.0,0.0,0.0,0.0,0.0
142,551.367309,0.0,200.0,200.0,151.36731,0.0,0.0,200.0,200.0,600.0,1000.0,41.6,41.6,10796.880096,50.0,49.06375,0.0,22936.880054,0.0,0.0,0.0,0.0,0.0
143,516.503436,0.0,250.0,175.0,91.503436,0.0,0.0,250.0,200.0,600.0,1000.0,41.6,41.6,7819.042938,50.0,84.863874,0.0,21486.542938,0.0,0.0,0.0,0.0,0.0
144,484.031182,0.0,334.03118,150.0,0.0,0.0,0.0,375.0,200.0,600.0,1000.0,1.0,21.5,3559.03118,84.03118,116.503436,0.0,484.031182,0.0,0.0,0.0,0.0,40.96882
145,464.963119,0.0,300.0,164.96312,0.0,0.0,0.0,300.0,200.0,600.0,1000.0,1.4,21.5,3846.70708,14.96312,34.03118,0.0,650.948366,0.0,0.0,0.0,0.0,0.0
146,461.171753,0.0,250.0,189.96312,21.208635,0.0,0.0,250.0,200.0,600.0,1000.0,41.6,41.6,5216.486296,46.208635,50.0,0.0,19184.744941,0.0,0.0,0.0,0.0,0.0
147,467.048833,0.0,225.0,200.0,42.048833,0.0,0.0,225.0,200.0,600.0,1000.0,41.6,41.6,6274.231453,30.877078,25.0,0.0,19429.231436,0.0,0.0,0.0,0.0,0.0
148,486.311563,0.0,225.0,200.0,61.311563,0.0,0.0,225.0,200.0,600.0,1000.0,41.6,41.6,7075.561021,19.26273,0.0,0.0,20230.561029,0.0,0.0,0.0,0.0,0.0
149,524.957531,0.0,225.0,200.0,99.957531,0.0,0.0,225.0,200.0,600.0,1000.0,41.6,41.6,8683.23329,38.645968,0.0,0.0,21838.233306,0.0,0.0,0.0,0.0,0.0
150,601.415182,0.0,200.0,200.0,201.41518,0.0,0.0,200.0,200.0,600.0,1000.0,41.6,41.6,12878.871488,101.457649,25.0,0.0,25018.87158,0.0,0.0,0.0,0.0,0.0
151,674.452261,70.0,200.0,200.0,204.45226,0.0,70.0,200.0,200.0,600.0,1000.0,41.6,41.6,13040.214016,73.03708,0.0,0.0,28057.214066,0.0,0.0,0.0,0.0,0.0
152,698.980261,140.0,200.0,200.0,158.98026,0.0,140.0,200.0,200.0,600.0,1000.0,41.6,41.6,11183.578816,70.0,45.472,0.0,29077.578866,0.0,0.0,0.0,0.0,0.0
153,704.226992,210.0,200.0,176.81188,117.41511,0.0,210.0,200.0,200.0,600.0,1000.0,41.6,41.6,8990.923996,70.0,64.75327,0.0,29295.842859,0.0,0.0,0.0,0.0,0.0
154,711.123754,350.0,175.0,151.81188,34.311873,0.0,350.0,175.0,200.0,600.0,1000.0,41.6,41.6,5041.329337,140.0,133.103237,0.0,29582.74815,0.0,0.0,0.0,0.0,0.0
155,721.811881,420.0,175.0,126.81188,0.0,0.0,420.0,175.0,200.0,600.0,1000.0,1.8,21.5,3111.45542,70.0,59.311873,0.0,1299.261385,0.0,0.0,0.0,0.0,0.0
156,718.734293,525.0,91.922413,101.81188,0.0,0.0,525.0,150.0,200.0,600.0,1000.0,1.0,21.5,2543.377833,105.0,108.077587,0.0,718.734293,0.0,0.0,0.0,0.0,58.077587
157,716.110928,616.11093,0.0,100.0,0.0,0.0,630.0,150.0,200.0,600.0,1000.0,0.5,21.5,2458.055465,91.11093,93.734293,0.0,358.055464,0.0,0.0,0.0,0.0,163.88907
158,707.054293,490.0,92.054293,125.0,0.0,0.0,490.0,150.0,200.0,600.0,1000.0,1.0,21.5,3024.554293,117.054293,126.11093,0.0,707.054293,0.0,0.0,0.0,0.0,57.945707
159,702.169087,420.0,125.0,150.0,7.169087,0.0,420.0,125.0,200.0,600.0,1000.0,41.6,41.6,3858.234003,65.114794,70.0,0.0,29210.234003,0.0,0.0,0.0,0.0,0.0
160,708.027626,350.0,125.0,175.0,58.027626,0.0,350.0,125.0,200.0,600.0,1000.0,41.6,41.6,6476.449242,75.858539,70.0,0.0,29453.949258,0.0,0.0,0.0,0.0,0.0
161,729.839563,280.0,100.0,200.0,149.83956,0.0,280.0,100.0,200.0,600.0,1000.0,41.6,41.6,10773.325696,116.811934,95.0,0.0,30361.325829,0.0,0.0,0.0,0.0,0.0
162,727.281087,210.0,75.0,200.0,242.28109,0.0,210.0,75.0,200.0,600.0,1000.0,41.6,41.6,14558.893344,92.44153,95.0,0.0,30254.893219,0.0,0.0,0.0,0.0,0.0
163,709.881595,70.0,100.0,200.0,339.88159,0.0,70.0,100.0,200.0,600.0,1000.0,41.6,41.6,18574.074144,122.6005,140.0,0.0,29531.074335,0.0,0.0,0.0,0.0,0.0
164,673.219372,0.0,100.0,200.0,373.21937,0.0,0.0,100.0,200.0,600.0,1000.0,41.6,41.6,19925.925792,33.33778,70.0,0.0,28005.925884,0.0,0.0,0.0,0.0,0.0
165,642.934801,0.0,150.0,200.0,292.9348,0.0,0.0,150.0,200.0,600.0,1000.0,41.6,41.6,16636.08768,50.0,80.28457,0.0,26746.08773,0.0,0.0,0.0,0.0,0.0
166,617.92477,0.0,200.0,200.0,217.92477,0.0,0.0,200.0,200.0,600.0,1000.0,41.6,41.6,13565.670432,50.0,75.01003,0.0,25705.670415,0.0,0.0,0.0,0.0,0.0
167,571.260388,0.0,250.0,200.0,121.26039,0.0,0.0,250.0,200.0,600.0,1000.0,41.6,41.6,9594.432224,50.0,96.66438,0.0,23764.432149,0.0,0.0,0.0,0.0,0.0
168,536.656071,0.0,361.65607,175.0,0.0,0.0,0.0,375.0,200.0,600.0,1000.0,1.0,21.5,4124.15607,111.65607,146.26039,0.0,536.656071,0.0,0.0,0.0,0.0,13.34393
169,516.327309,0.0,300.0,200.0,16.327309,0.0,0.0,300.0,200.0,600.0,1000.0,41.6,41.6,5279.216054,41.327309,61.65607,0.0,21479.216054,0.0,0.0,0.0,0.0,0.0
170,510.338992,0.0,250.0,200.0,60.338992,0.0,0.0,250.0,200.0,600.0,1000.0,41.6,41.6,7060.102067,44.011683,50.0,0.0,21230.102051,0.0,0.0,0.0,0.0,0.0
171,515.724769,0.0,225.0,200.0,90.724769,0.0,0.0,225.0,200.0,600.0,1000.0,41.6,41.6,8299.15039,30.385777,25.0,0.0,21454.150399,0.0,0.0,0.0,0.0,0.0
172,527.35842,0.0,225.0,200.0,102.35842,0.0,0.0,225.0,200.0,600.0,1000.0,41.6,41.6,8783.110272,11.633651,0.0,0.0,21938.110272,0.0,0.0,0.0,0.0,0.0
173,552.989531,0.0,225.0,200.0,127.98953,0.0,0.0,225.0,200.0,600.0,1000.0,41.6,41.6,9849.364448,25.63111,0.0,0.0,23004.364506,0.0,0.0,0.0,0.0,0.0
174,622.096198,0.0,200.0,200.0,222.0962,0.0,0.0,200.0,200.0,600.0,1000.0,41.6,41.6,13739.20192,94.10667,25.0,0.0,25879.20182,0.0,0.0,0.0,0.0,0.0
175,687.124135,70.0,200.0,200.0,217.12413,0.0,70.0,200.0,200.0,600.0,1000.0,41.6,41.6,13567.363808,70.0,4.97207,0.0,28584.363999,0.0,0.0,0.0,0.0,0.0
176,702.808706,140.0,200.0,200.0,162.80871,0.0,140.0,200.0,200.0,600.0,1000.0,41.6,41.6,11342.842336,70.0,54.31542,0.0,29236.842161,0.0,0.0,0.0,0.0,0.0
177,700.769341,210.0,200.0,182.43867,108.33067,0.0,210.0,200.0,200.0,600.0,1000.0,41.6,41.6,8733.987277,70.0,72.03937,0.0,29152.004569,0.0,0.0,0.0,0.0,0.0
178,710.72515,350.0,175.0,157.43867,28.286476,0.0,350.0,175.0,200.0,600.0,1000.0,41.6,41.6,4911.648807,140.0,130.044194,0.0,29566.166248,0.0,0.0,0.0,0.0,0.0
179,727.438674,420.0,175.0,132.43867,0.0,0.0,420.0,175.0,200.0,600.0,1000.0,1.8,21.5,3232.431405,70.0,53.286476,0.0,1309.389613,0.0,0.0,0.0,0.0,0.0
180,724.073722,525.0,91.635048,107.43867,0.0,0.0,525.0,150.0,200.0,600.0,1000.0,1.0,21.5,2664.066453,105.0,108.364952,0.0,724.073722,0.0,0.0,0.0,0.0,58.364952
181,720.801468,620.80147,0.0,100.0,0.0,0.0,630.0,150.0,200.0,600.0,1000.0,0.5,21.5,2460.400735,95.80147,99.073718,0.0,360.400734,0.0,0.0,0.0,0.0,159.19853
182,712.579118,490.0,97.579118,125.0,0.0,0.0,490.0,150.0,200.0,600.0,1000.0,1.0,21.5,3030.079118,122.579118,130.80147,0.0,712.579118,0.0,0.0,0.0,0.0,52.420882
183,708.797023,420.0,125.0,150.0,13.797023,0.0,420.0,125.0,200.0,600.0,1000.0,41.6,41.6,4133.956157,66.217905,70.0,0.0,29485.956165,0.0,0.0,0.0,0.0,0.0
184,710.437785,350.0,125.0,175.0,60.437785,0.0,350.0,125.0,200.0,600.0,1000.0,41.6,41.6,6576.711856,71.640762,70.0,0.0,29554.211856,0.0,0.0,0.0,0.0,0.0
185,731.971627,280.0,100.0,200.0,151.97163,0.0,280.0,100.0,200.0,600.0,1000.0,41.6,41.6,10862.019808,116.533845,95.0,0.0,30450.019667,0.0,0.0,0.0,0.0,0.0
186,729.45023,210.0,75.0,200.0,244.45023,0.0,210.0,75.0,200.0,600.0,1000.0,41.6,41.6,14649.129568,92.4786,95.0,0.0,30345.12956,0.0,0.0,0.0,0.0,0.0
187,711.346229,70.0,100.0,200.0,341.34623,0.0,70.0,100.0,200.0,600.0,1000.0,41.6,41.6,18635.003168,121.896,140.0,0.0,29592.003143,0.0,0.0,0.0,0.0,0.0
188,676.639944,0.0,100.0,200.0,376.63994,0.0,0.0,100.0,200.0,600.0,1000.0,41.6,41.6,20068.221504,35.29371,70.0,0.0,28148.22167,0.0,0.0,0.0,0.0,0.0
189,647.10623,0.0,150.0,200.0,297.10623,0.0,0.0,150.0,200.0,600.0,1000.0,41.6,41.6,16809.619168,50.0,79.53371,0.0,26919.61916,0.0,0.0,0.0,0.0,0.0
190,624.738103,0.0,200.0,200.0,224.7381,0.0,0.0,200.0,200.0,600.0,1000.0,41.6,41.6,13849.10496,50.0,72.36813,0.0,25989.105068,0.0,0.0,0.0,0.0,0.0
191,576.377341,0.0,250.0,200.0,126.37734,0.0,0.0,250.0,200.0,600.0,1000.0,41.6,41.6,9807.297344,50.0,98.36076,0.0,23977.297369,0.0,0.0,0.0,0.0,0.0
192,541.615436,0.0,366.61544,175.0,0.0,0.0,0.0,375.0,200.0,600.0,1000.0,1.0,21.5,4129.11544,116.61544,151.37734,0.0,541.615436,0.0,0.0,0.0,0.0,8.38456
193,525.124388,0.0,300.0,200.0,25.124388,0.0,0.0,300.0,200.0,600.0,1000.0,41.6,41.6,5645.174541,50.124388,66.61544,0.0,21845.174557,0.0,0.0,0.0,0.0,0.0
194,517.384071,0.0,250.0,200.0,67.384071,0.0,0.0,250.0,200.0,600.0,1000.0,41.6,41.6,7353.177354,42.259683,50.0,0.0,21523.177354,0.0,0.0,0.0,0.0,0.0
195,521.49988,0.0,225.0,200.0,96.49988,0.0,0.0,225.0,200.0,600.0,1000.0,41.6,41.6,8539.395008,29.115809,25.0,0.0,21694.395016,0.0,0.0,0.0,0.0,0.0
196,536.980516,0.0,225.0,200.0,111.98052,0.0,0.0,225.0,200.0,600.0,1000.0,41.6,41.6,9183.389632,15.48064,0.0,0.0,22338.389449,0.0,0.0,0.0,0.0,0.0
197,564.16896,0.0,225.0,200.0,139.16896,0.0,0.0,225.0,200.0,600.0,1000.0,41.6,41.6,10314.428736,27.18844,0.0,0.0,23469.428736,0.0,0.0,0.0,0.0,0.0
198,634.517785,0.0,200.0,200.0,234.51779,0.0,0.0,200.0,200.0,600.0,1000.0,41.6,41.6,14255.940064,95.34883,25.0,0.0,26395.939864,0.0,0.0,0.0,0.0,0.0
199,699.341785,70.0,200.0,200.0,229.34179,0.0,70.0,200.0,200.0,600.0,1000.0,41.6,41.6,14075.618464,70.0,5.176,0.0,29092.618264,0.0,0.0,0.0,0.0,0.0
200,722.785214,140.0,200.0,200.0,182.78521,0.0,140.0,200.0,200.0,600.0,1000.0,41.6,41.6,12173.864736,70.0,46.55658,0.0,30067.864894,0.0,0.0,0.0,0.0,0.0
201,718.400579,210.0,200.0,194.75829,113.64229,0.0,210.0,200.0,200.0,600.0,1000.0,41.6,41.6,9219.822499,70.0,74.38463,0.0,29885.464078,0.0,0.0,0.0,0.0,0.0
202,726.919563,350.0,175.0,169.75829,32.16127,0.0,350.0,175.0,200.0,600.0,1000.0,41.6,41.6,5337.712067,140.0,131.48102,0.0,30239.853821,0.0,0.0,0.0,0.0,0.0
203,739.758293,420.0,175.0,144.75829,0.0,0.0,420.0,175.0,200.0,600.0,1000.0,1.8,21.5,3497.303235,70.0,57.16127,0.0,1331.564928,0.0,0.0,0.0,0.0,0.0
204,732.555626,525.0,87.797333,119.75829,0.0,0.0,525.0,150.0,200.0,600.0,1000.0,1.0,21.5,2925.100568,105.0,112.202667,0.0,732.555626,0.0,0.0,0.0,0.0,62.202667
205,730.544071,630.0,0.544071,100.0,0.0,0.0,630.0,150.0,200.0,600.0,1000.0,1.0,21.5,2465.544071,105.0,107.011552,0.0,730.544071,0.0,0.0,0.0,0.0,149.455929
206,721.561595,490.0,106.56159,125.0,0.0,0.0,490.0,150.0,200.0,600.0,1000.0,1.0,21.5,3039.06159,131.017519,140.0,0.0,721.561595,0.0,0.0,0.0,0.0,43.43841
207,715.601087,420.0,125.0,150.0,20.601087,0.0,420.0,125.0,200.0,600.0,1000.0,41.6,41.6,4417.005219,64.039497,70.0,0.0,29769.005211,0.0,0.0,0.0,0.0,0.0
208,717.436516,350.0,125.0,175.0,67.436516,0.0,350.0,125.0,200.0,600.0,1000.0,41.6,41.6,6867.859066,71.835429,70.0,0.0,29845.359049,0.0,0.0,0.0,0.0,0.0
209,733.176706,280.0,100.0,200.0,153.17671,0.0,280.0,100.0,200.0,600.0,1000.0,41.6,41.6,10912.151136,110.740194,95.0,0.0,30500.150953,0.0,0.0,0.0,0.0,0.0
210,725.862801,210.0,75.0,200.0,240.8628,0.0,210.0,75.0,200.0,600.0,1000.0,41.6,41.6,14499.89248,87.68609,95.0,0.0,30195.892522,0.0,0.0,0.0,0.0,0.0
211,704.458738,70.0,100.0,200.0,334.45874,0.0,70.0,100.0,200.0,600.0,1000.0,41.6,41.6,18348.483584,118.59594,140.0,0.0,29305.483484,0.0,0.0,0.0,0.0,0.0
212,665.367817,0.0,100.0,200.0,365.36782,0.0,0.0,100.0,200.0,600.0,1000.0,41.6,41.6,19599.301312,30.90908,70.0,0.0,27679.301196,0.0,0.0,0.0,0.0,0.0
213,632.756515,0.0,150.0,200.0,282.75652,0.0,0.0,150.0,200.0,600.0,1000.0,41.6,41.6,16212.671232,50.0,82.6113,0.0,26322.671032,0.0,0.0,0.0,0.0,0.0
214,609.999055,0.0,200.0,200.0,209.99906,0.0,0.0,200.0,200.0,600.0,1000.0,41.6,41.6,13235.960896,50.0,72.75746,0.0,25375.960696,0.0,0.0,0.0,0.0,0.0
215,562.426229,0.0,250.0,200.0,112.42623,0.0,0.0,250.0,200.0,600.0,1000.0,41.6,41.6,9226.931168,50.0,97.57283,0.0,23396.931143,0.0,0.0,0.0,0.0,0.0
216,530.055944,0.0,355.05594,175.0,0.0,0.0,0.0,375.0,200.0,600.0,1000.0,1.0,21.5,4117.55594,105.05594,137.42623,0.0,530.055944,0.0,0.0,0.0,0.0,19.94406
217,513.676135,0.0,300.0,200.0,13.676135,0.0,0.0,300.0,200.0,600.0,1000.0,41.6,41.6,5168.927216,38.676135,55.05594,0.0,21368.927199,0.0,0.0,0.0,0.0,0.0
218,505.045912,0.0,250.0,200.0,55.045912,0.0,0.0,250.0,200.0,600.0,1000.0,41.6,41.6,6839.909939,41.369777,50.0,0.0,21009.909948,0.0,0.0,0.0,0.0,0.0
219,508.438674,0.0,225.0,200.0,83.438674,0.0,0.0,225.0,200.0,600.0,1000.0,41.6,41.6,7996.048838,28.392762,25.0,0.0,21151.048838,0.0,0.0,0.0,0.0,0.0
220,515.780389,0.0,225.0,200.0,90.780389,0.0,0.0,225.0,200.0,600.0,1000.0,41.6,41.6,8301.464182,7.341715,0.0,0.0,21456.464166,0.0,0.0,0.0,0.0,0.0
221,539.863436,0.0,225.0,200.0,114.86344,0.0,0.0,225.0,200.0,600.0,1000.0,41.6,41.6,9303.319104,24.083051,0.0,0.0,22458.318929,0.0,0.0,0.0,0.0,0.0
222,609.452134,0.0,200.0,200.0,209.45213,0.0,0.0,200.0,200.0,600.0,1000.0,41.6,41.6,13213.208608,94.58869,25.0,0.0,25353.208783,0.0,0.0,0.0,0.0,0.0
223,678.503182,70.0,200.0,200.0,208.50318,0.0,70.0,200.0,200.0,600.0,1000.0,41.6,41.6,13208.732288,70.0,0.94895,0.0,28225.73238,0.0,0.0,0.0,0.0,0.0
224,700.24096,140.0,200.0,200.0,160.24096,0.0,140.0,200.0,200.0,600.0,1000.0,41.6,41.6,11236.023936,70.0,48.26222,0.0,29130.023919,0.0,0.0,0.0,0.0,0.0
225,700.713722,210.0,200.0,175.0,115.71372,0.0,210.0,200.0,200.0,600.0,1000.0,41.6,41.6,8881.190752,70.0,69.52724,0.0,29149.690827,0.0,0.0,0.0,0.0,0.0
226,707.156261,350.0,175.0,150.0,32.156261,0.0,350.0,175.0,200.0,600.0,1000.0,41.6,41.6,4912.700458,140.0,133.557459,0.0,29417.700474,0.0,0.0,0.0,0.0,0.0
227,715.322992,420.0,170.32299,125.0,0.0,0.0,420.0,175.0,200.0,600.0,1000.0,1.0,21.5,3067.82299,70.0,61.833271,0.0,715.322992,0.0,0.0,0.0,0.0,4.67701
228,711.540896,525.0,86.540896,100.0,0.0,0.0,525.0,150.0,200.0,600.0,1000.0,1.0,21.5,2499.040896,105.0,108.782094,0.0,711.540896,0.0,0.0,0.0,0.0,63.459104
229,708.834103,608.8341,0.0,100.0,0.0,0.0,630.0,150.0,200.0,600.0,1000.0,0.5,21.5,2454.41705,83.8341,86.540896,0.0,354.417051,0.0,0.0,0.0,0.0,171.1659
230,705.061277,490.0,90.061277,125.0,0.0,0.0,490.0,150.0,200.0,600.0,1000.0,1.0,21.5,3022.561277,115.061277,118.8341,0.0,705.061277,0.0,0.0,0.0,0.0,59.938723
231,704.134293,420.0,125.0,150.0,9.134293,0.0,420.0,125.0,200.0,600.0,1000.0,41.6,41.6,3939.986589,69.073016,70.0,0.0,29291.986589,0.0,0.0,0.0,0.0,0.0
232,708.175944,350.0,125.0,175.0,58.175944,0.0,350.0,125.0,200.0,600.0,1000.0,41.6,41.6,6482.61927,74.041651,70.0,0.0,29460.11927,0.0,0.0,0.0,0.0,0.0
233,730.979753,280.0,100.0,200.0,150.97975,0.0,280.0,100.0,200.0,600.0,1000.0,41.6,41.6,10820.7576,117.803806,95.0,0.0,30408.757741,0.0,0.0,0.0,0.0,0.0
234,728.30077,210.0,75.0,200.0,243.30077,0.0,210.0,75.0,200.0,600.0,1000.0,41.6,41.6,14601.312032,92.32102,95.0,0.0,30297.312015,0.0,0.0,0.0,0.0,0.0
235,713.876896,70.0,100.0,200.0,343.8769,0.0,70.0,100.0,200.0,600.0,1000.0,41.6,41.6,18740.27904,125.57613,140.0,0.0,29697.278882,0.0,0.0,0.0,0.0,0.0
236,679.838039,0.0,100.0,200.0,379.83804,0.0,0.0,100.0,200.0,600.0,1000.0,41.6,41.6,20201.262464,35.96114,70.0,0.0,28281.262439,0.0,0.0,0.0,0.0,0.0
237,649.590547,0.0,150.0,200.0,299.59055,0.0,0.0,150.0,200.0,600.0,1000.0,41.6,41.6,16912.96688,50.0,80.24749,0.0,27022.966764,0.0,0.0,0.0,0.0,0.0
238,629.252515,0.0,200.0,200.0,229.25252,0.0,0.0,200.0,200.0,600.0,1000.0,41.6,41.6,14036.904832,50.0,70.33803,0.0,26176.904632,0.0,0.0,0.0,0.0,0.0
239,584.859245,0.0,250.0,200.0,134.85925,0.0,0.0,250.0,200.0,600.0,1000.0,41.6,41.6,10160.1448,50.0,94.39327,0.0,24330.144609,0.0,0.0,0.0,0.0,0.0
240,554.760071,0.0,375.0,179.76007,0.0,0.0,0.0,375.0,200.0,600.0,1000.0,21.5,21.5,4239.841505,125.0,155.09918,0.0,11927.341522,0.0,0.0,0.0,0.0,0.0
241,535.376833,0.0,300.0,200.0,35.376833,0.0,0.0,300.0,200.0,600.0,1000.0,41.6,41.6,6071.676253,55.616763,75.0,0.0,22271.676236,0.0,0.0,0.0,0.0,0.0
242,524.243753,0.0,250.0,200.0,74.243753,0.0,0.0,250.0,200.0,600.0,1000.0,41.6,41.6,7638.540125,38.86692,50.0,0.0,21808.540141,0.0,0.0,0.0,0.0,0.0
243,524.253023,0.0,225.0,200.0,99.253023,0.0,0.0,225.0,200.0,600.0,1000.0,41.6,41.6,8653.925757,25.00927,25.0,0.0,21808.925773,0.0,0.0,0.0,0.0,0.0
244,530.945849,0.0,225.0,200.0,105.94585,0.0,0.0,225.0,200.0,600.0,1000.0,41.6,41.6,8932.34736,6.692827,0.0,0.0,22087.34731,0.0,0.0,0.0,0.0,0.0
245,552.980261,0.0,225.0,200.0,127.98026,0.0,0.0,225.0,200.0,600.0,1000.0,41.6,41.6,9848.978816,22.03441,0.0,0.0,23003.978874,0.0,0.0,0.0,0.0,0.0
246,618.592198,0.0,200.0,200.0,218.5922,0.0,0.0,200.0,200.0,600.0,1000.0,41.6,41.6,13593.43552,90.61194,25.0,0.0,25733.43542,0.0,0.0,0.0,0.0,0.0
247,685.761468,70.0,200.0,200.0,215.76147,0.0,70.0,200.0,200.0,600.0,1000.0,41.6,41.6,13510.677152,70.0,2.83073,0.0,28527.677069,0.0,0.0,0.0,0.0,0.0
248,710.688071,140.0,200.0,200.0,170.68807,0.0,140.0,200.0,200.0,600.0,1000.0,41.6,41.6,11670.623712,70.0,45.0734,0.0,29564.623745,0.0,0.0,0.0,0.0,0.0
249,707.944198,210.0,200.0,177.89645,120.04775,0.0,210.0,200.0,200.0,600.0,1000.0,41.6,41.6,9123.760075,70.0,72.74387,0.0,29450.47862,0.0,0.0,0.0,0.0,0.0
250,715.146865,350.0,175.0,152.89645,37.250413,0.0,350.0,175.0,200.0,600.0,1000.0,41.6,41.6,5186.890856,140.0,132.797337,0.0,29750.109567,0.0,0.0,0.0,0.0,0.0
251,722.896452,420.0,175.0,127.89645,0.0,0.0,420.0,175.0,200.0,600.0,1000.0,1.8,21.5,3134.773675,70.0,62.250413,0.0,1301.213614,0.0,0.0,0.0,0.0,0.0
252,718.446928,525.0,90.550476,102.89645,0.0,0.0,525.0,150.0,200.0,600.0,1000.0,1.0,21.5,2565.324151,105.0,109.449524,0.0,718.446928,0.0,0.0,0.0,0.0,59.449524
253,705.589658,613.41917,0.0,92.170483,0.0,0.0,630.0,150.0,200.0,600.0,1000.0,0.5,21.5,2288.37497,88.41917,101.276443,0.0,352.794829,0.0,0.0,0.0,0.0,166.58083
254,692.380135,490.0,85.209651,117.17048,0.0,0.0,490.0,150.0,200.0,600.0,1000.0,1.0,21.5,2849.374971,110.209648,123.41917,0.0,692.380135,0.0,0.0,0.0,0.0,64.790349
255,687.170483,420.0,125.0,142.17048,0.0,0.0,420.0,125.0,200.0,600.0,1000.0,22.8,21.5,3391.66532,64.790349,70.0,0.0,15667.487022,0.0,0.0,0.0,0.0,0.0
256,694.753214,350.0,125.0,167.17048,52.58273,0.0,350.0,125.0,200.0,600.0,1000.0,41.6,41.6,6081.606888,77.58273,70.0,0.0,28901.733694,0.0,0.0,0.0,0.0,0.0
257,723.841976,280.0,100.0,192.17048,151.67149,0.0,280.0,100.0,200.0,600.0,1000.0,41.6,41.6,10681.199304,124.08876,95.0,0.0,30111.826193,0.0,0.0,0.0,0.0,0.0
258,719.327563,210.0,75.0,200.0,234.32756,0.0,210.0,75.0,200.0,600.0,1000.0,41.6,41.6,14228.026496,90.48559,95.0,0.0,29924.026629,0.0,0.0,0.0,0.0,0.0
259,699.202738,70.0,100.0,200.0,329.20274,0.0,70.0,100.0,200.0,600.0,1000.0,41.6,41.6,18129.833984,119.87518,140.0,0.0,29086.833884,0.0,0.0,0.0,0.0,0.0
260,661.11296,0.0,100.0,200.0,361.11296,0.0,0.0,100.0,200.0,600.0,1000.0,41.6,41.6,19422.299136,31.91022,70.0,0.0,27502.299128,0.0,0.0,0.0,0.0,0.0
261,633.04388,0.0,150.0,200.0,283.04388,0.0,0.0,150.0,200.0,600.0,1000.0,41.6,41.6,16224.625408,50.0,78.06908,0.0,26334.625425,0.0,0.0,0.0,0.0,0.0
262,618.249214,0.0,200.0,200.0,218.24921,0.0,0.0,200.0,200.0,600.0,1000.0,41.6,41.6,13579.167136,50.0,64.79467,0.0,25719.167286,0.0,0.0,0.0,0.0,0.0
263,586.592706,0.0,250.0,200.0,136.59271,0.0,0.0,250.0,200.0,600.0,1000.0,41.6,41.6,10232.256736,50.0,81.6565,0.0,24402.25657,0.0,0.0,0.0,0.0,0.0
264,557.021912,0.0,375.0,182.02191,0.0,0.0,0.0,375.0,200.0,600.0,1000.0,21.5,21.5,4288.471065,125.0,154.5708,0.0,11975.971117,0.0,0.0,0.0,0.0,0.0
265,534.320071,0.0,300.0,200.0,34.320071,0.0,0.0,300.0,200.0,600.0,1000.0,41.6,41.6,6027.714954,52.298161,75.0,0.0,22227.714937,0.0,0.0,0.0,0.0,0.0
266,517.99588,0.0,250.0,200.0,67.99588,0.0,0.0,250.0,200.0,600.0,1000.0,41.6,41.6,7378.628608,33.675809,50.0,0.0,21548.628616,0.0,0.0,0.0,0.0,0.0
267,512.545214,0.0,225.0,200.0,87.545214,0.0,0.0,225.0,200.0,600.0,1000.0,41.6,41.6,8166.880902,19.549334,25.0,0.0,21321.880894,0.0,0.0,0.0,0.0,0.0
268,510.172135,0.0,225.0,200.0,85.172135,0.0,0.0,225.0,200.0,600.0,1000.0,41.6,41.6,8068.160816,0.0,2.373079,0.0,21223.160799,0.0,0.0,0.0,0.0,0.0
269,503.108515,0.0,225.0,200.0,78.108515,0.0,0.0,225.0,200.0,600.0,1000.0,41.6,41.6,7774.314224,0.0,7.06362,0.0,20929.314232,0.0,0.0,0.0,0.0,0.0
270,500.355373,0.0,200.0,200.0,100.35537,0.0,0.0,200.0,200.0,600.0,1000.0,41.6,41.6,8674.783392,22.246855,25.0,0.0,20814.7835,0.0,0.0,0.0,0.0,0.0
271,531.390801,70.0,200.0,175.0,86.390801,0.0,70.0,200.0,200.0,600.0,1000.0,41.6,41.6,7591.357322,70.0,38.964569,0.0,22105.857322,0.0,0.0,0.0,0.0,0.0
272,565.985849,140.0,200.0,150.0,75.985849,0.0,140.0,200.0,200.0,600.0,1000.0,41.6,41.6,6656.011318,70.0,35.404952,0.0,23545.01131,0.0,0.0,0.0,0.0,0.0
273,590.652896,210.0,200.0,125.0,55.652896,0.0,210.0,200.0,200.0,600.0,1000.0,41.6,41.6,5307.660474,70.0,45.332953,0.0,24571.16049,0.0,0.0,0.0,0.0,0.0
274,607.996769,350.0,157.99677,100.0,0.0,0.0,350.0,175.0,200.0,600.0,1000.0,1.0,21.5,2482.99677,140.0,122.656126,0.0,607.996769,0.0,0.0,0.0,0.0,17.00323
275,617.405658,420.0,122.40566,75.0,0.0,0.0,420.0,175.0,200.0,600.0,1000.0,1.0,21.5,1944.90566,70.0,60.59111,0.0,617.405658,0.0,0.0,0.0,0.0,52.59434
276,613.577214,525.0,38.577214,50.0,0.0,0.0,525.0,150.0,200.0,600.0,1000.0,1.0,21.5,1376.077214,105.0,108.828446,0.0,613.577214,0.0,0.0,0.0,0.0,111.422786
277,596.418737,553.21663,0.0,43.202103,0.0,0.0,630.0,150.0,200.0,600.0,1000.0,0.5,21.5,1205.45353,28.21663,45.375111,0.0,298.209369,0.0,0.0,0.0,0.0,226.78337
278,584.145468,490.0,25.943365,68.202103,0.0,0.0,490.0,150.0,200.0,600.0,1000.0,1.0,21.5,1737.288579,50.943365,63.21663,0.0,584.145468,0.0,0.0,0.0,0.0,124.056635
279,583.255563,420.0,70.05346,93.202103,0.0,0.0,420.0,125.0,200.0,600.0,1000.0,1.0,21.5,2283.898674,69.110095,70.0,0.0,583.255563,0.0,0.0,0.0,0.0,54.94654
280,593.202103,350.0,125.0,118.2021,0.0,0.0,350.0,125.0,200.0,600.0,1000.0,23.2,21.5,2841.34515,79.946537,70.0,0.0,13762.28878,0.0,0.0,0.0,0.0,0.0
281,634.035754,280.0,100.0,143.2021,110.83365,0.0,280.0,100.0,200.0,600.0,1000.0,41.6,41.6,7929.52499,135.83365,95.0,0.0,26375.88735,0.0,0.0,0.0,0.0,0.0
282,642.350801,210.0,75.0,168.2021,189.1487,0.0,210.0,75.0,200.0,600.0,1000.0,41.6,41.6,11664.93107,103.31505,95.0,0.0,26721.793313,0.0,0.0,0.0,0.0,0.0
283,626.944325,70.0,100.0,193.2021,263.74222,0.0,70.0,100.0,200.0,600.0,1000.0,41.6,41.6,15260.521502,124.59352,140.0,0.0,26080.883912,0.0,0.0,0.0,0.0,0.0
284,591.357404,0.0,100.0,200.0,291.3574,0.0,0.0,100.0,200.0,600.0,1000.0,41.6,41.6,16520.46784,34.41308,70.0,0.0,24600.468023,0.0,0.0,0.0,0.0,0.0
285,573.763246,0.0,150.0,200.0,223.76325,0.0,0.0,150.0,200.0,600.0,1000.0,41.6,41.6,13758.5512,50.0,67.59415,0.0,23868.551017,0.0,0.0,0.0,0.0,0.0
286,575.505976,0.0,200.0,200.0,175.50598,0.0,0.0,200.0,200.0,600.0,1000.0,41.6,41.6,11801.048768,50.0,48.25727,0.0,23941.048585,0.0,0.0,0.0,0.0,0.0
287,552.665087,0.0,250.0,200.0,102.66509,0.0,0.0,250.0,200.0,600.0,1000.0,41.6,41.6,8820.867744,50.0,72.84089,0.0,22990.867611,0.0,0.0,0.0,0.0,0.0
288,527.089595,0.0,352.08959,175.0,0.0,0.0,0.0,375.0,200.0,600.0,1000.0,1.0,21.5,4114.58959,102.08959,127.66509,0.0,527.089595,0.0,0.0,0.0,0.0,22.91041
289,504.508261,0.0,300.0,200.0,4.508261,0.0,0.0,300.0,200.0,600.0,1000.0,41.6,41.6,4787.543666,29.508261,52.08959,0.0,20987.543666,0.0,0.0,0.0,0.0,0.0
290,493.189785,0.0,250.0,200.0,43.189785,0.0,0.0,250.0,200.0,600.0,1000.0,41.6,41.6,6346.695056,38.681524,50.0,0.0,20516.695056,0.0,0.0,0.0,0.0,0.0
291,485.050865,0.0,225.0,200.0,60.050865,0.0,0.0,225.0,200.0,600.0,1000.0,41.6,41.6,7023.115984,16.86108,25.0,0.0,20178.115976,0.0,0.0,0.0,0.0,0.0
292,481.092643,0.0,225.0,200.0,56.092643,0.0,0.0,225.0,200.0,600.0,1000.0,41.6,41.6,6858.453949,0.0,3.958222,0.0,20013.453932,0.0,0.0,0.0,0.0,0.0
293,471.183182,0.0,225.0,200.0,46.183182,0.0,0.0,225.0,200.0,600.0,1000.0,41.6,41.6,6446.220371,0.0,9.909461,0.0,19601.220363,0.0,0.0,0.0,0.0,0.0
294,458.066357,0.0,200.0,187.48248,70.583873,0.0,0.0,200.0,200.0,600.0,1000.0,41.6,41.6,7167.162437,24.400691,37.51752,0.0,19055.560443,0.0,0.0,0.0,0.0,0.0
295,470.293277,70.0,200.0,162.48248,37.810794,0.0,70.0,200.0,200.0,600.0,1000.0,41.6,41.6,5301.30235,70.0,57.773079,0.0,19564.20034,0.0,0.0,0.0,0.0,0.0
296,491.465595,140.0,200.0,137.48248,13.983112,0.0,140.0,200.0,200.0,600.0,1000.0,41.6,41.6,3807.570779,70.0,48.827682,0.0,20444.968752,0.0,0.0,0.0,0.0,0.0
297,522.482483,210.0,200.0,112.48248,0.0,0.0,210.0,200.0,200.0,600.0,1000.0,24.8,21.5,2723.37332,70.0,38.983112,0.0,12957.565588,0.0,0.0,0.0,0.0,0.0
298,550.013912,350.0,112.53143,87.482483,0.0,0.0,350.0,175.0,200.0,600.0,1000.0,1.0,21.5,2168.404814,140.0,112.468567,0.0,550.013912,0.0,0.0,0.0,0.0,62.46857
299,574.755119,420.0,92.272635,62.482483,0.0,0.0,420.0,175.0,200.0,600.0,1000.0,1.0,21.5,1645.64602,70.0,45.258795,0.0,574.755119,0.0,0.0,0.0,0.0,82.727365
300,578.16642,525.0,15.683937,37.482483,0.0,0.0,525.0,150.0,200.0,600.0,1000.0,1.0,21.5,1084.057322,105.0,101.588698,0.0,578.16642,0.0,0.0,0.0,0.0,134.316063
301,561.953468,549.47098,0.0,12.482483,0.0,0.0,630.0,150.0,200.0,600.0,1000.0,0.5,21.5,543.108874,24.47098,40.683937,0.0,280.976734,0.0,0.0,0.0,0.0,230.52902
302,548.020896,490.0,20.538413,37.482483,0.0,0.0,490.0,150.0,200.0,600.0,1000.0,1.0,21.5,1071.411797,45.538413,59.47098,0.0,548.020896,0.0,0.0,0.0,0.0,129.461587
303,546.139118,420.0,63.656635,62.482483,0.0,0.0,420.0,125.0,200.0,600.0,1000.0,1.0,21.5,1617.03002,68.118222,70.0,0.0,546.139118,0.0,0.0,0.0,0.0,61.343365
304,560.396134,350.0,122.91365,87.482483,0.0,0.0,350.0,125.0,200.0,600.0,1000.0,1.0,21.5,2178.787034,84.257015,70.0,0.0,560.396134,0.0,0.0,0.0,0.0,2.08635
305,601.600579,280.0,100.0,112.48248,109.1181,0.0,280.0,100.0,200.0,600.0,1000.0,41.6,41.6,7197.68628,134.118097,92.91365,0.0,25026.58407,0.0,0.0,0.0,0.0,0.0
306,617.192452,210.0,75.0,137.48248,194.70997,0.0,210.0,75.0,200.0,600.0,1000.0,41.6,41.6,11235.808072,110.59187,95.0,0.0,25675.205987,0.0,0.0,0.0,0.0,0.0
307,605.206547,70.0,100.0,162.48248,272.72406,0.0,70.0,100.0,200.0,600.0,1000.0,41.6,41.6,14973.694216,128.01409,140.0,0.0,25176.592347,0.0,0.0,0.0,0.0,0.0
308,582.912579,0.0,100.0,187.48248,295.4301,0.0,0.0,100.0,200.0,600.0,1000.0,41.6,41.6,16420.76548,47.70604,70.0,0.0,24249.163286,0.0,0.0,0.0,0.0,0.0
309,573.49442,0.0,150.0,200.0,223.49442,0.0,0.0,150.0,200.0,600.0,1000.0,41.6,41.6,13747.367872,62.51752,71.93568,0.0,23857.367889,0.0,0.0,0.0,0.0,0.0
310,580.789785,0.0,200.0,200.0,180.78978,0.0,0.0,200.0,200.0,600.0,1000.0,41.6,41.6,12020.854848,50.0,42.70464,0.0,24160.855056,0.0,0.0,0.0,0.0,0.0
311,556.187626,0.0,250.0,200.0,106.18763,0.0,0.0,250.0,200.0,600.0,1000.0,41.6,41.6,8967.405408,50.0,74.60215,0.0,23137.40525,0.0,0.0,0.0,0.0,0.0
312,530.139373,0.0,355.13937,175.0,0.0,0.0,0.0,375.0,200.0,600.0,1000.0,1.0,21.5,4117.63937,105.13937,131.18763,0.0,530.139373,0.0,0.0,0.0,0.0,19.86063
313,513.268261,0.0,300.0,200.0,13.268261,0.0,0.0,300.0,200.0,600.0,1000.0,41.6,41.6,5151.959658,38.268261,55.13937,0.0,21351.959666,0.0,0.0,0.0,0.0,0.0
314,504.406293,0.0,250.0,200.0,54.406293,0.0,0.0,250.0,200.0,600.0,1000.0,41.6,41.6,6813.301789,41.138032,50.0,0.0,20983.301789,0.0,0.0,0.0,0.0,0.0
315,505.16642,0.0,225.0,200.0,80.16642,0.0,0.0,225.0,200.0,600.0,1000.0,41.6,41.6,7859.923072,25.760127,25.0,0.0,21014.923089,0.0,0.0,0.0,0.0,0.0
316,518.0515,0.0,225.0,200.0,93.0515,0.0,0.0,225.0,200.0,600.0,1000.0,41.6,41.6,8395.9424,12.88508,0.0,0.0,21550.942383,0.0,0.0,0.0,0.0,0.0
317,551.358039,0.0,225.0,200.0,126.35804,0.0,0.0,225.0,200.0,600.0,1000.0,41.6,41.6,9781.494464,33.30654,0.0,0.0,22936.494422,0.0,0.0,0.0,0.0,0.0
318,630.921087,0.0,200.0,200.0,230.92109,0.0,0.0,200.0,200.0,600.0,1000.0,41.6,41.6,14106.317344,104.56305,25.0,0.0,26246.317219,0.0,0.0,0.0,0.0,0.0
319,700.074103,70.0,200.0,200.0,230.0741,0.0,70.0,200.0,200.0,600.0,1000.0,41.6,41.6,14106.08256,70.0,0.84699,0.0,29123.082668,0.0,0.0,0.0,0.0,0.0
320,725.362229,140.0,200.0,200.0,185.36223,0.0,140.0,200.0,200.0,600.0,1000.0,41.6,41.6,12281.068768,70.0,44.71187,0.0,30175.068743,0.0,0.0,0.0,0.0,0.0
321,730.367944,210.0,200.0,200.0,120.36794,0.0,210.0,200.0,200.0,600.0,1000.0,41.6,41.6,9612.306304,70.0,64.99429,0.0,30383.306479,0.0,0.0,0.0,0.0,0.0
322,740.889214,350.0,175.0,178.20312,37.686095,0.0,350.0,175.0,200.0,600.0,1000.0,41.6,41.6,5749.108632,140.0,129.478725,0.0,30820.991286,0.0,0.0,0.0,0.0,0.0
323,748.203119,420.0,175.0,153.20312,0.0,0.0,420.0,175.0,200.0,600.0,1000.0,22.7,21.5,3678.86708,70.0,62.686095,0.0,16984.210797,0.0,0.0,0.0,0.0,0.0
324,745.422166,525.0,92.219047,128.20312,0.0,0.0,525.0,150.0,200.0,600.0,1000.0,1.0,21.5,3111.086127,105.0,107.780953,0.0,745.422166,0.0,0.0,0.0,0.0,57.780953
325,741.408325,630.0,8.205206,103.20312,0.0,0.0,630.0,150.0,200.0,600.0,1000.0,1.0,21.5,2542.072286,105.0,109.013841,0.0,741.408325,0.0,0.0,0.0,0.0,141.794794
326,733.046928,490.0,114.84381,128.20312,0.0,0.0,490.0,150.0,200.0,600.0,1000.0,1.0,21.5,3116.21089,131.638604,140.0,0.0,733.046928,0.0,0.0,0.0,0.0,35.15619
327,728.004134,420.0,125.0,153.20312,29.801016,0.0,420.0,125.0,200.0,600.0,1000.0,41.6,41.6,4868.589346,64.957206,70.0,0.0,30284.971991,0.0,0.0,0.0,0.0,0.0
328,723.628769,350.0,125.0,178.20312,70.425651,0.0,350.0,125.0,200.0,600.0,1000.0,41.6,41.6,7061.074162,65.624635,70.0,0.0,30102.956807,0.0,0.0,0.0,0.0,0.0
329,748.861277,280.0,100.0,200.0,168.86128,0.0,280.0,100.0,200.0,600.0,1000.0,41.6,41.6,11564.629248,120.232509,95.0,0.0,31152.62914,0.0,0.0,0.0,0.0,0.0
330,748.805658,210.0,75.0,200.0,263.80566,0.0,210.0,75.0,200.0,600.0,1000.0,41.6,41.6,15454.315456,94.94438,95.0,0.0,31150.315373,0.0,0.0,0.0,0.0,0.0
331,731.999436,70.0,100.0,200.0,361.99944,0.0,70.0,100.0,200.0,600.0,1000.0,41.6,41.6,19494.176704,123.19378,140.0,0.0,30451.176538,0.0,0.0,0.0,0.0,0.0
332,698.155246,0.0,100.0,200.0,398.15525,0.0,0.0,100.0,200.0,600.0,1000.0,41.6,41.6,20963.2584,36.15581,70.0,0.0,29043.258217,0.0,0.0,0.0,0.0,0.0
333,671.152198,0.0,150.0,200.0,321.1522,0.0,0.0,150.0,200.0,600.0,1000.0,41.6,41.6,17809.93152,50.0,77.00305,0.0,27919.93142,0.0,0.0,0.0,0.0,0.0
334,652.250992,0.0,200.0,200.0,252.25099,0.0,0.0,200.0,200.0,600.0,1000.0,41.6,41.6,14993.641184,50.0,68.90121,0.0,27133.641251,0.0,0.0,0.0,0.0,0.0
335,613.419626,0.0,250.0,200.0,163.41963,0.0,0.0,250.0,200.0,600.0,1000.0,41.6,41.6,11348.256608,50.0,88.83136,0.0,25518.256458,0.0,0.0,0.0,0.0,0.0
336,588.715499,0.0,375.0,200.0,13.715499,0.0,0.0,375.0,200.0,600.0,1000.0,41.6,41.6,5245.564758,125.0,149.704131,0.0,24490.564775,0.0,0.0,0.0,0.0,0.0
337,570.01823,0.0,300.0,200.0,70.01823,0.0,0.0,300.0,200.0,600.0,1000.0,41.6,41.6,7512.758368,56.302731,75.0,0.0,23712.75836,0.0,0.0,0.0,0.0,0.0
338,561.063563,0.0,250.0,200.0,111.06356,0.0,0.0,250.0,200.0,600.0,1000.0,41.6,41.6,9170.244096,41.04533,50.0,0.0,23340.244212,0.0,0.0,0.0,0.0,0.0
339,555.881722,0.0,225.0,200.0,130.88172,0.0,0.0,225.0,200.0,600.0,1000.0,41.6,41.6,9969.679552,19.81816,25.0,0.0,23124.679619,0.0,0.0,0.0,0.0,0.0
340,564.549023,0.0,225.0,200.0,139.54902,0.0,0.0,225.0,200.0,600.0,1000.0,41.6,41.6,10330.239232,8.6673,0.0,0.0,23485.239373,0.0,0.0,0.0,0.0,0.0
341,587.566039,0.0,225.0,200.0,162.56604,0.0,0.0,225.0,200.0,600.0,1000.0,41.6,41.6,11287.747264,23.01702,0.0,0.0,24442.747231,0.0,0.0,0.0,0.0,0.0
342,654.976325,0.0,200.0,200.0,254.97632,0.0,0.0,200.0,200.0,600.0,1000.0,41.6,41.6,15107.014912,92.41028,25.0,0.0,27247.015112,0.0,0.0,0.0,0.0,0.0
343,718.428388,70.0,200.0,200.0,248.42839,0.0,70.0,200.0,200.0,600.0,1000.0,41.6,41.6,14869.621024,70.0,6.54793,0.0,29886.620949,0.0,0.0,0.0,0.0,0.0
344,734.520833,140.0,200.0,200.0,194.52083,0.0,140.0,200.0,200.0,600.0,1000.0,41.6,41.6,12662.066528,70.0,53.90756,0.0,30556.066644,0.0,0.0,0.0,0.0,0.0
345,733.584579,210.0,200.0,200.0,123.58458,0.0,210.0,200.0,200.0,600.0,1000.0,41.6,41.6,9746.118528,70.0,70.93625,0.0,30517.118486,0.0,0.0,0.0,0.0,0.0
346,741.788389,350.0,175.0,179.38966,37.39873,0.0,350.0,175.0,200.0,600.0,1000.0,41.6,41.6,5762.664858,140.0,131.79619,0.0,30858.396966,0.0,0.0,0.0,0.0,0.0
347,749.389658,420.0,175.0,154.38966,0.0,0.0,420.0,175.0,200.0,600.0,1000.0,22.7,21.5,3704.37769,70.0,62.39873,0.0,17011.145246,0.0,0.0,0.0,0.0,0.0
348,745.598293,525.0,91.208635,129.38966,0.0,0.0,525.0,150.0,200.0,600.0,1000.0,1.0,21.5,3135.586325,105.0,108.791365,0.0,745.598293,0.0,0.0,0.0,0.0,58.791365
349,740.184706,630.0,5.795047,104.38966,0.0,0.0,630.0,150.0,200.0,600.0,1000.0,1.0,21.5,2565.172737,105.0,110.413588,0.0,740.184706,0.0,0.0,0.0,0.0,144.204953
350,732.268261,490.0,112.8786,129.38966,0.0,0.0,490.0,150.0,200.0,600.0,1000.0,1.0,21.5,3139.75629,132.083553,140.0,0.0,732.268261,0.0,0.0,0.0,0.0,37.1214
351,726.956642,420.0,125.0,154.38966,27.566984,0.0,420.0,125.0,200.0,600.0,1000.0,41.6,41.6,4801.164224,64.688384,70.0,0.0,30241.396324,0.0,0.0,0.0,0.0,0.0
352,726.428261,350.0,125.0,179.38966,72.038603,0.0,350.0,125.0,200.0,600.0,1000.0,41.6,41.6,7153.683575,69.471619,70.0,0.0,30219.415674,0.0,0.0,0.0,0.0,0.0
353,752.152071,280.0,100.0,200.0,172.15207,0.0,280.0,100.0,200.0,600.0,1000.0,41.6,41.6,11701.526112,120.723807,95.0,0.0,31289.526154,0.0,0.0,0.0,0.0,0.0
354,751.920325,210.0,75.0,200.0,266.92032,0.0,210.0,75.0,200.0,600.0,1000.0,41.6,41.6,15583.885312,94.76825,95.0,0.0,31279.885503,0.0,0.0,0.0,0.0,0.0
355,735.874229,70.0,100.0,200.0,365.87423,0.0,70.0,100.0,200.0,600.0,1000.0,41.6,41.6,19655.367968,123.95391,140.0,0.0,30612.367943,0.0,0.0,0.0,0.0,0.0
356,702.632579,0.0,100.0,200.0,402.63258,0.0,0.0,100.0,200.0,600.0,1000.0,41.6,41.6,21149.515328,36.75835,70.0,0.0,29229.515278,0.0,0.0,0.0,0.0,0.0
357,672.570484,0.0,150.0,200.0,322.57048,0.0,0.0,150.0,200.0,600.0,1000.0,41.6,41.6,17868.931968,50.0,80.0621,0.0,27978.932118,0.0,0.0,0.0,0.0,0.0
358,651.583563,0.0,200.0,200.0,251.58356,0.0,0.0,200.0,200.0,600.0,1000.0,41.6,41.6,14965.876096,50.0,70.98692,0.0,27105.876221,0.0,0.0,0.0,0.0,0.0
359,616.830928,0.0,250.0,200.0,166.83093,0.0,0.0,250.0,200.0,600.0,1000.0,41.6,41.6,11490.166688,50.0,84.75263,0.0,25660.166613,0.0,0.0,0.0,0.0,0.0
360,588.734039,0.0,375.0,200.0,13.734039,0.0,0.0,375.0,200.0,600.0,1000.0,41.6,41.6,5246.336022,125.0,153.096891,0.0,24491.336039,0.0,0.0,0.0,0.0,0.0
361,570.463182,0.0,300.0,200.0,70.463182,0.0,0.0,300.0,200.0,600.0,1000.0,41.6,41.6,7531.268371,56.729143,75.0,0.0,23731.268371,0.0,0.0,0.0,0.0,0.0
362,558.551436,0.0,250.0,200.0,108.55144,0.0,0.0,250.0,200.0,600.0,1000.0,41.6,41.6,9065.739904,38.088258,50.0,0.0,23235.739738,0.0,0.0,0.0,0.0,0.0
363,557.16096,0.0,225.0,200.0,132.16096,0.0,0.0,225.0,200.0,600.0,1000.0,41.6,41.6,10022.895936,23.60952,25.0,0.0,23177.895936,0.0,0.0,0.0,0.0,0.0
364,565.105214,0.0,225.0,200.0,140.10521,0.0,0.0,225.0,200.0,600.0,1000.0,41.6,41.6,10353.376736,7.94425,0.0,0.0,23508.376894,0.0,0.0,0.0,0.0,0.0
365,590.096706,0.0,225.0,200.0,165.09671,0.0,0.0,225.0,200.0,600.0,1000.0,41.6,41.6,11393.023136,24.9915,0.0,0.0,24548.02297,0.0,0.0,0.0,0.0,0.0
366,655.467626,0.0,200.0,200.0,255.46763,0.0,0.0,200.0,200.0,600.0,1000.0,41.6,41.6,15127.453408,90.37092,25.0,0.0,27267.453258,0.0,0.0,0.0,0.0,0.0
367,718.91042,70.0,200.0,200.0,248.91042,0.0,70.0,200.0,200.0,600.0,1000.0,41.6,41.6,14889.673472,70.0,6.55721,0.0,29906.673489,0.0,0.0,0.0,0.0,0.0
368,735.614674,140.0,200.0,200.0,195.61467,0.0,140.0,200.0,200.0,600.0,1000.0,41.6,41.6,12707.570272,70.0,53.29575,0.0,30601.570447,0.0,0.0,0.0,0.0,0.0
369,739.118674,210.0,200.0,200.0,129.11867,0.0,210.0,200.0,200.0,600.0,1000.0,41.6,41.6,9976.336672,70.0,66.496,0.0,30747.336847,0.0,0.0,0.0,0.0,0.0
370,748.638801,350.0,175.0,184.91448,38.724317,0.0,350.0,175.0,200.0,600.0,1000.0,41.6,41.6,5936.592907,140.0,130.479873,0.0,31143.374122,0.0,0.0,0.0,0.0,0.0
371,754.914484,420.0,175.0,159.91448,0.0,0.0,420.0,175.0,200.0,600.0,1000.0,22.7,21.5,3823.16132,70.0,63.724317,0.0,17136.558778,0.0,0.0,0.0,0.0,0.0
372,749.26915,525.0,89.354667,134.91448,0.0,0.0,525.0,150.0,200.0,600.0,1000.0,1.0,21.5,3252.515987,105.0,110.645333,0.0,749.26915,0.0,0.0,0.0,0.0,60.645333
373,745.904198,630.0,5.989714,109.91448,0.0,0.0,630.0,150.0,200.0,600.0,1000.0,1.0,21.5,2684.151034,105.0,108.364953,0.0,745.904198,0.0,0.0,0.0,0.0,144.010286
374,735.559055,490.0,110.64457,134.91448,0.0,0.0,490.0,150.0,200.0,600.0,1000.0,1.0,21.5,3256.30589,129.654856,140.0,0.0,735.559055,0.0,0.0,0.0,0.0,39.35543
375,728.2915,420.0,125.0,159.91448,23.377016,0.0,420.0,125.0,200.0,600.0,1000.0,41.6,41.6,4745.645186,62.732446,70.0,0.0,30296.926383,0.0,0.0,0.0,0.0,0.0
376,725.742293,350.0,125.0,184.91448,65.82781,0.0,350.0,125.0,200.0,600.0,1000.0,41.6,41.6,7014.098216,67.450794,70.0,0.0,30190.879405,0.0,0.0,0.0,0.0,0.0
377,752.541404,280.0,100.0,200.0,172.5414,0.0,280.0,100.0,200.0,600.0,1000.0,41.6,41.6,11717.72224,121.79911,95.0,0.0,31305.722423,0.0,0.0,0.0,0.0,0.0
378,752.76388,210.0,75.0,200.0,267.76388,0.0,210.0,75.0,200.0,600.0,1000.0,41.6,41.6,15618.977408,95.22248,95.0,0.0,31314.977416,0.0,0.0,0.0,0.0,0.0
379,737.746738,70.0,100.0,200.0,367.74674,0.0,70.0,100.0,200.0,600.0,1000.0,41.6,41.6,19733.264384,124.98286,140.0,0.0,30690.264284,0.0,0.0,0.0,0.0,0.0
380,699.786737,0.0,100.0,200.0,399.78674,0.0,0.0,100.0,200.0,600.0,1000.0,41.6,41.6,21031.128384,32.04,70.0,0.0,29111.128276,0.0,0.0,0.0,0.0,0.0
381,670.076896,0.0,150.0,200.0,320.0769,0.0,0.0,150.0,200.0,600.0,1000.0,41.6,41.6,17765.19904,50.0,79.70984,0.0,27875.198882,0.0,0.0,0.0,0.0,0.0
382,654.142039,0.0,200.0,200.0,254.14204,0.0,0.0,200.0,200.0,600.0,1000.0,41.6,41.6,15072.308864,50.0,65.93486,0.0,27212.308831,0.0,0.0,0.0,0.0,0.0
383,619.176198,0.0,250.0,200.0,169.1762,0.0,0.0,250.0,200.0,600.0,1000.0,41.6,41.6,11587.72992,50.0,84.96584,0.0,25757.729837,0.0,0.0,0.0,0.0,0.0
384,589.716643,0.0,375.0,200.0,14.716643,0.0,0.0,375.0,200.0,600.0,1000.0,41.6,41.6,5287.212349,125.0,154.459557,0.0,24532.212332,0.0,0.0,0.0,0.0,0.0
385,570.954484,0.0,300.0,200.0,70.954484,0.0,0.0,300.0,200.0,600.0,1000.0,41.6,41.6,7551.706534,56.237841,75.0,0.0,23751.706518,0.0,0.0,0.0,0.0,0.0
386,560.359055,0.0,250.0,200.0,110.35905,0.0,0.0,250.0,200.0,600.0,1000.0,41.6,41.6,9140.93648,39.404566,50.0,0.0,23310.93668,0.0,0.0,0.0,0.0,0.0
387,558.180643,0.0,225.0,200.0,133.18064,0.0,0.0,225.0,200.0,600.0,1000.0,41.6,41.6,10065.314624,22.82159,25.0,0.0,23220.314732,0.0,0.0,0.0,0.0,0.0
388,561.313849,0.0,225.0,200.0,136.31385,0.0,0.0,225.0,200.0,600.0,1000.0,41.6,41.6,10195.65616,3.13321,0.0,0.0,23350.656102,0.0,0.0,0.0,0.0,0.0
389,583.459499,0.0,225.0,200.0,158.4595,0.0,0.0,225.0,200.0,600.0,1000.0,41.6,41.6,11116.9152,22.14565,0.0,0.0,24271.915175,0.0,0.0,0.0,0.0,0.0
390,648.923119,0.0,200.0,200.0,248.92312,0.0,0.0,200.0,200.0,600.0,1000.0,41.6,41.6,14855.201792,90.46362,25.0,0.0,26995.201734,0.0,0.0,0.0,0.0,0.0
391,714.544325,70.0,200.0,200.0,244.54432,0.0,70.0,200.0,200.0,600.0,1000.0,41.6,41.6,14708.043712,70.0,4.3788,0.0,29725.043912,0.0,0.0,0.0,0.0,0.0
392,731.934547,140.0,200.0,200.0,191.93455,0.0,140.0,200.0,200.0,600.0,1000.0,41.6,41.6,12554.47728,70.0,52.60977,0.0,30448.477164,0.0,0.0,0.0,0.0,0.0
393,731.369087,210.0,200.0,200.0,121.36909,0.0,210.0,200.0,200.0,600.0,1000.0,41.6,41.6,9653.954144,70.0,70.56546,0.0,30424.954011,0.0,0.0,0.0,0.0,0.0
394,736.625087,350.0,175.0,178.01772,33.607365,0.0,350.0,175.0,200.0,600.0,1000.0,41.6,41.6,5575.447364,140.0,134.744005,0.0,30643.603611,0.0,0.0,0.0,0.0,0.0
395,748.017722,420.0,175.0,153.01772,0.0,0.0,420.0,175.0,200.0,600.0,1000.0,22.7,21.5,3674.88098,70.0,58.607365,0.0,16980.002285,0.0,0.0,0.0,0.0,0.0
396,741.538103,525.0,88.520381,128.01772,0.0,0.0,525.0,150.0,200.0,600.0,1000.0,1.0,21.5,3103.401361,105.0,111.479619,0.0,741.538103,0.0,0.0,0.0,0.0,61.479619
397,736.217214,630.0,3.199492,103.01772,0.0,0.0,630.0,150.0,200.0,600.0,1000.0,1.0,21.5,2533.080472,105.0,110.320889,0.0,736.217214,0.0,0.0,0.0,0.0,146.800508
398,728.541785,490.0,110.52406,128.01772,0.0,0.0,490.0,150.0,200.0,600.0,1000.0,1.0,21.5,3107.90504,132.324568,140.0,0.0,728.541785,0.0,0.0,0.0,0.0,39.47594
399,724.277658,420.0,125.0,153.01772,26.259936,0.0,420.0,125.0,200.0,600.0,1000.0,41.6,41.6,4717.294318,65.735876,70.0,0.0,30129.950573,0.0,0.0,0.0,0.0,0.0
400,720.616071,350.0,125.0,178.01772,67.598349,0.0,350.0,125.0,200.0,600.0,1000.0,41.6,41.6,6939.472298,66.338413,70.0,0.0,29977.628554,0.0,0.0,0.0,0.0,0.0
401,748.268008,280.0,100.0,200.0,168.26801,0.0,280.0,100.0,200.0,600.0,1000.0,41.6,41.6,11539.949216,122.651941,95.0,0.0,31127.949116,0.0,0.0,0.0,0.0,0.0
402,751.846166,210.0,75.0,200.0,266.84617,0.0,210.0,75.0,200.0,600.0,1000.0,41.6,41.6,15580.800672,98.57816,95.0,0.0,31276.800522,0.0,0.0,0.0,0.0,0.0
403,735.2995,70.0,100.0,200.0,365.2995,0.0,70.0,100.0,200.0,600.0,1000.0,41.6,41.6,19631.4592,123.45333,140.0,0.0,30588.459183,0.0,0.0,0.0,0.0,0.0
404,698.49823,0.0,100.0,200.0,398.49823,0.0,0.0,100.0,200.0,600.0,1000.0,41.6,41.6,20977.526368,33.19873,70.0,0.0,29057.526351,0.0,0.0,0.0,0.0,0.0
405,674.452261,0.0,150.0,200.0,324.45226,0.0,0.0,150.0,200.0,600.0,1000.0,41.6,41.6,17947.214016,50.0,74.04597,0.0,28057.214066,0.0,0.0,0.0,0.0,0.0
406,656.366801,0.0,200.0,200.0,256.3668,0.0,0.0,200.0,200.0,600.0,1000.0,41.6,41.6,15164.85888,50.0,68.08546,0.0,27304.858913,0.0,0.0,0.0,0.0,0.0
407,621.743944,0.0,250.0,200.0,171.74394,0.0,0.0,250.0,200.0,600.0,1000.0,41.6,41.6,11694.547904,50.0,84.62286,0.0,25864.548079,0.0,0.0,0.0,0.0,0.0
408,591.728198,0.0,375.0,200.0,16.728198,0.0,0.0,375.0,200.0,600.0,1000.0,41.6,41.6,5370.893037,125.0,155.015742,0.0,24615.893028,0.0,0.0,0.0,0.0,0.0
409,573.967182,0.0,300.0,200.0,73.967182,0.0,0.0,300.0,200.0,600.0,1000.0,41.6,41.6,7677.034771,57.238984,75.0,0.0,23877.034771,0.0,0.0,0.0,0.0,0.0
410,561.79588,0.0,250.0,200.0,111.79588,0.0,0.0,250.0,200.0,600.0,1000.0,41.6,41.6,9200.708608,37.828698,50.0,0.0,23370.708616,0.0,0.0,0.0,0.0,0.0
411,557.077531,0.0,225.0,200.0,132.07753,0.0,0.0,225.0,200.0,600.0,1000.0,41.6,41.6,10019.425248,20.28165,25.0,0.0,23174.425298,0.0,0.0,0.0,0.0,0.0
412,561.86077,0.0,225.0,200.0,136.86077,0.0,0.0,225.0,200.0,600.0,1000.0,41.6,41.6,10218.408032,4.78324,0.0,0.0,23373.408015,0.0,0.0,0.0,0.0,0.0
413,586.092134,0.0,225.0,200.0,161.09213,0.0,0.0,225.0,200.0,600.0,1000.0,41.6,41.6,11226.432608,24.23136,0.0,0.0,24381.432791,0.0,0.0,0.0,0.0,0.0
414,651.286928,0.0,200.0,200.0,251.28693,0.0,0.0,200.0,200.0,600.0,1000.0,41.6,41.6,14953.536288,90.1948,25.0,0.0,27093.536196,0.0,0.0,0.0,0.0,0.0
415,715.109785,70.0,200.0,200.0,245.10979,0.0,70.0,200.0,200.0,600.0,1000.0,41.6,41.6,14731.567264,70.0,6.17714,0.0,29748.567064,0.0,0.0,0.0,0.0,0.0
416,733.788515,140.0,200.0,200.0,193.78852,0.0,140.0,200.0,200.0,600.0,1000.0,41.6,41.6,12631.602432,70.0,51.32127,0.0,30525.602241,0.0,0.0,0.0,0.0,0.0
417,739.025975,210.0,200.0,200.0,129.02598,0.0,210.0,200.0,200.0,600.0,1000.0,41.6,41.6,9972.480768,70.0,64.76254,0.0,30743.480577,0.0,0.0,0.0,0.0,0.0
418,746.710674,350.0,175.0,177.38737,44.323301,0.0,350.0,175.0,200.0,600.0,1000.0,41.6,41.6,6007.677777,140.0,132.315309,0.0,31063.164038,0.0,0.0,0.0,0.0,0.0
419,747.387373,420.0,175.0,152.38737,0.0,0.0,420.0,175.0,200.0,600.0,1000.0,23.2,21.5,3661.328455,70.0,69.323301,0.0,17339.387044,0.0,0.0,0.0,0.0,0.0
420,739.619246,525.0,87.231873,127.38737,0.0,0.0,525.0,150.0,200.0,600.0,1000.0,1.0,21.5,3088.560328,105.0,112.768127,0.0,739.619246,0.0,0.0,0.0,0.0,62.768127
421,726.140896,623.75352,0.0,102.38737,0.0,0.0,630.0,150.0,200.0,600.0,1000.0,0.5,21.5,2513.205215,98.75352,112.231873,0.0,363.070448,0.0,0.0,0.0,0.0,156.24648
422,712.949912,490.0,95.56254,127.38737,0.0,0.0,490.0,150.0,200.0,600.0,1000.0,1.0,21.5,3079.390995,120.56254,133.75352,0.0,712.949912,0.0,0.0,0.0,0.0,54.43746
423,704.097214,420.0,125.0,152.38737,6.709841,0.0,420.0,125.0,200.0,600.0,1000.0,41.6,41.6,3890.457841,61.147301,70.0,0.0,29290.444086,0.0,0.0,0.0,0.0,0.0
424,707.638293,350.0,125.0,177.38737,55.25092,0.0,350.0,125.0,200.0,600.0,1000.0,41.6,41.6,6412.266727,73.541079,70.0,0.0,29437.752989,0.0,0.0,0.0,0.0,0.0
425,735.039944,280.0,100.0,200.0,155.03994,0.0,280.0,100.0,200.0,600.0,1000.0,41.6,41.6,10989.661504,122.40165,95.0,0.0,30577.661662,0.0,0.0,0.0,0.0,0.0
426,731.563753,210.0,75.0,200.0,246.56375,0.0,210.0,75.0,200.0,600.0,1000.0,41.6,41.6,14737.052,91.52381,95.0,0.0,30433.052133,0.0,0.0,0.0,0.0,0.0
427,710.78077,70.0,100.0,200.0,340.78077,0.0,70.0,100.0,200.0,600.0,1000.0,41.6,41.6,18611.480032,119.21702,140.0,0.0,29568.480015,0.0,0.0,0.0,0.0,0.0
428,675.879817,0.0,100.0,200.0,375.87982,0.0,0.0,100.0,200.0,600.0,1000.0,41.6,41.6,20036.600512,35.09905,70.0,0.0,28116.600396,0.0,0.0,0.0,0.0,0.0
429,646.225595,0.0,150.0,200.0,296.22559,0.0,0.0,150.0,200.0,600.0,1000.0,41.6,41.6,16772.984544,50.0,79.65423,0.0,26882.984744,0.0,0.0,0.0,0.0,0.0
430,636.251246,0.0,200.0,200.0,236.25125,0.0,0.0,200.0,200.0,600.0,1000.0,41.6,41.6,14328.052,50.0,59.97434,0.0,26468.051825,0.0,0.0,0.0,0.0,0.0
431,605.382674,0.0,250.0,200.0,155.38267,0.0,0.0,250.0,200.0,600.0,1000.0,41.6,41.6,11013.919072,50.0,80.86858,0.0,25183.91923,0.0,0.0,0.0,0.0,0.0
432,580.789785,0.0,375.0,200.0,5.789785,0.0,0.0,375.0,200.0,600.0,1000.0,41.6,41.6,4915.855056,125.0,149.592885,0.0,24160.855056,0.0,0.0,0.0,0.0,0.0
433,559.50623,0.0,300.0,200.0,59.50623,0.0,0.0,300.0,200.0,600.0,1000.0,41.6,41.6,7075.459168,53.716445,75.0,0.0,23275.45916,0.0,0.0,0.0,0.0,0.0
434,546.111309,0.0,250.0,200.0,96.111309,0.0,0.0,250.0,200.0,600.0,1000.0,41.6,41.6,8548.230454,36.605079,50.0,0.0,22718.230454,0.0,0.0,0.0,0.0,0.0
435,533.652643,0.0,225.0,200.0,108.65264,0.0,0.0,225.0,200.0,600.0,1000.0,41.6,41.6,9044.949824,12.541331,25.0,0.0,22199.949932,0.0,0.0,0.0,0.0,0.0
436,526.626103,0.0,225.0,200.0,101.6261,0.0,0.0,225.0,200.0,600.0,1000.0,41.6,41.6,8752.64576,0.0,7.02654,0.0,21907.645868,0.0,0.0,0.0,0.0,0.0
437,519.293658,0.0,225.0,200.0,94.293658,0.0,0.0,225.0,200.0,600.0,1000.0,41.6,41.6,8447.616173,0.0,7.332442,0.0,21602.616173,0.0,0.0,0.0,0.0,0.0
438,514.695817,0.0,200.0,200.0,114.69582,0.0,0.0,200.0,200.0,600.0,1000.0,41.6,41.6,9271.346112,20.402162,25.0,0.0,21411.345996,0.0,0.0,0.0,0.0,0.0
439,547.427626,70.0,200.0,177.52832,99.899302,0.0,70.0,200.0,200.0,600.0,1000.0,41.6,41.6,8207.669843,70.0,37.268198,0.0,22772.98925,0.0,0.0,0.0,0.0,0.0
440,579.158293,140.0,200.0,152.52832,86.629969,0.0,140.0,200.0,200.0,600.0,1000.0,41.6,41.6,7153.16559,70.0,38.269333,0.0,24092.984997,0.0,0.0,0.0,0.0,0.0
441,609.822928,210.0,200.0,127.52832,72.294604,0.0,210.0,200.0,200.0,600.0,1000.0,41.6,41.6,6054.314406,70.0,39.335365,0.0,25368.633813,0.0,0.0,0.0,0.0,0.0
442,627.528325,350.0,175.0,102.52832,0.0,0.0,350.0,175.0,200.0,600.0,1000.0,2.2,21.5,2554.35888,140.0,122.294604,0.0,1380.562314,0.0,0.0,0.0,0.0,0.0
443,638.364769,420.0,140.83644,77.528325,0.0,0.0,420.0,175.0,200.0,600.0,1000.0,1.0,21.5,2017.695427,70.0,59.163555,0.0,638.364769,0.0,0.0,0.0,0.0,34.16356
444,631.236262,525.0,53.707937,52.528325,0.0,0.0,525.0,150.0,200.0,600.0,1000.0,1.0,21.5,1445.566924,105.0,112.128503,0.0,631.236262,0.0,0.0,0.0,0.0,96.292063
445,615.51461,565.51461,0.0,50.0,0.0,0.0,630.0,150.0,200.0,600.0,1000.0,0.5,21.5,1357.757305,40.51461,56.236262,0.0,307.757305,0.0,0.0,0.0,0.0,214.48539
446,602.369975,490.0,37.369975,75.0,0.0,0.0,490.0,150.0,200.0,600.0,1000.0,1.0,21.5,1894.869975,62.369975,75.51461,0.0,602.369975,0.0,0.0,0.0,0.0,112.630025
447,603.816071,420.0,83.816071,100.0,0.0,0.0,420.0,125.0,200.0,600.0,1000.0,1.0,21.5,2443.816071,71.446096,70.0,0.0,603.816071,0.0,0.0,0.0,0.0,41.183929
448,607.588896,350.0,125.0,125.0,7.588896,0.0,350.0,125.0,200.0,600.0,1000.0,41.6,41.6,3303.198074,73.772825,70.0,0.0,25275.698074,0.0,0.0,0.0,0.0,0.0
449,648.292769,280.0,100.0,150.0,118.29277,0.0,280.0,100.0,200.0,600.0,1000.0,41.6,41.6,8385.979232,135.703874,95.0,0.0,26968.979207,0.0,0.0,0.0,0.0,0.0
450,656.922992,210.0,75.0,175.0,196.92299,0.0,210.0,75.0,200.0,600.0,1000.0,41.6,41.6,12134.496384,103.63022,95.0,0.0,27327.996459,0.0,0.0,0.0,0.0,0.0
451,635.806293,70.0,100.0,200.0,265.80629,0.0,70.0,100.0,200.0,600.0,1000.0,41.6,41.6,15492.541664,118.8833,140.0,0.0,26449.541789,0.0,0.0,0.0,0.0,0.0
452,599.589023,0.0,100.0,200.0,299.58902,0.0,0.0,100.0,200.0,600.0,1000.0,41.6,41.6,16862.903232,33.78273,70.0,0.0,24942.903373,0.0,0.0,0.0,0.0,0.0
453,585.693531,0.0,150.0,200.0,235.69353,0.0,0.0,150.0,200.0,600.0,1000.0,41.6,41.6,14254.850848,50.0,63.89549,0.0,24364.85089,0.0,0.0,0.0,0.0,0.0
454,588.08515,0.0,200.0,200.0,188.08515,0.0,0.0,200.0,200.0,600.0,1000.0,41.6,41.6,12324.34224,50.0,47.60838,0.0,24464.342248,0.0,0.0,0.0,0.0,0.0
455,569.230293,0.0,250.0,200.0,119.23029,0.0,0.0,250.0,200.0,600.0,1000.0,41.6,41.6,9509.980064,50.0,68.85486,0.0,23679.980189,0.0,0.0,0.0,0.0,0.0
456,548.808833,0.0,373.80883,175.0,0.0,0.0,0.0,375.0,200.0,600.0,1000.0,1.0,21.5,4136.30883,123.80883,144.23029,0.0,548.808833,0.0,0.0,0.0,0.0,1.19117
457,530.612134,0.0,300.0,200.0,30.612134,0.0,0.0,300.0,200.0,600.0,1000.0,41.6,41.6,5873.464774,55.612134,73.80883,0.0,22073.464783,0.0,0.0,0.0,0.0,0.0
458,516.27169,0.0,250.0,200.0,66.27169,0.0,0.0,250.0,200.0,600.0,1000.0,41.6,41.6,7306.902304,35.659556,50.0,0.0,21476.902312,0.0,0.0,0.0,0.0,0.0
459,506.380769,0.0,225.0,200.0,81.380769,0.0,0.0,225.0,200.0,600.0,1000.0,41.6,41.6,7910.43999,15.109079,25.0,0.0,21065.440007,0.0,0.0,0.0,0.0,0.0
460,500.346103,0.0,225.0,200.0,75.346103,0.0,0.0,225.0,200.0,600.0,1000.0,41.6,41.6,7659.397885,0.0,6.034666,0.0,20814.397868,0.0,0.0,0.0,0.0,0.0
461,493.977722,0.0,225.0,200.0,68.977722,0.0,0.0,225.0,200.0,600.0,1000.0,41.6,41.6,7394.473235,0.0,6.368381,0.0,20549.473227,0.0,0.0,0.0,0.0,0.0
462,479.45188,0.0,200.0,200.0,79.45188,0.0,0.0,200.0,200.0,600.0,1000.0,41.6,41.6,7805.198208,10.474158,25.0,0.0,19945.198216,0.0,0.0,0.0,0.0,0.0
463,492.707753,70.0,200.0,175.0,47.707753,0.0,70.0,200.0,200.0,600.0,1000.0,41.6,41.6,5982.142525,70.0,56.744127,0.0,20496.642541,0.0,0.0,0.0,0.0,0.0
464,523.214801,140.0,200.0,150.0,33.214801,0.0,140.0,200.0,200.0,600.0,1000.0,41.6,41.6,4876.735722,70.0,39.492952,0.0,21765.735713,0.0,0.0,0.0,0.0,0.0
465,553.582801,210.0,200.0,125.0,18.582801,0.0,210.0,200.0,200.0,600.0,1000.0,41.6,41.6,3765.544522,70.0,39.632,0.0,23029.04453,0.0,0.0,0.0,0.0,0.0
466,578.935817,350.0,128.93582,100.0,0.0,0.0,350.0,175.0,200.0,600.0,1000.0,1.0,21.5,2453.93582,140.0,114.646981,0.0,578.935817,0.0,0.0,0.0,0.0,46.06418
467,600.94242,420.0,105.94242,75.0,0.0,0.0,420.0,175.0,200.0,600.0,1000.0,1.0,21.5,1928.44242,70.0,47.9934,0.0,600.94242,0.0,0.0,0.0,0.0,69.05758
468,601.155626,525.0,26.155626,50.0,0.0,0.0,525.0,150.0,200.0,600.0,1000.0,1.0,21.5,1363.655626,105.0,104.786794,0.0,601.155626,0.0,0.0,0.0,0.0,123.844374
469,586.055055,561.05506,0.0,25.0,0.0,0.0,630.0,150.0,200.0,600.0,1000.0,0.5,21.5,818.02753,36.05506,51.155626,0.0,293.027528,0.0,0.0,0.0,0.0,218.94494
470,573.142166,490.0,33.142166,50.0,0.0,0.0,490.0,150.0,200.0,600.0,1000.0,1.0,21.5,1353.142166,58.142166,71.05506,0.0,573.142166,0.0,0.0,0.0,0.0,116.857834
471,565.828261,420.0,70.828261,75.0,0.0,0.0,420.0,125.0,200.0,600.0,1000.0,1.0,21.5,1893.328261,62.686095,70.0,0.0,565.828261,0.0,0.0,0.0,0.0,54.171739
472,571.14915,350.0,121.14915,100.0,0.0,0.0,350.0,125.0,200.0,600.0,1000.0,1.0,21.5,2446.14915,75.320889,70.0,0.0,571.14915,0.0,0.0,0.0,0.0,3.85085
473,612.464833,280.0,100.0,125.0,107.46483,0.0,280.0,100.0,200.0,600.0,1000.0,41.6,41.6,7398.036928,132.46483,91.14915,0.0,25478.537036,0.0,0.0,0.0,0.0,0.0
474,627.055563,210.0,75.0,150.0,192.05556,0.0,210.0,75.0,200.0,600.0,1000.0,41.6,41.6,11394.511296,109.59073,95.0,0.0,26085.511421,0.0,0.0,0.0,0.0,0.0
475,614.35588,70.0,100.0,175.0,269.35588,0.0,70.0,100.0,200.0,600.0,1000.0,41.6,41.6,15102.704608,127.30032,140.0,0.0,25557.204616,0.0,0.0,0.0,0.0,0.0
476,590.606547,0.0,100.0,200.0,290.60655,0.0,0.0,100.0,200.0,600.0,1000.0,41.6,41.6,16489.23248,46.25067,70.0,0.0,24569.232355,0.0,0.0,0.0,0.0,0.0
477,583.719055,0.0,150.0,200.0,233.71906,0.0,0.0,150.0,200.0,600.0,1000.0,41.6,41.6,14172.712896,50.0,56.88749,0.0,24282.712696,0.0,0.0,0.0,0.0,0.0
478,591.811627,0.0,200.0,200.0,191.81163,0.0,0.0,200.0,200.0,600.0,1000.0,41.6,41.6,12479.363808,50.0,41.90743,0.0,24619.363667,0.0,0.0,0.0,0.0,0.0
479,569.156134,0.0,250.0,200.0,119.15613,0.0,0.0,250.0,200.0,600.0,1000.0,41.6,41.6,9506.895008,50.0,72.6555,0.0,23676.895183,0.0,0.0,0.0,0.0,0.0
480,546.750928,0.0,371.75093,175.0,0.0,0.0,0.0,375.0,200.0,600.0,1000.0,1.0,21.5,4134.25093,121.75093,144.15613,0.0,546.750928,0.0,0.0,0.0,0.0,3.24907
481,529.305087,0.0,300.0,200.0,29.305087,0.0,0.0,300.0,200.0,600.0,1000.0,41.6,41.6,5819.091619,54.305087,71.75093,0.0,22019.091619,0.0,0.0,0.0,0.0,0.0
482,527.525277,0.0,250.0,200.0,77.525277,0.0,0.0,250.0,200.0,600.0,1000.0,41.6,41.6,7775.051523,48.22019,50.0,0.0,21945.051523,0.0,0.0,0.0,0.0,0.0
483,526.459246,0.0,225.0,200.0,101.45925,0.0,0.0,225.0,200.0,600.0,1000.0,41.6,41.6,8745.7048,23.933973,25.0,0.0,21900.704617,0.0,0.0,0.0,0.0,0.0
484,533.736071,0.0,225.0,200.0,108.73607,0.0,0.0,225.0,200.0,600.0,1000.0,41.6,41.6,9048.420512,7.27682,0.0,0.0,22203.420545,0.0,0.0,0.0,0.0,0.0
485,564.131881,0.0,225.0,200.0,139.13188,0.0,0.0,225.0,200.0,600.0,1000.0,41.6,41.6,10312.886208,30.39581,0.0,0.0,23467.886233,0.0,0.0,0.0,0.0,0.0
486,632.858483,0.0,200.0,200.0,232.85848,0.0,0.0,200.0,200.0,600.0,1000.0,41.6,41.6,14186.912768,93.7266,25.0,0.0,26326.912909,0.0,0.0,0.0,0.0,0.0
487,696.282737,70.0,200.0,200.0,226.28274,0.0,70.0,200.0,200.0,600.0,1000.0,41.6,41.6,13948.361984,70.0,6.57574,0.0,28965.361876,0.0,0.0,0.0,0.0,0.0
488,718.437658,140.0,200.0,200.0,178.43766,0.0,140.0,200.0,200.0,600.0,1000.0,41.6,41.6,11993.006656,70.0,47.84508,0.0,29887.006581,0.0,0.0,0.0,0.0,0.0
489,720.458483,210.0,200.0,194.67486,115.78362,0.0,210.0,200.0,200.0,600.0,1000.0,41.6,41.6,9307.108082,70.0,67.97918,0.0,29971.072909,0.0,0.0,0.0,0.0,0.0
490,730.488452,350.0,175.0,169.67486,35.813587,0.0,350.0,175.0,200.0,600.0,1000.0,41.6,41.6,5487.854709,140.0,129.970033,0.0,30388.319595,0.0,0.0,0.0,0.0,0.0
491,739.674865,420.0,175.0,144.67486,0.0,0.0,420.0,175.0,200.0,600.0,1000.0,1.8,21.5,3495.50949,70.0,60.813587,0.0,1331.414756,0.0,0.0,0.0,0.0,0.0
492,737.116388,525.0,92.441524,119.67486,0.0,0.0,525.0,150.0,200.0,600.0,1000.0,1.0,21.5,2927.951014,105.0,107.558476,0.0,737.116388,0.0,0.0,0.0,0.0,57.558476
493,733.278674,630.0,3.278674,100.0,0.0,0.0,630.0,150.0,200.0,600.0,1000.0,1.0,21.5,2468.278674,105.0,108.83771,0.0,733.278674,0.0,0.0,0.0,0.0,146.721326
494,723.841976,490.0,108.84198,125.0,0.0,0.0,490.0,150.0,200.0,600.0,1000.0,1.0,21.5,3041.34198,130.563306,140.0,0.0,723.841976,0.0,0.0,0.0,0.0,41.15802
495,715.41569,420.0,125.0,150.0,20.41569,0.0,420.0,125.0,200.0,600.0,1000.0,41.6,41.6,4409.292704,61.57371,70.0,0.0,29761.292696,0.0,0.0,0.0,0.0,0.0
496,709.269785,350.0,125.0,175.0,59.269785,0.0,350.0,125.0,200.0,600.0,1000.0,41.6,41.6,6528.123056,63.854095,70.0,0.0,29505.623073,0.0,0.0,0.0,0.0,0.0
497,737.311055,280.0,100.0,200.0,157.31105,0.0,280.0,100.0,200.0,600.0,1000.0,41.6,41.6,11084.13968,123.041265,95.0,0.0,30672.13988,0.0,0.0,0.0,0.0,0.0
498,741.853277,210.0,75.0,200.0,256.85328,0.0,210.0,75.0,200.0,600.0,1000.0,41.6,41.6,15165.096448,99.54223,95.0,0.0,30861.09634,0.0,0.0,0.0,0.0,0.0
499,727.058611,70.0,100.0,200.0,357.05861,0.0,70.0,100.0,200.0,600.0,1000.0,41.6,41.6,19288.638176,125.20533,140.0,0.0,30245.638201,0.0,0.0,0.0,0.0,0.0
500,693.78915,0.0,100.0,200.0,393.78915,0.0,0.0,100.0,200.0,600.0,1000.0,41.6,41.6,20781.62864,36.73054,70.0,0.0,28861.62864,0.0,0.0,0.0,0.0,0.0
501,667.064198,0.0,150.0,200.0,317.0642,0.0,0.0,150.0,200.0,600.0,1000.0,41.6,41.6,17639.87072,50.0,76.72495,0.0,27749.870628,0.0,0.0,0.0,0.0,0.0
502,650.971753,0.0,200.0,200.0,250.97175,0.0,0.0,200.0,200.0,600.0,1000.0,41.6,41.6,14940.4248,50.0,66.09245,0.0,27080.424933,0.0,0.0,0.0,0.0,0.0
503,615.208706,0.0,250.0,200.0,165.20871,0.0,0.0,250.0,200.0,600.0,1000.0,41.6,41.6,11422.682336,50.0,85.76304,0.0,25592.682161,0.0,0.0,0.0,0.0,0.0
504,589.633214,0.0,375.0,200.0,14.633214,0.0,0.0,375.0,200.0,600.0,1000.0,41.6,41.6,5283.741702,125.0,150.575496,0.0,24528.741694,0.0,0.0,0.0,0.0,0.0
505,572.048325,0.0,300.0,200.0,72.048325,0.0,0.0,300.0,200.0,600.0,1000.0,41.6,41.6,7597.21032,57.415111,75.0,0.0,23797.21032,0.0,0.0,0.0,0.0,0.0
506,561.684643,0.0,250.0,200.0,111.68464,0.0,0.0,250.0,200.0,600.0,1000.0,41.6,41.6,9196.081024,39.636315,50.0,0.0,23366.081132,0.0,0.0,0.0,0.0,0.0
507,559.626737,0.0,225.0,200.0,134.62674,0.0,0.0,225.0,200.0,600.0,1000.0,41.6,41.6,10125.472384,22.9421,25.0,0.0,23280.472276,0.0,0.0,0.0,0.0,0.0
508,567.561722,0.0,225.0,200.0,142.56172,0.0,0.0,225.0,200.0,600.0,1000.0,41.6,41.6,10455.567552,7.93498,0.0,0.0,23610.567627,0.0,0.0,0.0,0.0,0.0
509,590.346992,0.0,225.0,200.0,165.34699,0.0,0.0,225.0,200.0,600.0,1000.0,41.6,41.6,11403.434784,22.78527,0.0,0.0,24558.434859,0.0,0.0,0.0,0.0,0.0
510,653.168706,0.0,200.0,200.0,253.16871,0.0,0.0,200.0,200.0,600.0,1000.0,41.6,41.6,15031.818336,87.82172,25.0,0.0,27171.81817,0.0,0.0,0.0,0.0,0.0
511,716.908135,70.0,200.0,200.0,246.90813,0.0,70.0,200.0,200.0,600.0,1000.0,41.6,41.6,14806.378208,70.0,6.26058,0.0,29823.378399,0.0,0.0,0.0,0.0,0.0
512,734.69696,140.0,200.0,200.0,194.69696,0.0,140.0,200.0,200.0,600.0,1000.0,41.6,41.6,12669.393536,70.0,52.21117,0.0,30563.393528,0.0,0.0,0.0,0.0,0.0
513,740.314484,210.0,200.0,200.0,130.31448,0.0,210.0,200.0,200.0,600.0,1000.0,41.6,41.6,10026.082368,70.0,64.38248,0.0,30797.082526,0.0,0.0,0.0,0.0,0.0
514,751.744198,350.0,175.0,187.63982,39.104381,0.0,350.0,175.0,200.0,600.0,1000.0,41.6,41.6,6010.99838,140.0,128.570279,0.0,31272.55862,0.0,0.0,0.0,0.0,0.0
515,757.639817,420.0,175.0,162.63982,0.0,0.0,420.0,175.0,200.0,600.0,1000.0,22.7,21.5,3881.75613,70.0,64.104381,0.0,17198.423841,0.0,0.0,0.0,0.0,0.0
516,752.281849,525.0,89.642032,137.63982,0.0,0.0,525.0,150.0,200.0,600.0,1000.0,1.0,21.5,3311.398162,105.0,110.357968,0.0,752.281849,0.0,0.0,0.0,0.0,60.357968
517,749.760452,630.0,7.120635,112.63982,0.0,0.0,630.0,150.0,200.0,600.0,1000.0,1.0,21.5,2743.876765,105.0,107.521397,0.0,749.760452,0.0,0.0,0.0,0.0,142.879365
518,738.432706,490.0,110.79289,137.63982,0.0,0.0,490.0,150.0,200.0,600.0,1000.0,1.0,21.5,3315.04902,128.672255,140.0,0.0,738.432706,0.0,0.0,0.0,0.0,39.20711
519,732.574166,420.0,125.0,162.63982,24.93435,0.0,420.0,125.0,200.0,600.0,1000.0,41.6,41.6,4869.02509,64.14146,70.0,0.0,30475.085322,0.0,0.0,0.0,0.0,0.0
520,725.797912,350.0,125.0,187.63982,63.158095,0.0,350.0,125.0,200.0,600.0,1000.0,41.6,41.6,6961.632882,63.223745,70.0,0.0,30193.193148,0.0,0.0,0.0,0.0,0.0
521,750.576198,280.0,100.0,200.0,170.5762,0.0,280.0,100.0,200.0,600.0,1000.0,41.6,41.6,11635.96992,119.778285,95.0,0.0,31223.969837,0.0,0.0,0.0,0.0,0.0
522,753.264452,210.0,75.0,200.0,268.26445,0.0,210.0,75.0,200.0,600.0,1000.0,41.6,41.6,15639.80112,97.68825,95.0,0.0,31335.801195,0.0,0.0,0.0,0.0,0.0
523,737.385214,70.0,100.0,200.0,367.38521,0.0,70.0,100.0,200.0,600.0,1000.0,41.6,41.6,19718.224736,124.12076,140.0,0.0,30675.224886,0.0,0.0,0.0,0.0,0.0
524,701.501658,0.0,100.0,200.0,401.50166,0.0,0.0,100.0,200.0,600.0,1000.0,41.6,41.6,21102.469056,34.11645,70.0,0.0,29182.468973,0.0,0.0,0.0,0.0,0.0
525,675.564643,0.0,150.0,200.0,325.56464,0.0,0.0,150.0,200.0,600.0,1000.0,41.6,41.6,17993.489024,50.0,75.93702,0.0,28103.489132,0.0,0.0,0.0,0.0,0.0
526,656.172134,0.0,200.0,200.0,256.17213,0.0,0.0,200.0,200.0,600.0,1000.0,41.6,41.6,15156.760608,50.0,69.39251,0.0,27296.760791,0.0,0.0,0.0,0.0,0.0
527,623.356896,0.0,250.0,200.0,173.3569,0.0,0.0,250.0,200.0,600.0,1000.0,41.6,41.6,11761.64704,50.0,82.81523,0.0,25931.646874,0.0,0.0,0.0,0.0,0.0
528,602.314357,0.0,375.0,200.0,27.314357,0.0,0.0,375.0,200.0,600.0,1000.0,41.6,41.6,5811.277251,125.0,146.042543,0.0,25056.277235,0.0,0.0,0.0,0.0,0.0
529,583.190674,0.0,300.0,200.0,83.190674,0.0,0.0,300.0,200.0,600.0,1000.0,41.6,41.6,8060.732038,55.876317,75.0,0.0,24260.732047,0.0,0.0,0.0,0.0,0.0
530,572.205912,0.0,250.0,200.0,122.20591,0.0,0.0,250.0,200.0,600.0,1000.0,41.6,41.6,9633.765856,39.015236,50.0,0.0,23803.765939,0.0,0.0,0.0,0.0,0.0
531,569.601087,0.0,225.0,200.0,144.60109,0.0,0.0,225.0,200.0,600.0,1000.0,41.6,41.6,10540.405344,22.39518,25.0,0.0,23695.405219,0.0,0.0,0.0,0.0,0.0
532,577.239436,0.0,225.0,200.0,152.23944,0.0,0.0,225.0,200.0,600.0,1000.0,41.6,41.6,10858.160704,7.63835,0.0,0.0,24013.160546,0.0,0.0,0.0,0.0,0.0
533,603.074483,0.0,225.0,200.0,178.07448,0.0,0.0,225.0,200.0,600.0,1000.0,41.6,41.6,11932.898368,25.83504,0.0,0.0,25087.898509,0.0,0.0,0.0,0.0,0.0
534,667.611119,0.0,200.0,200.0,267.61112,0.0,0.0,200.0,200.0,600.0,1000.0,41.6,41.6,15632.622592,89.53664,25.0,0.0,27772.622542,0.0,0.0,0.0,0.0,0.0
535,728.022674,70.0,200.0,200.0,258.02267,0.0,70.0,200.0,200.0,600.0,1000.0,41.6,41.6,15268.743072,70.0,9.58845,0.0,30285.74323,0.0,0.0,0.0,0.0,0.0
536,743.744325,140.0,200.0,200.0,203.74433,0.0,140.0,200.0,200.0,600.0,1000.0,41.6,41.6,13045.764128,70.0,54.27834,0.0,30939.76392,0.0,0.0,0.0,0.0,0.0
537,744.161468,210.0,200.0,200.0,134.16147,0.0,210.0,200.0,200.0,600.0,1000.0,41.6,41.6,10186.117152,70.0,69.58286,0.0,30957.11706,0.0,0.0,0.0,0.0,0.0
538,750.094166,350.0,175.0,187.00947,38.084699,0.0,350.0,175.0,200.0,600.0,1000.0,41.6,41.6,5955.027083,140.0,134.067301,0.0,31203.917322,0.0,0.0,0.0,0.0,0.0
539,757.009468,420.0,175.0,162.00947,0.0,0.0,420.0,175.0,200.0,600.0,1000.0,22.7,21.5,3868.203605,70.0,63.084699,0.0,17184.114915,0.0,0.0,0.0,0.0,0.0
540,754.413912,525.0,92.404444,137.00947,0.0,0.0,525.0,150.0,200.0,600.0,1000.0,1.0,21.5,3300.608049,105.0,107.595556,0.0,754.413912,0.0,0.0,0.0,0.0,57.595556
541,749.176452,630.0,7.166984,112.00947,0.0,0.0,630.0,150.0,200.0,600.0,1000.0,1.0,21.5,2730.370589,105.0,110.23746,0.0,749.176452,0.0,0.0,0.0,0.0,142.833016
542,739.406039,490.0,112.39657,137.00947,0.0,0.0,490.0,150.0,200.0,600.0,1000.0,1.0,21.5,3303.100175,130.229586,140.0,0.0,739.406039,0.0,0.0,0.0,0.0,37.60343
543,734.798928,420.0,125.0,162.00947,27.78946,0.0,420.0,125.0,200.0,600.0,1000.0,41.6,41.6,4974.245141,65.39289,70.0,0.0,30567.635405,0.0,0.0,0.0,0.0,0.0
544,730.812896,350.0,125.0,187.00947,68.803429,0.0,350.0,125.0,200.0,600.0,1000.0,41.6,41.6,7182.926251,66.013969,70.0,0.0,30401.81649,0.0,0.0,0.0,0.0,0.0
545,758.177468,280.0,100.0,200.0,178.17747,0.0,280.0,100.0,200.0,600.0,1000.0,41.6,41.6,11952.182752,122.364571,95.0,0.0,31540.18266,0.0,0.0,0.0,0.0,0.0
546,761.755627,210.0,75.0,200.0,276.75563,0.0,210.0,75.0,200.0,600.0,1000.0,41.6,41.6,15993.034208,98.57816,95.0,0.0,31689.034067,0.0,0.0,0.0,0.0,0.0
547,745.449976,70.0,100.0,200.0,375.44998,0.0,70.0,100.0,200.0,600.0,1000.0,41.6,41.6,20053.719168,123.69435,140.0,0.0,31010.718985,0.0,0.0,0.0,0.0,0.0
548,709.844515,0.0,100.0,200.0,409.84452,0.0,0.0,100.0,200.0,600.0,1000.0,41.6,41.6,21449.532032,34.39454,70.0,0.0,29529.531832,0.0,0.0,0.0,0.0,0.0
549,685.61315,0.0,150.0,200.0,335.61315,0.0,0.0,150.0,200.0,600.0,1000.0,41.6,41.6,18411.50704,50.0,74.23137,0.0,28521.507057,0.0,0.0,0.0,0.0,0.0
550,670.253023,0.0,200.0,200.0,270.25302,0.0,0.0,200.0,200.0,600.0,1000.0,41.6,41.6,15742.525632,50.0,65.36013,0.0,27882.525765,0.0,0.0,0.0,0.0,0.0
551,632.793595,0.0,250.0,200.0,182.79359,0.0,0.0,250.0,200.0,600.0,1000.0,41.6,41.6,12154.213344,50.0,87.45943,0.0,26324.213535,0.0,0.0,0.0,0.0,0.0
552,607.34788,0.0,375.0,200.0,32.34788,0.0,0.0,375.0,200.0,600.0,1000.0,41.6,41.6,6020.671808,125.0,150.44571,0.0,25265.671816,0.0,0.0,0.0,0.0,0.0
553,587.668007,0.0,300.0,200.0,87.668007,0.0,0.0,300.0,200.0,600.0,1000.0,41.6,41.6,8246.989091,55.320127,75.0,0.0,24446.989108,0.0,0.0,0.0,0.0,0.0
554,577.248706,0.0,250.0,200.0,127.24871,0.0,0.0,250.0,200.0,600.0,1000.0,41.6,41.6,9843.546336,39.580703,50.0,0.0,24013.546153,0.0,0.0,0.0,0.0,0.0
555,573.716896,0.0,225.0,200.0,148.7169,0.0,0.0,225.0,200.0,600.0,1000.0,41.6,41.6,10711.62304,21.46819,25.0,0.0,23866.622882,0.0,0.0,0.0,0.0,0.0
556,579.723754,0.0,225.0,200.0,154.72375,0.0,0.0,225.0,200.0,600.0,1000.0,41.6,41.6,10961.508,6.00685,0.0,0.0,24116.50815,0.0,0.0,0.0,0.0,0.0
557,600.719944,0.0,225.0,200.0,175.71994,0.0,0.0,225.0,200.0,600.0,1000.0,41.6,41.6,11834.949504,20.99619,0.0,0.0,24989.949679,0.0,0.0,0.0,0.0,0.0
558,665.256579,0.0,200.0,200.0,265.25658,0.0,0.0,200.0,200.0,600.0,1000.0,41.6,41.6,15534.673728,89.53664,25.0,0.0,27674.673686,0.0,0.0,0.0,0.0,0.0
559,730.099118,70.0,200.0,200.0,260.09912,0.0,70.0,200.0,200.0,600.0,1000.0,41.6,41.6,15355.123392,70.0,5.15746,0.0,30372.123325,0.0,0.0,0.0,0.0,0.0
560,749.065214,140.0,200.0,200.0,209.06521,0.0,140.0,200.0,200.0,600.0,1000.0,41.6,41.6,13267.112736,70.0,51.03391,0.0,31161.112894,0.0,0.0,0.0,0.0,0.0
561,749.463817,210.0,200.0,200.0,139.46382,0.0,210.0,200.0,200.0,600.0,1000.0,41.6,41.6,10406.694912,70.0,69.60139,0.0,31177.694796,0.0,0.0,0.0,0.0,0.0
562,753.755753,350.0,175.0,190.36515,38.390603,0.0,350.0,175.0,200.0,600.0,1000.0,41.6,41.6,6039.89981,140.0,135.708067,0.0,31356.239341,0.0,0.0,0.0,0.0,0.0
563,760.36515,420.0,175.0,165.36515,0.0,0.0,420.0,175.0,200.0,600.0,1000.0,22.7,21.5,3940.350725,70.0,63.390603,0.0,17260.288905,0.0,0.0,0.0,0.0,0.0
564,759.80896,525.0,94.44381,140.36515,0.0,0.0,525.0,150.0,200.0,600.0,1000.0,1.0,21.5,3374.794535,105.0,105.55619,0.0,759.80896,0.0,0.0,0.0,0.0,55.55619
565,755.609722,630.0,10.244572,115.36515,0.0,0.0,630.0,150.0,200.0,600.0,1000.0,1.0,21.5,2805.595297,105.0,109.199238,0.0,755.609722,0.0,0.0,0.0,0.0,139.755428
566,746.265722,490.0,115.90057,140.36515,0.0,0.0,490.0,150.0,200.0,600.0,1000.0,1.0,21.5,3378.751295,130.655998,140.0,0.0,746.265722,0.0,0.0,0.0,0.0,34.09943
567,739.146484,420.0,125.0,165.36515,28.781334,0.0,420.0,125.0,200.0,600.0,1000.0,41.6,41.6,5087.654219,62.880764,70.0,0.0,30748.493718,0.0,0.0,0.0,0.0,0.0
568,732.129214,350.0,125.0,190.36515,66.764064,0.0,350.0,125.0,200.0,600.0,1000.0,41.6,41.6,7170.235787,62.98273,70.0,0.0,30456.575286,0.0,0.0,0.0,0.0,0.0
569,760.874992,280.0,100.0,200.0,180.87499,0.0,280.0,100.0,200.0,600.0,1000.0,41.6,41.6,12064.399584,123.745776,95.0,0.0,31652.399651,0.0,0.0,0.0,0.0,0.0
570,763.859881,210.0,75.0,200.0,278.85988,0.0,210.0,75.0,200.0,600.0,1000.0,41.6,41.6,16080.571008,97.98489,95.0,0.0,31776.571033,0.0,0.0,0.0,0.0,0.0
571,747.220516,70.0,100.0,200.0,377.22052,0.0,70.0,100.0,200.0,600.0,1000.0,41.6,41.6,20127.373632,123.36064,140.0,0.0,31084.373449,0.0,0.0,0.0,0.0,0.0
572,709.779626,0.0,100.0,200.0,409.77963,0.0,0.0,100.0,200.0,600.0,1000.0,41.6,41.6,21446.832608,32.55911,70.0,0.0,29526.832458,0.0,0.0,0.0,0.0,0.0
573,682.934166,0.0,150.0,200.0,332.93417,0.0,0.0,150.0,200.0,600.0,1000.0,41.6,41.6,18300.061472,50.0,76.84546,0.0,28410.061306,0.0,0.0,0.0,0.0,0.0
574,667.954103,0.0,200.0,200.0,267.9541,0.0,0.0,200.0,200.0,600.0,1000.0,41.6,41.6,15646.89056,50.0,64.98007,0.0,27786.890676,0.0,0.0,0.0,0.0,0.0
575,635.657975,0.0,250.0,200.0,185.65798,0.0,0.0,250.0,200.0,600.0,1000.0,41.6,41.6,12273.371968,50.0,82.29612,0.0,26443.371777,0.0,0.0,0.0,0.0,0.0
576,608.497341,0.0,375.0,200.0,33.497341,0.0,0.0,375.0,200.0,600.0,1000.0,41.6,41.6,6068.489386,125.0,152.160639,0.0,25313.489386,0.0,0.0,0.0,0.0,0.0
577,588.798928,0.0,300.0,200.0,88.798928,0.0,0.0,300.0,200.0,600.0,1000.0,41.6,41.6,8294.035405,55.301587,75.0,0.0,24494.035413,0.0,0.0,0.0,0.0,0.0
578,576.803753,0.0,250.0,200.0,126.80375,0.0,0.0,250.0,200.0,600.0,1000.0,41.6,41.6,9825.036,38.004822,50.0,0.0,23995.036141,0.0,0.0,0.0,0.0,0.0
579,572.845531,0.0,225.0,200.0,147.84553,0.0,0.0,225.0,200.0,600.0,1000.0,41.6,41.6,10675.374048,21.04178,25.0,0.0,23830.374098,0.0,0.0,0.0,0.0,0.0
580,580.094547,0.0,225.0,200.0,155.09455,0.0,0.0,225.0,200.0,600.0,1000.0,41.6,41.6,10976.93328,7.24902,0.0,0.0,24131.933155,0.0,0.0,0.0,0.0,0.0
581,601.823055,0.0,225.0,200.0,176.82306,0.0,0.0,225.0,200.0,600.0,1000.0,41.6,41.6,11880.839296,21.72851,0.0,0.0,25035.839088,0.0,0.0,0.0,0.0,0.0
582,663.346991,0.0,200.0,200.0,263.34699,0.0,0.0,200.0,200.0,600.0,1000.0,41.6,41.6,15455.234784,86.52393,25.0,0.0,27595.234842,0.0,0.0,0.0,0.0,0.0
583,730.238166,70.0,200.0,200.0,260.23817,0.0,70.0,200.0,200.0,600.0,1000.0,41.6,41.6,15360.907872,70.0,3.10882,0.0,30377.907706,0.0,0.0,0.0,0.0,0.0
584,748.416325,140.0,200.0,200.0,208.41632,0.0,140.0,200.0,200.0,600.0,1000.0,41.6,41.6,13240.118912,70.0,51.82185,0.0,31134.119103,0.0,0.0,0.0,0.0,0.0
585,750.770864,210.0,200.0,200.0,140.77086,0.0,210.0,200.0,200.0,600.0,1000.0,41.6,41.6,10461.067776,70.0,67.64546,0.0,31232.067959,0.0,0.0,0.0,0.0,0.0
586,754.858865,350.0,175.0,188.42775,41.431111,0.0,350.0,175.0,200.0,600.0,1000.0,41.6,41.6,6124.730843,140.0,135.911999,0.0,31402.128776,0.0,0.0,0.0,0.0,0.0
587,758.427754,420.0,175.0,163.42775,0.0,0.0,420.0,175.0,200.0,600.0,1000.0,23.2,21.5,3898.696625,70.0,66.431111,0.0,17595.523884,0.0,0.0,0.0,0.0,0.0
588,753.598166,525.0,90.170413,138.42775,0.0,0.0,525.0,150.0,200.0,600.0,1000.0,1.0,21.5,3328.867038,105.0,109.829587,0.0,753.598166,0.0,0.0,0.0,0.0,59.829587
589,741.964516,628.53676,0.0,113.42775,0.0,0.0,630.0,150.0,200.0,600.0,1000.0,0.5,21.5,2752.965005,103.53676,115.170413,0.0,370.982258,0.0,0.0,0.0,0.0,151.46324
590,731.563753,490.0,103.136,138.42775,0.0,0.0,490.0,150.0,200.0,600.0,1000.0,1.0,21.5,3324.332625,128.136,138.53676,0.0,731.563753,0.0,0.0,0.0,0.0,46.864
591,724.036642,420.0,125.0,163.42775,15.608889,0.0,420.0,125.0,200.0,600.0,1000.0,41.6,41.6,4498.026407,62.472889,70.0,0.0,30119.924316,0.0,0.0,0.0,0.0,0.0
592,721.802611,350.0,125.0,188.42775,58.374857,0.0,350.0,125.0,200.0,600.0,1000.0,41.6,41.6,6779.590676,67.765968,70.0,0.0,30026.988601,0.0,0.0,0.0,0.0,0.0
593,749.380388,280.0,100.0,200.0,169.38039,0.0,280.0,100.0,200.0,600.0,1000.0,41.6,41.6,11586.224224,122.577783,95.0,0.0,31174.224157,0.0,0.0,0.0,0.0,0.0
594,750.344452,210.0,75.0,200.0,265.34445,0.0,210.0,75.0,200.0,600.0,1000.0,41.6,41.6,15518.32912,95.96406,95.0,0.0,31214.329187,0.0,0.0,0.0,0.0,0.0
595,729.135055,70.0,100.0,200.0,359.13506,0.0,70.0,100.0,200.0,600.0,1000.0,41.6,41.6,19375.018496,118.79061,140.0,0.0,30332.018296,0.0,0.0,0.0,0.0,0.0
596,690.127563,0.0,100.0,200.0,390.12756,0.0,0.0,100.0,200.0,600.0,1000.0,41.6,41.6,20629.306496,30.9925,70.0,0.0,28709.306621,0.0,0.0,0.0,0.0,0.0
597,663.893912,0.0,150.0,200.0,313.89391,0.0,0.0,150.0,200.0,600.0,1000.0,41.6,41.6,17507.986656,50.0,76.23365,0.0,27617.986756,0.0,0.0,0.0,0.0,0.0
598,653.317023,0.0,200.0,200.0,253.31702,0.0,0.0,200.0,200.0,600.0,1000.0,41.6,41.6,15037.988032,50.0,60.57689,0.0,27177.988157,0.0,0.0,0.0,0.0,0.0
599,629.196896,0.0,250.0,200.0,179.1969,0.0,0.0,250.0,200.0,600.0,1000.0,41.6,41.6,12004.59104,50.0,74.12012,0.0,26174.59089,0.0,0.0,0.0,0.0,0.0
600,600.599436,0.0,375.0,200.0,25.599436,0.0,0.0,375.0,200.0,600.0,1000.0,41.6,41.6,5739.936538,125.0,153.597464,0.0,24984.936538,0.0,0.0,0.0,0.0,0.0
601,575.607944,0.0,300.0,200.0,75.607944,0.0,0.0,300.0,200.0,600.0,1000.0,41.6,41.6,7745.29047,50.008508,75.0,0.0,23945.290462,0.0,0.0,0.0,0.0,0.0
602,558.699754,0.0,250.0,200.0,108.69975,0.0,0.0,250.0,200.0,600.0,1000.0,41.6,41.6,9071.9096,33.091806,50.0,0.0,23241.90975,0.0,0.0,0.0,0.0,0.0
603,548.660515,0.0,225.0,200.0,123.66052,0.0,0.0,225.0,200.0,600.0,1000.0,41.6,41.6,9669.277632,14.96077,25.0,0.0,22824.277432,0.0,0.0,0.0,0.0,0.0
604,543.246928,0.0,225.0,200.0,118.24693,0.0,0.0,225.0,200.0,600.0,1000.0,41.6,41.6,9444.072288,0.0,5.41359,0.0,22599.072213,0.0,0.0,0.0,0.0,0.0
605,533.606293,0.0,225.0,200.0,108.60629,0.0,0.0,225.0,200.0,600.0,1000.0,41.6,41.6,9043.021664,0.0,9.64064,0.0,22198.021797,0.0,0.0,0.0,0.0,0.0
606,523.743182,0.0,200.0,200.0,123.74318,0.0,0.0,200.0,200.0,600.0,1000.0,41.6,41.6,9647.716288,15.13689,25.0,0.0,21787.716363,0.0,0.0,0.0,0.0,0.0
607,553.786738,70.0,200.0,190.28363,93.503111,0.0,70.0,200.0,200.0,600.0,1000.0,41.6,41.6,8215.827463,70.0,39.956439,0.0,23037.528284,0.0,0.0,0.0,0.0,0.0
608,585.610103,140.0,200.0,165.28363,80.326477,0.0,140.0,200.0,200.0,600.0,1000.0,41.6,41.6,7165.179488,70.0,38.176634,0.0,24361.380276,0.0,0.0,0.0,0.0,0.0
609,618.777595,210.0,200.0,140.28363,68.493968,0.0,210.0,200.0,200.0,600.0,1000.0,41.6,41.6,6170.447114,70.0,36.832509,0.0,25741.147935,0.0,0.0,0.0,0.0,0.0
610,640.283626,350.0,175.0,115.28363,0.0,0.0,350.0,175.0,200.0,600.0,1000.0,2.2,21.5,2828.598045,140.0,118.493968,0.0,1408.623978,0.0,0.0,0.0,0.0,0.0
611,643.759817,420.0,133.47619,90.283626,0.0,0.0,420.0,175.0,200.0,600.0,1000.0,1.0,21.5,2284.574149,70.0,66.523814,0.0,643.759817,0.0,0.0,0.0,0.0,41.52381
612,637.882738,525.0,47.599111,65.283626,0.0,0.0,525.0,150.0,200.0,600.0,1000.0,1.0,21.5,1713.69707,105.0,110.877079,0.0,637.882738,0.0,0.0,0.0,0.0,102.400889
613,623.11588,573.11588,0.0,50.0,0.0,0.0,630.0,150.0,200.0,600.0,1000.0,0.5,21.5,1361.55794,48.11588,62.882737,0.0,311.55794,0.0,0.0,0.0,0.0,206.88412
614,610.28642,490.0,45.28642,75.0,0.0,0.0,490.0,150.0,200.0,600.0,1000.0,1.0,21.5,1902.78642,70.28642,83.11588,0.0,610.28642,0.0,0.0,0.0,0.0,104.71358
615,601.952833,420.0,81.952833,100.0,0.0,0.0,420.0,125.0,200.0,600.0,1000.0,1.0,21.5,2441.952833,61.666413,70.0,0.0,601.952833,0.0,0.0,0.0,0.0,43.047167
616,602.991055,350.0,125.0,125.0,2.991055,0.0,350.0,125.0,200.0,600.0,1000.0,41.6,41.6,3111.927896,71.038222,70.0,0.0,25084.427896,0.0,0.0,0.0,0.0,0.0
617,643.787626,280.0,100.0,150.0,113.78763,0.0,280.0,100.0,200.0,600.0,1000.0,41.6,41.6,8198.565408,135.796575,95.0,0.0,26781.56525,0.0,0.0,0.0,0.0,0.0
618,656.737595,210.0,75.0,175.0,196.73759,0.0,210.0,75.0,200.0,600.0,1000.0,41.6,41.6,12126.783744,107.94996,95.0,0.0,27320.283944,0.0,0.0,0.0,0.0,0.0
619,634.693912,70.0,100.0,200.0,264.69391,0.0,70.0,100.0,200.0,600.0,1000.0,41.6,41.6,15446.266656,117.95632,140.0,0.0,26403.266748,0.0,0.0,0.0,0.0,0.0
620,595.018991,0.0,100.0,200.0,295.01899,0.0,0.0,100.0,200.0,600.0,1000.0,41.6,41.6,16672.789984,30.32508,70.0,0.0,24752.790042,0.0,0.0,0.0,0.0,0.0
621,575.283499,0.0,150.0,200.0,225.2835,0.0,0.0,150.0,200.0,600.0,1000.0,41.6,41.6,13821.7936,50.0,69.73549,0.0,23931.793567,0.0,0.0,0.0,0.0,0.0
622,579.213912,0.0,200.0,200.0,179.21391,0.0,0.0,200.0,200.0,600.0,1000.0,41.6,41.6,11955.298656,50.0,46.06959,0.0,24095.298739,0.0,0.0,0.0,0.0,0.0
623,559.255944,0.0,250.0,200.0,109.25594,0.0,0.0,250.0,200.0,600.0,1000.0,41.6,41.6,9095.047104,50.0,69.95797,0.0,23265.04727,0.0,0.0,0.0,0.0,0.0
624,537.29569,0.0,362.29569,175.0,0.0,0.0,0.0,375.0,200.0,600.0,1000.0,1.0,21.5,4124.79569,112.29569,134.25594,0.0,537.29569,0.0,0.0,0.0,0.0,12.70431
625,517.727055,0.0,300.0,200.0,17.727055,0.0,0.0,300.0,200.0,600.0,1000.0,41.6,41.6,5337.445488,42.727055,62.29569,0.0,21537.445488,0.0,0.0,0.0,0.0,0.0
626,503.952071,0.0,250.0,200.0,53.952071,0.0,0.0,250.0,200.0,600.0,1000.0,41.6,41.6,6794.406154,36.225016,50.0,0.0,20964.406145,0.0,0.0,0.0,0.0,0.0
627,495.82242,0.0,225.0,200.0,70.82242,0.0,0.0,225.0,200.0,600.0,1000.0,41.6,41.6,7471.212672,16.870349,25.0,0.0,20626.212672,0.0,0.0,0.0,0.0,0.0
628,491.71588,0.0,225.0,200.0,66.71588,0.0,0.0,225.0,200.0,600.0,1000.0,41.6,41.6,7300.380608,0.0,4.10654,0.0,20455.380616,0.0,0.0,0.0,0.0,0.0
629,486.46915,0.0,225.0,200.0,61.46915,0.0,0.0,225.0,200.0,600.0,1000.0,41.6,41.6,7082.11664,0.0,5.24673,0.0,20237.116648,0.0,0.0,0.0,0.0,0.0
630,474.511055,0.0,200.0,200.0,74.511055,0.0,0.0,200.0,200.0,600.0,1000.0,41.6,41.6,7599.659888,13.041905,25.0,0.0,19739.65988,0.0,0.0,0.0,0.0,0.0
631,490.102928,70.0,200.0,175.0,45.102928,0.0,70.0,200.0,200.0,600.0,1000.0,41.6,41.6,5873.781805,70.0,54.408127,0.0,20388.281796,0.0,0.0,0.0,0.0,0.0
632,518.338865,140.0,200.0,150.0,28.338865,0.0,140.0,200.0,200.0,600.0,1000.0,41.6,41.6,4673.896784,70.0,41.764063,0.0,21562.896776,0.0,0.0,0.0,0.0,0.0
633,550.384706,210.0,200.0,125.0,15.384706,0.0,210.0,200.0,200.0,600.0,1000.0,41.6,41.6,3632.50377,70.0,37.954159,0.0,22896.003761,0.0,0.0,0.0,0.0,0.0
634,578.982166,350.0,128.98217,100.0,0.0,0.0,350.0,175.0,200.0,600.0,1000.0,1.0,21.5,2453.98217,140.0,111.402536,0.0,578.982166,0.0,0.0,0.0,0.0,46.01783
635,605.197277,420.0,110.19728,75.0,0.0,0.0,420.0,175.0,200.0,600.0,1000.0,1.0,21.5,1932.69728,70.0,43.78489,0.0,605.197277,0.0,0.0,0.0,0.0,64.80272
636,603.436007,525.0,28.436007,50.0,0.0,0.0,525.0,150.0,200.0,600.0,1000.0,1.0,21.5,1365.936007,105.0,106.761273,0.0,603.436007,0.0,0.0,0.0,0.0,121.563993
637,583.700515,558.70052,0.0,25.0,0.0,0.0,630.0,150.0,200.0,600.0,1000.0,0.5,21.5,816.85026,33.70052,53.436007,0.0,291.850258,0.0,0.0,0.0,0.0,221.29948
638,569.183944,490.0,29.183944,50.0,0.0,0.0,490.0,150.0,200.0,600.0,1000.0,1.0,21.5,1349.183944,54.183944,68.70052,0.0,569.183944,0.0,0.0,0.0,0.0,120.816056
639,558.89442,420.0,63.89442,75.0,0.0,0.0,420.0,125.0,200.0,600.0,1000.0,1.0,21.5,1886.39442,59.710476,70.0,0.0,558.89442,0.0,0.0,0.0,0.0,61.10558
640,558.004516,350.0,108.00452,100.0,0.0,0.0,350.0,125.0,200.0,600.0,1000.0,1.0,21.5,2433.00452,69.1101,70.0,0.0,558.004516,0.0,0.0,0.0,0.0,16.99548
641,594.657468,280.0,100.0,125.0,89.657468,0.0,280.0,100.0,200.0,600.0,1000.0,41.6,41.6,6657.250669,114.657468,78.00452,0.0,24737.750669,0.0,0.0,0.0,0.0,0.0
642,616.376706,210.0,75.0,150.0,181.37671,0.0,210.0,75.0,200.0,600.0,1000.0,41.6,41.6,10950.271136,116.719242,95.0,0.0,25641.27097,0.0,0.0,0.0,0.0,0.0
643,605.586611,70.0,100.0,175.0,260.58661,0.0,70.0,100.0,200.0,600.0,1000.0,41.6,41.6,14737.902976,129.2099,140.0,0.0,25192.403009,0.0,0.0,0.0,0.0,0.0
644,582.013404,0.0,100.0,200.0,282.0134,0.0,0.0,100.0,200.0,600.0,1000.0,41.6,41.6,16131.75744,46.42679,70.0,0.0,24211.757606,0.0,0.0,0.0,0.0,0.0
645,570.361214,0.0,150.0,200.0,220.36121,0.0,0.0,150.0,200.0,600.0,1000.0,41.6,41.6,13617.026336,50.0,61.65219,0.0,23727.026494,0.0,0.0,0.0,0.0,0.0
646,574.495563,0.0,200.0,200.0,174.49556,0.0,0.0,200.0,200.0,600.0,1000.0,41.6,41.6,11759.015296,50.0,45.86565,0.0,23899.015421,0.0,0.0,0.0,0.0,0.0
647,548.855182,0.0,250.0,200.0,98.855182,0.0,0.0,250.0,200.0,600.0,1000.0,41.6,41.6,8662.375571,50.0,75.640378,0.0,22832.37558,0.0,0.0,0.0,0.0,0.0
648,526.978357,0.0,351.97836,175.0,0.0,0.0,0.0,375.0,200.0,600.0,1000.0,1.0,21.5,4114.47836,101.97836,123.855182,0.0,526.978357,0.0,0.0,0.0,0.0,23.02164
649,513.296071,0.0,300.0,200.0,13.296071,0.0,0.0,300.0,200.0,600.0,1000.0,41.6,41.6,5153.116554,38.296071,51.97836,0.0,21353.116537,0.0,0.0,0.0,0.0,0.0
650,507.011119,0.0,250.0,200.0,57.011119,0.0,0.0,250.0,200.0,600.0,1000.0,41.6,41.6,6921.66255,43.715048,50.0,0.0,21091.662534,0.0,0.0,0.0,0.0,0.0
651,507.5395,0.0,225.0,200.0,82.5395,0.0,0.0,225.0,200.0,600.0,1000.0,41.6,41.6,7958.6432,25.528381,25.0,0.0,21113.643183,0.0,0.0,0.0,0.0,0.0
652,520.804642,0.0,225.0,200.0,95.804642,0.0,0.0,225.0,200.0,600.0,1000.0,41.6,41.6,8510.473107,13.265142,0.0,0.0,21665.473116,0.0,0.0,0.0,0.0,0.0
653,551.29315,0.0,225.0,200.0,126.29315,0.0,0.0,225.0,200.0,600.0,1000.0,41.6,41.6,9778.79504,30.488508,0.0,0.0,22933.795048,0.0,0.0,0.0,0.0,0.0
654,625.831944,0.0,200.0,200.0,225.83194,0.0,0.0,200.0,200.0,600.0,1000.0,41.6,41.6,13894.608704,99.53879,25.0,0.0,26034.60887,0.0,0.0,0.0,0.0,0.0
655,695.318674,70.0,200.0,200.0,225.31867,0.0,70.0,200.0,200.0,600.0,1000.0,41.6,41.6,13908.256672,70.0,0.51327,0.0,28925.256847,0.0,0.0,0.0,0.0,0.0
656,714.099373,140.0,200.0,200.0,174.09937,0.0,140.0,200.0,200.0,600.0,1000.0,41.6,41.6,11812.533792,70.0,51.2193,0.0,29706.5339,0.0,0.0,0.0,0.0,0.0
657,718.650865,210.0,200.0,188.81632,119.83454,0.0,210.0,200.0,200.0,600.0,1000.0,41.6,41.6,9349.667744,70.0,65.44851,0.0,29895.875967,0.0,0.0,0.0,0.0,0.0
658,725.037785,350.0,175.0,163.81632,36.221461,0.0,350.0,175.0,200.0,600.0,1000.0,41.6,41.6,5378.863658,140.0,133.613079,0.0,30161.571873,0.0,0.0,0.0,0.0,0.0
659,733.816325,420.0,175.0,138.81632,0.0,0.0,420.0,175.0,200.0,600.0,1000.0,1.8,21.5,3369.55088,70.0,61.221461,0.0,1320.869385,0.0,0.0,0.0,0.0,0.0
660,725.677404,525.0,86.861079,113.81632,0.0,0.0,525.0,150.0,200.0,600.0,1000.0,1.0,21.5,2796.411959,105.0,113.138921,0.0,725.677404,0.0,0.0,0.0,0.0,63.138921
661,723.999563,623.99956,0.0,100.0,0.0,0.0,630.0,150.0,200.0,600.0,1000.0,0.5,21.5,2461.99978,98.99956,100.677399,0.0,361.999781,0.0,0.0,0.0,0.0,156.00044
662,715.842103,490.0,100.8421,125.0,0.0,0.0,490.0,150.0,200.0,600.0,1000.0,1.0,21.5,3033.3421,125.8421,133.99956,0.0,715.842103,0.0,0.0,0.0,0.0,49.1579
663,707.406547,420.0,125.0,150.0,12.406547,0.0,420.0,125.0,200.0,600.0,1000.0,41.6,41.6,4076.112355,61.564447,70.0,0.0,29428.112364,0.0,0.0,0.0,0.0,0.0
664,698.368452,350.0,125.0,175.0,48.368452,0.0,350.0,125.0,200.0,600.0,1000.0,41.6,41.6,6074.627603,60.961905,70.0,0.0,29052.127603,0.0,0.0,0.0,0.0,0.0
665,724.898738,280.0,100.0,200.0,144.89874,0.0,280.0,100.0,200.0,600.0,1000.0,41.6,41.6,10567.787584,121.530288,95.0,0.0,30155.787492,0.0,0.0,0.0,0.0,0.0
666,735.012134,210.0,75.0,200.0,250.01213,0.0,210.0,75.0,200.0,600.0,1000.0,41.6,41.6,14880.504608,105.11339,95.0,0.0,30576.504791,0.0,0.0,0.0,0.0,0.0
667,720.161849,70.0,100.0,200.0,350.16185,0.0,70.0,100.0,200.0,600.0,1000.0,41.6,41.6,19001.73296,125.14972,140.0,0.0,29958.73291,0.0,0.0,0.0,0.0,0.0
668,683.119563,0.0,100.0,200.0,383.11956,0.0,0.0,100.0,200.0,600.0,1000.0,41.6,41.6,20337.773696,32.95771,70.0,0.0,28417.773821,0.0,0.0,0.0,0.0,0.0
669,656.99715,0.0,150.0,200.0,306.99715,0.0,0.0,150.0,200.0,600.0,1000.0,41.6,41.6,17221.08144,50.0,76.12241,0.0,27331.08144,0.0,0.0,0.0,0.0,0.0
670,642.091246,0.0,200.0,200.0,242.09125,0.0,0.0,200.0,200.0,600.0,1000.0,41.6,41.6,14570.996,50.0,64.9059,0.0,26710.995817,0.0,0.0,0.0,0.0,0.0
671,600.729214,0.0,250.0,200.0,150.72921,0.0,0.0,250.0,200.0,600.0,1000.0,41.6,41.6,10820.335136,50.0,91.36204,0.0,24990.335286,0.0,0.0,0.0,0.0,0.0
672,563.974293,0.0,375.0,188.97429,0.0,0.0,0.0,375.0,200.0,600.0,1000.0,21.5,21.5,4437.947235,125.0,161.75492,0.0,12125.4473,0.0,0.0,0.0,0.0,0.0
673,541.652515,0.0,300.0,200.0,41.652515,0.0,0.0,300.0,200.0,600.0,1000.0,41.6,41.6,6332.744624,52.678225,75.0,0.0,22532.744632,0.0,0.0,0.0,0.0,0.0
674,532.957404,0.0,250.0,200.0,82.957404,0.0,0.0,250.0,200.0,600.0,1000.0,41.6,41.6,8001.028006,41.304889,50.0,0.0,22171.028006,0.0,0.0,0.0,0.0,0.0
675,529.064071,0.0,225.0,200.0,104.06407,0.0,0.0,225.0,200.0,600.0,1000.0,41.6,41.6,8854.065312,21.106666,25.0,0.0,22009.065337,0.0,0.0,0.0,0.0,0.0
676,535.330484,0.0,225.0,200.0,110.33048,0.0,0.0,225.0,200.0,600.0,1000.0,41.6,41.6,9114.747968,6.26641,0.0,0.0,22269.748126,0.0,0.0,0.0,0.0,0.0
677,557.680071,0.0,225.0,200.0,132.68007,0.0,0.0,225.0,200.0,600.0,1000.0,41.6,41.6,10044.490912,22.34959,0.0,0.0,23199.490954,0.0,0.0,0.0,0.0,0.0
678,622.874864,0.0,200.0,200.0,222.87486,0.0,0.0,200.0,200.0,600.0,1000.0,41.6,41.6,13771.594176,90.19479,25.0,0.0,25911.594359,0.0,0.0,0.0,0.0,0.0
679,689.914357,70.0,200.0,200.0,219.91436,0.0,70.0,200.0,200.0,600.0,1000.0,41.6,41.6,13683.437376,70.0,2.9605,0.0,28700.437235,0.0,0.0,0.0,0.0,0.0
680,709.445912,140.0,200.0,200.0,169.44591,0.0,140.0,200.0,200.0,600.0,1000.0,41.6,41.6,11618.949856,70.0,50.46845,0.0,29512.949956,0.0,0.0,0.0,0.0,0.0
681,709.58496,210.0,200.0,184.90445,114.68051,0.0,210.0,200.0,200.0,600.0,1000.0,41.6,41.6,9051.154891,70.0,69.86095,0.0,29518.734336,0.0,0.0,0.0,0.0,0.0
682,716.713468,350.0,175.0,159.90445,31.809016,0.0,350.0,175.0,200.0,600.0,1000.0,41.6,41.6,5111.200741,140.0,132.871494,0.0,29815.280252,0.0,0.0,0.0,0.0,0.0
683,729.904452,420.0,175.0,134.90445,0.0,0.0,420.0,175.0,200.0,600.0,1000.0,1.8,21.5,3285.445675,70.0,56.809016,0.0,1313.828014,0.0,0.0,0.0,0.0,0.0
684,727.355246,525.0,92.450794,109.90445,0.0,0.0,525.0,150.0,200.0,600.0,1000.0,1.0,21.5,2717.896469,105.0,107.549206,0.0,727.355246,0.0,0.0,0.0,0.0,57.549206
685,722.312452,622.31245,0.0,100.0,0.0,0.0,630.0,150.0,200.0,600.0,1000.0,0.5,21.5,2461.156225,97.31245,102.355244,0.0,361.156226,0.0,0.0,0.0,0.0,157.68755
686,715.628896,490.0,100.6289,125.0,0.0,0.0,490.0,150.0,200.0,600.0,1000.0,1.0,21.5,3033.1289,125.6289,132.31245,0.0,715.628896,0.0,0.0,0.0,0.0,49.3711
687,710.206039,420.0,125.0,150.0,15.206039,0.0,420.0,125.0,200.0,600.0,1000.0,41.6,41.6,4192.571222,64.577139,70.0,0.0,29544.571231,0.0,0.0,0.0,0.0,0.0
688,705.098357,350.0,125.0,175.0,55.098357,0.0,350.0,125.0,200.0,600.0,1000.0,41.6,41.6,6354.591651,64.892318,70.0,0.0,29332.091643,0.0,0.0,0.0,0.0,0.0
689,725.213912,280.0,100.0,200.0,145.21391,0.0,280.0,100.0,200.0,600.0,1000.0,41.6,41.6,10580.898656,115.115553,95.0,0.0,30168.898756,0.0,0.0,0.0,0.0,0.0
690,729.848833,210.0,75.0,200.0,244.84883,0.0,210.0,75.0,200.0,600.0,1000.0,41.6,41.6,14665.711328,99.63492,95.0,0.0,30361.711436,0.0,0.0,0.0,0.0,0.0
691,715.721595,70.0,100.0,200.0,345.72159,0.0,70.0,100.0,200.0,600.0,1000.0,41.6,41.6,18817.018144,125.87276,140.0,0.0,29774.018352,0.0,0.0,0.0,0.0,0.0
692,678.660769,0.0,100.0,200.0,378.66077,0.0,0.0,100.0,200.0,600.0,1000.0,41.6,41.6,20152.288032,32.93918,70.0,0.0,28232.287999,0.0,0.0,0.0,0.0,0.0
693,649.813023,0.0,150.0,200.0,299.81302,0.0,0.0,150.0,200.0,600.0,1000.0,41.6,41.6,16922.221632,50.0,78.84775,0.0,27032.221757,0.0,0.0,0.0,0.0,0.0
694,627.593214,0.0,200.0,200.0,227.59321,0.0,0.0,200.0,200.0,600.0,1000.0,41.6,41.6,13967.877536,50.0,72.21981,0.0,26107.877702,0.0,0.0,0.0,0.0,0.0
695,586.017976,0.0,250.0,200.0,136.01798,0.0,0.0,250.0,200.0,600.0,1000.0,41.6,41.6,10208.347968,50.0,91.57523,0.0,24378.347785,0.0,0.0,0.0,0.0,0.0
696,549.383563,0.0,374.38356,175.0,0.0,0.0,0.0,375.0,200.0,600.0,1000.0,1.0,21.5,4136.88356,124.38356,161.01798,0.0,549.383563,0.0,0.0,0.0,0.0,0.61644
697,525.133658,0.0,300.0,200.0,25.133658,0.0,0.0,300.0,200.0,600.0,1000.0,41.6,41.6,5645.560173,50.133658,74.38356,0.0,21845.560189,0.0,0.0,0.0,0.0,0.0
698,512.313468,0.0,250.0,200.0,62.313468,0.0,0.0,250.0,200.0,600.0,1000.0,41.6,41.6,7142.240269,37.17981,50.0,0.0,21312.240269,0.0,0.0,0.0,0.0,0.0
699,512.7955,0.0,225.0,200.0,87.7955,0.0,0.0,225.0,200.0,600.0,1000.0,41.6,41.6,8177.2928,25.482032,25.0,0.0,21332.292783,0.0,0.0,0.0,0.0,0.0
700,522.278547,0.0,225.0,200.0,97.278547,0.0,0.0,225.0,200.0,600.0,1000.0,41.6,41.6,8571.787555,9.483047,0.0,0.0,21726.787555,0.0,0.0,0.0,0.0,0.0
701,550.338356,0.0,225.0,200.0,125.33836,0.0,0.0,225.0,200.0,600.0,1000.0,41.6,41.6,9739.075776,28.059813,0.0,0.0,22894.075626,0.0,0.0,0.0,0.0,0.0
702,615.588769,0.0,200.0,200.0,215.58877,0.0,0.0,200.0,200.0,600.0,1000.0,41.6,41.6,13468.492832,90.25041,25.0,0.0,25608.492799,0.0,0.0,0.0,0.0,0.0
703,680.542547,70.0,200.0,200.0,210.54255,0.0,70.0,200.0,200.0,600.0,1000.0,41.6,41.6,13293.57008,70.0,5.04622,0.0,28310.569947,0.0,0.0,0.0,0.0,0.0
704,696.356896,140.0,200.0,200.0,156.3569,0.0,140.0,200.0,200.0,600.0,1000.0,41.6,41.6,11074.44704,70.0,54.18565,0.0,28968.446882,0.0,0.0,0.0,0.0,0.0
705,699.008071,210.0,200.0,175.0,114.00807,0.0,210.0,200.0,200.0,600.0,1000.0,41.6,41.6,8810.235712,70.0,67.34883,0.0,29078.735737,0.0,0.0,0.0,0.0,0.0
706,704.264071,350.0,175.0,150.0,29.264071,0.0,350.0,175.0,200.0,600.0,1000.0,41.6,41.6,4792.385354,140.0,134.743999,0.0,29297.385337,0.0,0.0,0.0,0.0,0.0
707,709.279055,420.0,164.27905,125.0,0.0,0.0,420.0,175.0,200.0,600.0,1000.0,1.0,21.5,3061.77905,70.0,64.985021,0.0,709.279055,0.0,0.0,0.0,0.0,10.72095
708,704.384579,525.0,79.384579,100.0,0.0,0.0,525.0,150.0,200.0,600.0,1000.0,1.0,21.5,2491.884579,105.0,109.894471,0.0,704.384579,0.0,0.0,0.0,0.0,70.615421
709,707.934928,607.93493,0.0,100.0,0.0,0.0,630.0,150.0,200.0,600.0,1000.0,0.5,21.5,2453.967465,82.93493,79.384579,0.0,353.967464,0.0,0.0,0.0,0.0,172.06507
710,707.415817,490.0,92.415817,125.0,0.0,0.0,490.0,150.0,200.0,600.0,1000.0,1.0,21.5,3024.915817,117.415817,117.93493,0.0,707.415817,0.0,0.0,0.0,0.0,57.584183
711,702.345214,420.0,125.0,150.0,7.345214,0.0,420.0,125.0,200.0,600.0,1000.0,41.6,41.6,3865.560886,64.929397,70.0,0.0,29217.560886,0.0,0.0,0.0,0.0,0.0
712,696.774039,350.0,125.0,175.0,46.774039,0.0,350.0,125.0,200.0,600.0,1000.0,41.6,41.6,6008.300022,64.428825,70.0,0.0,28985.800022,0.0,0.0,0.0,0.0,0.0
713,716.398293,280.0,100.0,200.0,136.39829,0.0,280.0,100.0,200.0,600.0,1000.0,41.6,41.6,10214.168864,114.624251,95.0,0.0,29802.168989,0.0,0.0,0.0,0.0,0.0
714,721.088833,210.0,75.0,200.0,236.08883,0.0,210.0,75.0,200.0,600.0,1000.0,41.6,41.6,14301.295328,99.69054,95.0,0.0,29997.295436,0.0,0.0,0.0,0.0,0.0
715,702.196896,70.0,100.0,200.0,332.1969,0.0,70.0,100.0,200.0,600.0,1000.0,41.6,41.6,18254.39104,121.10807,140.0,0.0,29211.390874,0.0,0.0,0.0,0.0,0.0
716,667.648198,0.0,100.0,200.0,367.6482,0.0,0.0,100.0,200.0,600.0,1000.0,41.6,41.6,19694.16512,35.4513,70.0,0.0,27774.16502,0.0,0.0,0.0,0.0,0.0
717,639.226865,0.0,150.0,200.0,289.22686,0.0,0.0,150.0,200.0,600.0,1000.0,41.6,41.6,16481.837376,50.0,78.42134,0.0,26591.837576,0.0,0.0,0.0,0.0,0.0
718,614.532007,0.0,200.0,200.0,214.53201,0.0,0.0,200.0,200.0,600.0,1000.0,41.6,41.6,13424.531616,50.0,74.69485,0.0,25564.5315,0.0,0.0,0.0,0.0,0.0
719,565.142293,0.0,250.0,200.0,115.14229,0.0,0.0,250.0,200.0,600.0,1000.0,41.6,41.6,9339.919264,50.0,99.38972,0.0,23509.919397,0.0,0.0,0.0,0.0,0.0
720,529.12896,0.0,354.12896,175.0,0.0,0.0,0.0,375.0,200.0,600.0,1000.0,1.0,21.5,4116.62896,104.12896,140.14229,0.0,529.12896,0.0,0.0,0.0,0.0,20.87104
721,509.439817,0.0,300.0,200.0,9.439817,0.0,0.0,300.0,200.0,600.0,1000.0,41.6,41.6,4992.696396,34.439817,54.12896,0.0,21192.696396,0.0,0.0,0.0,0.0,0.0
722,500.077277,0.0,250.0,200.0,50.077277,0.0,0.0,250.0,200.0,600.0,1000.0,41.6,41.6,6633.214723,40.63746,50.0,0.0,20803.21474,0.0,0.0,0.0,0.0,0.0
723,505.370357,0.0,225.0,200.0,80.370357,0.0,0.0,225.0,200.0,600.0,1000.0,41.6,41.6,7868.406851,30.29308,25.0,0.0,21023.406843,0.0,0.0,0.0,0.0,0.0
724,517.560198,0.0,225.0,200.0,92.560198,0.0,0.0,225.0,200.0,600.0,1000.0,41.6,41.6,8375.504237,12.189841,0.0,0.0,21530.504237,0.0,0.0,0.0,0.0,0.0
725,544.368579,0.0,225.0,200.0,119.36858,0.0,0.0,225.0,200.0,600.0,1000.0,41.6,41.6,9490.732928,26.808382,0.0,0.0,22645.732886,0.0,0.0,0.0,0.0,0.0
726,607.014166,0.0,200.0,200.0,207.01417,0.0,0.0,200.0,200.0,600.0,1000.0,41.6,41.6,13111.789472,87.64559,25.0,0.0,25251.789314,0.0,0.0,0.0,0.0,0.0
727,664.172008,70.0,200.0,200.0,194.17201,0.0,70.0,200.0,200.0,600.0,1000.0,41.6,41.6,12612.555616,70.0,12.84216,0.0,27629.555516,0.0,0.0,0.0,0.0,0.0
728,679.652642,140.0,200.0,200.0,139.65264,0.0,140.0,200.0,200.0,600.0,1000.0,41.6,41.6,10379.549824,70.0,54.51937,0.0,28273.549924,0.0,0.0,0.0,0.0,0.0
729,681.719817,210.0,200.0,175.0,96.719817,0.0,210.0,200.0,200.0,600.0,1000.0,41.6,41.6,8091.044387,70.0,67.932823,0.0,28359.544387,0.0,0.0,0.0,0.0,0.0
730,688.357023,350.0,175.0,150.0,13.357023,0.0,350.0,175.0,200.0,600.0,1000.0,41.6,41.6,4130.652157,140.0,133.362794,0.0,28635.652157,0.0,0.0,0.0,0.0,0.0
731,708.98242,420.0,163.98242,125.0,0.0,0.0,420.0,175.0,200.0,600.0,1000.0,1.0,21.5,3061.48242,70.0,49.374603,0.0,708.98242,0.0,0.0,0.0,0.0,11.01758
732,710.224579,525.0,85.224579,100.0,0.0,0.0,525.0,150.0,200.0,600.0,1000.0,1.0,21.5,2497.724579,105.0,103.757841,0.0,710.224579,0.0,0.0,0.0,0.0,64.775421
733,707.758801,617.09003,0.0,90.668769,0.0,0.0,630.0,150.0,200.0,600.0,1000.0,0.5,21.5,2257.923548,92.09003,94.55581,0.0,353.879401,0.0,0.0,0.0,0.0,162.90997
734,692.463563,490.0,86.794794,115.66877,0.0,0.0,490.0,150.0,200.0,600.0,1000.0,1.0,21.5,2818.673349,111.794795,127.09003,0.0,692.463563,0.0,0.0,0.0,0.0,63.205206
735,685.668769,420.0,125.0,140.66877,0.0,0.0,420.0,125.0,200.0,600.0,1000.0,22.8,21.5,3359.378555,63.205206,70.0,0.0,15633.247938,0.0,0.0,0.0,0.0,0.0
736,680.023436,350.0,125.0,165.66877,39.354667,0.0,350.0,125.0,200.0,600.0,1000.0,41.6,41.6,5499.032702,64.354667,70.0,0.0,28288.974929,0.0,0.0,0.0,0.0,0.0
737,699.712579,280.0,100.0,190.66877,129.04381,0.0,280.0,100.0,200.0,600.0,1000.0,41.6,41.6,9707.601051,114.689143,95.0,0.0,29108.04327,0.0,0.0,0.0,0.0,0.0
738,711.642865,210.0,75.0,200.0,226.64286,0.0,210.0,75.0,200.0,600.0,1000.0,41.6,41.6,13908.342976,106.93028,95.0,0.0,29604.343167,0.0,0.0,0.0,0.0,0.0
739,699.332515,70.0,100.0,200.0,329.33252,0.0,70.0,100.0,200.0,600.0,1000.0,41.6,41.6,18135.232832,127.68966,140.0,0.0,29092.232632,0.0,0.0,0.0,0.0,0.0
740,662.151182,0.0,100.0,200.0,362.15118,0.0,0.0,100.0,200.0,600.0,1000.0,41.6,41.6,19465.489088,32.81866,70.0,0.0,27545.489163,0.0,0.0,0.0,0.0,0.0
741,637.122611,0.0,150.0,200.0,287.12261,0.0,0.0,150.0,200.0,600.0,1000.0,41.6,41.6,16394.300576,50.0,75.02857,0.0,26504.300609,0.0,0.0,0.0,0.0,0.0
742,615.885404,0.0,200.0,200.0,215.8854,0.0,0.0,200.0,200.0,600.0,1000.0,41.6,41.6,13480.83264,50.0,71.23721,0.0,25620.832823,0.0,0.0,0.0,0.0,0.0
743,568.414547,0.0,250.0,180.97366,137.44089,0.0,0.0,250.0,200.0,600.0,1000.0,41.6,41.6,9858.474714,50.0,97.47085,0.0,23646.045147,0.0,0.0,0.0,0.0,0.0
744,530.973658,0.0,375.0,155.97366,0.0,0.0,0.0,375.0,200.0,600.0,1000.0,1.4,21.5,3728.43369,125.0,162.44089,0.0,743.363121,0.0,0.0,0.0,0.0,0.0
