,FRA,FRA
hours,wind (won),solar (solEB)
1,0.522439024,0
2,0.488536585,0
3,0.471219512,0
4,0.442073171,0
5,0.434695122,0
6,0.420914634,0
7,0.410121951,0
8,0.407317073,0
9,0.398231707,0
10,0.366219512,0.005340909
11,0.338902439,0.042272727
12,0.304390244,0.09
13,0.290731707,0.123977273
14,0.282987805,0.136818182
15,0.261707317,0.124886364
16,0.213536585,0.088409091
17,0.184756098,0.042386364
18,0.16347561,0.003636364
19,0.183231707,0
20,0.208170732,0
21,0.228231707,0
22,0.222926829,0
23,0.22902439,0
24,0.226402439,0
25,0.214878049,0
26,0.205670732,0
27,0.214512195,0
28,0.20902439,0
29,0.189146341,0
30,0.177195122,0
31,0.170792683,0
32,0.158231707,0
33,0.157134146,0
34,0.141829268,0.026477273
35,0.12597561,0.11375
36,0.117560976,0.206136364
37,0.11402439,0.269886364
38,0.120121951,0.296136364
39,0.123414634,0.262045455
40,0.128597561,0.185454545
41,0.135060976,0.083863636
42,0.151036585,0.008977273
43,0.172865854,0
44,0.200182927,0
45,0.214329268,0
46,0.235060976,0
47,0.245304878,0
48,0.245792683,0
49,0.248292683,0
50,0.258719512,0
51,0.242743902,0
52,0.241890244,0
53,0.246463415,0
54,0.241280488,0
55,0.234634146,0
56,0.239268293,0
57,0.232560976,0.000113636
58,0.207743902,0.027727273
59,0.196158537,0.098181818
60,0.186097561,0.166818182
61,0.184512195,0.211931818
62,0.172195122,0.226818182
63,0.165792683,0.205909091
64,0.14945122,0.154090909
65,0.147865854,0.068636364
66,0.162012195,0.007272727
67,0.173597561,0
68,0.172987805,0
69,0.167134146,0
70,0.158109756,0
71,0.154146341,0
72,0.152073171,0
73,0.151829268,0
74,0.147987805,0
75,0.133536585,0
76,0.127743902,0
77,0.122378049,0
78,0.129695122,0
79,0.13695122,0
80,0.142987805,0
81,0.145060976,0.000113636
82,0.136402439,0.013295455
83,0.126280488,0.052386364
84,0.118780488,0.108977273
85,0.118963415,0.149545455
86,0.118902439,0.164431818
87,0.114695122,0.147159091
88,0.111890244,0.104772727
89,0.111097561,0.045795455
90,0.107621951,0.004090909
91,0.11554878,0
92,0.114695122,0
93,0.117134146,0
94,0.116463415,0
95,0.120060976,0
96,0.116219512,0
97,0.119939024,0
98,0.124756098,0
99,0.126402439,0
100,0.122439024,0
101,0.11945122,0
102,0.116890244,0
103,0.116890244,0
104,0.119756098,0
105,0.123109756,0.000340909
106,0.130914634,0.017954545
107,0.122195122,0.069204545
108,0.114817073,0.123522727
109,0.10945122,0.151363636
110,0.108353659,0.161818182
111,0.10445122,0.150454545
112,0.101585366,0.106590909
113,0.094573171,0.048068182
114,0.091829268,0.005681818
115,0.092256098,0
116,0.097378049,0
117,0.109085366,0
118,0.115609756,0
119,0.113597561,0
120,0.111463415,0
121,0.108109756,0
122,0.103719512,0
123,0.100426829,0
124,0.096585366,0
125,0.097926829,0
126,0.093536585,0
127,0.092317073,0
128,0.09,0
129,0.089817073,0.000113636
130,0.085365854,0.022159091
131,0.080914634,0.075454545
132,0.074085366,0.129431818
133,0.071280488,0.160340909
134,0.069085366,0.16875
135,0.071036585,0.150568182
136,0.065670732,0.107159091
137,0.062987805,0.046136364
138,0.062560976,0.005
139,0.065670732,0
140,0.065853659,0
141,0.06097561,0
142,0.063231707,0
143,0.06445122,0
144,0.06347561,0
145,0.064329268,0
146,0.06695122,0
147,0.066646341,0
148,0.069756098,0
149,0.076158537,0
150,0.080121951,0
151,0.081585366,0
152,0.078109756,0
153,0.080914634,0.000227273
154,0.07945122,0.022159091
155,0.075182927,0.077954545
156,0.07,0.134886364
157,0.059390244,0.174772727
158,0.055182927,0.181931818
159,0.047865854,0.162386364
160,0.040487805,0.11375
161,0.039390244,0.049318182
162,0.037378049,0.005454545
163,0.038353659,0
164,0.037073171,0
165,0.037073171,0
166,0.034085366,0
167,0.035,0
168,0.036585366,0
169,0.037987805,0
170,0.038109756,0
171,0.037195122,0
172,0.036890244,0
173,0.039878049,0
174,0.042012195,0
175,0.044512195,0
176,0.046158537,0
177,0.048170732,0.000227273
178,0.048841463,0.017727273
179,0.049390244,0.065454545
180,0.047195122,0.114659091
181,0.050121951,0.148068182
182,0.052560976,0.161818182
183,0.053597561,0.148636364
184,0.055304878,0.107727273
185,0.05652439,0.048636364
186,0.057560976,0.005113636
187,0.061036585,0
188,0.066829268,0
189,0.066768293,0
190,0.0675,0
191,0.066158537,0
192,0.065121951,0
193,0.066768293,0
194,0.063841463,0
195,0.063719512,0
196,0.062682927,0
197,0.068353659,0
198,0.073109756,0
199,0.076097561,0
200,0.072378049,0
201,0.069695122,0.000113636
202,0.067378049,0.018977273
203,0.064817073,0.06875
204,0.059085366,0.117386364
205,0.051768293,0.149659091
206,0.047682927,0.157272727
207,0.042378049,0.131704545
208,0.037439024,0.090681818
209,0.034085366,0.039772727
210,0.032987805,0.004545455
211,0.03597561,0
212,0.044634146,0
213,0.049512195,0
214,0.055304878,0
215,0.058536585,0
216,0.058597561,0
217,0.061402439,0
218,0.068231707,0
219,0.071585366,0
220,0.073414634,0
221,0.080792683,0
222,0.087804878,0
223,0.094390244,0
224,0.101707317,0
225,0.112317073,0
226,0.116402439,0.017613636
227,0.122134146,0.063636364
228,0.129634146,0.111363636
229,0.136463415,0.145909091
230,0.137439024,0.158863636
231,0.152317073,0.133295455
232,0.161585366,0.09625
233,0.167256098,0.045340909
234,0.186341463,0.006022727
235,0.214878049,0
236,0.21445122,0
237,0.22402439,0
238,0.236158537,0
239,0.250609756,0
240,0.256280488,0
241,0.257987805,0
242,0.262560976,0
243,0.274146341,0
244,0.277256098,0
245,0.284634146,0
246,0.279817073,0
247,0.272073171,0
248,0.2575,0
249,0.236463415,0.000113636
250,0.207317073,0.030340909
251,0.175853659,0.125340909
252,0.150487805,0.227954545
253,0.133231707,0.294090909
254,0.129146341,0.307954545
255,0.127865854,0.266363636
256,0.117378049,0.205113636
257,0.105121951,0.103977273
258,0.092073171,0.016136364
259,0.103536585,0
260,0.106585366,0
261,0.110914634,0
262,0.118231707,0
263,0.12097561,0
264,0.130304878,0
265,0.136890244,0
266,0.139939024,0
267,0.137743902,0
268,0.134329268,0
269,0.138719512,0
270,0.13152439,0
271,0.140853659,0
272,0.144756098,0
273,0.147378049,0.000454545
274,0.156097561,0.030340909
275,0.166829268,0.095340909
276,0.15554878,0.168068182
277,0.139329268,0.195113636
278,0.117743902,0.192159091
279,0.101341463,0.164545455
280,0.097195122,0.115227273
281,0.103780488,0.058181818
282,0.114512195,0.00875
283,0.130792683,0.000113636
284,0.125182927,0
285,0.11097561,0
286,0.100670732,0
287,0.088292683,0
288,0.078658537,0
289,0.066585366,0
290,0.058597561,0
291,0.051036585,0
292,0.04902439,0
293,0.046341463,0
294,0.048658537,0
295,0.051707317,0
296,0.059695122,0
297,0.070182927,0
298,0.074329268,0.008409091
299,0.081829268,0.041704545
300,0.07304878,0.081931818
301,0.06847561,0.107613636
302,0.083780488,0.113068182
303,0.09945122,0.098409091
304,0.11902439,0.077727273
305,0.138292683,0.039090909
306,0.157317073,0.006818182
307,0.173658537,0
308,0.176829268,0
309,0.182743902,0
310,0.182195122,0
311,0.180243902,0
312,0.177073171,0
313,0.16597561,0
314,0.15445122,0
315,0.141402439,0
316,0.133353659,0
317,0.122134146,0
318,0.122012195,0
319,0.126341463,0
320,0.112073171,0
321,0.103902439,0.000113636
322,0.095426829,0.021931818
323,0.095243902,0.082840909
324,0.09152439,0.144772727
325,0.098353659,0.182840909
326,0.116646341,0.179659091
327,0.139268293,0.158181818
328,0.173597561,0.115340909
329,0.209878049,0.049090909
330,0.254268293,0.006590909
331,0.306402439,0
332,0.360853659,0
333,0.40445122,0
334,0.414207317,0
335,0.3925,0
336,0.377317073,0
337,0.360731707,0
338,0.34445122,0
339,0.334207317,0
340,0.319512195,0
341,0.305731707,0
342,0.302804878,0
343,0.266219512,0
344,0.25804878,0
345,0.274085366,0
346,0.258353659,0.009318182
347,0.259695122,0.055113636
348,0.264939024,0.115340909
349,0.271890244,0.161590909
350,0.282439024,0.17625
351,0.279939024,0.173409091
352,0.265792683,0.152727273
353,0.245182927,0.0775
354,0.225670732,0.012159091
355,0.226890244,0.000113636
356,0.207743902,0
357,0.194756098,0
358,0.185243902,0
359,0.163902439,0
360,0.142073171,0
361,0.129634146,0
362,0.115243902,0
363,0.11097561,0
364,0.105487805,0
365,0.104573171,0
366,0.104573171,0
367,0.101585366,0
368,0.100243902,0
369,0.099939024,0.000340909
370,0.097256098,0.014318182
371,0.090243902,0.047045455
372,0.085365854,0.090113636
373,0.086585366,0.124431818
374,0.082012195,0.135454545
375,0.081829268,0.130909091
376,0.083841463,0.090795455
377,0.088231707,0.045681818
378,0.102439024,0.006818182
379,0.123658537,0
380,0.131097561,0
381,0.123292683,0
382,0.118780488,0
383,0.119878049,0
384,0.112987805,0
385,0.110243902,0
386,0.101280488,0
387,0.096707317,0
388,0.104268293,0
389,0.113963415,0
390,0.113170732,0
391,0.112256098,0
392,0.113414634,0
393,0.11,0.000227273
394,0.102621951,0.022613636
395,0.093719512,0.097954545
396,0.089634146,0.186590909
397,0.085792683,0.262727273
398,0.08652439,0.294204545
399,0.091097561,0.272386364
400,0.09195122,0.200681818
401,0.098231707,0.094318182
402,0.104085366,0.015795455
403,0.11152439,0.000113636
404,0.119695122,0
405,0.131158537,0
406,0.138170732,0
407,0.141646341,0
408,0.139268293,0
409,0.137317073,0
410,0.136768293,0
411,0.132865854,0
412,0.127378049,0
413,0.12402439,0
414,0.128719512,0
415,0.140365854,0
416,0.142804878,0
417,0.151707317,0.000681818
418,0.170731707,0.018863636
419,0.172378049,0.056931818
420,0.170792683,0.090454545
421,0.17195122,0.111931818
422,0.187987805,0.113636364
423,0.196036585,0.08625
424,0.203841463,0.059772727
425,0.230792683,0.027159091
426,0.260670732,0.003522727
427,0.271768293,0
428,0.255914634,0
429,0.243597561,0
430,0.238231707,0
431,0.247012195,0
432,0.247987805,0
433,0.226829268,0
434,0.198841463,0
435,0.192560976,0
436,0.218719512,0
437,0.192987805,0
438,0.179146341,0
439,0.177439024,0
440,0.18847561,0
441,0.205426829,0
442,0.20847561,0.003068182
443,0.218719512,0.018181818
444,0.23347561,0.039772727
445,0.252926829,0.055795455
446,0.278963415,0.060681818
447,0.310060976,0.056363636
448,0.347743902,0.038522727
449,0.396402439,0.018409091
450,0.429756098,0.001931818
451,0.445,0
452,0.451341463,0
453,0.444268293,0
454,0.428780488,0
455,0.39695122,0
456,0.354268293,0
457,0.307317073,0
458,0.29847561,0
459,0.269268293,0
460,0.249573171,0
461,0.241219512,0
462,0.238353659,0
463,0.234146341,0
464,0.227804878,0
465,0.213597561,0
466,0.193597561,0.010113636
467,0.174512195,0.035454545
468,0.144573171,0.068636364
469,0.133902439,0.093181818
470,0.130243902,0.09625
471,0.123719512,0.095568182
472,0.123353659,0.078409091
473,0.12945122,0.040681818
474,0.128719512,0.010113636
475,0.12402439,0
476,0.121707317,0
477,0.129817073,0
478,0.140914634,0
479,0.143536585,0
480,0.142256098,0
481,0.148841463,0
482,0.158109756,0
483,0.161280488,0
484,0.161829268,0
485,0.155121951,0
486,0.15695122,0
487,0.174695122,0
488,0.204939024,0
489,0.227560976,0.000227273
490,0.242073171,0.018068182
491,0.254878049,0.072840909
492,0.26304878,0.138295455
493,0.283902439,0.183863636
494,0.293353659,0.207954545
495,0.284512195,0.1975
496,0.267439024,0.144886364
497,0.265060976,0.083068182
498,0.25347561,0.018409091
499,0.23597561,0.000113636
500,0.221219512,0
501,0.200914634,0
502,0.186707317,0
503,0.177804878,0
504,0.169390244,0
505,0.174390244,0
506,0.167439024,0
507,0.160060976,0
508,0.152865854,0
509,0.145426829,0
510,0.140853659,0
511,0.139329268,0
512,0.136585366,0
513,0.148902439,0.000795455
514,0.152012195,0.038863636
515,0.155426829,0.114090909
516,0.156829268,0.1825
517,0.165365854,0.215568182
518,0.183902439,0.209772727
519,0.194634146,0.183863636
520,0.191097561,0.140454545
521,0.211463415,0.075227273
522,0.203231707,0.0125
523,0.203841463,0
524,0.191707317,0
525,0.177439024,0
526,0.162804878,0
527,0.159573171,0
528,0.138292683,0
529,0.131768293,0
530,0.12695122,0
531,0.121219512,0
532,0.114329268,0
533,0.109207317,0
534,0.106707317,0
535,0.102560976,0
536,0.096890244,0
537,0.094939024,0
538,0.092865854,0.013068182
539,0.088536585,0.056931818
540,0.084085366,0.106704545
541,0.077743902,0.143181818
542,0.078719512,0.153863636
543,0.074573171,0.13375
544,0.076463415,0.11
545,0.076707317,0.059090909
546,0.076219512,0.013409091
547,0.083719512,0
548,0.091036585,0
549,0.100243902,0
550,0.107012195,0
551,0.115060976,0
552,0.108597561,0
553,0.095792683,0
554,0.078597561,0
555,0.065792683,0
556,0.057926829,0
557,0.054573171,0
558,0.057073171,0
559,0.067621951,0
560,0.076158537,0
561,0.089634146,0.001022727
562,0.09554878,0.028522727
563,0.104634146,0.095
564,0.10195122,0.161818182
565,0.10945122,0.203068182
566,0.123841463,0.215681818
567,0.146585366,0.19
568,0.168719512,0.142386364
569,0.18304878,0.078636364
570,0.188231707,0.016136364
571,0.19,0
572,0.185609756,0
573,0.181219512,0
574,0.182134146,0
575,0.179085366,0
576,0.165609756,0
577,0.15402439,0
578,0.141768293,0
579,0.13054878,0
580,0.117317073,0
581,0.109573171,0
582,0.111402439,0
583,0.112560976,0
584,0.105853659,0
585,0.09847561,0.000568182
586,0.101280488,0.04
587,0.101463415,0.1325
588,0.098658537,0.219886364
589,0.100365854,0.279545455
590,0.111280488,0.304204545
591,0.123841463,0.291363636
592,0.134085366,0.24
593,0.147317073,0.138977273
594,0.174695122,0.032272727
595,0.20597561,0.000113636
596,0.265304878,0
597,0.312317073,0
598,0.343231707,0
599,0.361829268,0
600,0.347682927,0
601,0.342804878,0
602,0.333231707,0
603,0.303658537,0
604,0.277378049,0
605,0.277926829,0
606,0.293597561,0
607,0.277073171,0
608,0.272560976,0
609,0.247317073,0.001477273
610,0.204512195,0.035909091
611,0.175365854,0.104204545
612,0.163902439,0.17625
613,0.157256098,0.227840909
614,0.164573171,0.248522727
615,0.171158537,0.238409091
616,0.159512195,0.195795455
617,0.154207317,0.112386364
618,0.159939024,0.031136364
619,0.184512195,0.000227273
620,0.211402439,0
621,0.248841463,0
622,0.297439024,0
623,0.341829268,0
624,0.382926829,0
625,0.423719512,0
626,0.467317073,0
627,0.506341463,0
628,0.544695122,0
629,0.57347561,0
630,0.573597561,0
631,0.570731707,0
632,0.567804878,0
633,0.568841463,0.001931818
634,0.568414634,0.036931818
635,0.531890244,0.078295455
636,0.510609756,0.125795455
637,0.495365854,0.148181818
638,0.484634146,0.1425
639,0.452073171,0.128295455
640,0.391402439,0.098636364
641,0.331829268,0.054318182
642,0.278170732,0.011363636
643,0.241829268,0
644,0.228292683,0
645,0.234817073,0
646,0.235853659,0
647,0.259390244,0
648,0.280853659,0
649,0.303841463,0
650,0.301097561,0
651,0.29445122,0
652,0.308109756,0
653,0.334268293,0
654,0.342134146,0
655,0.329146341,0
656,0.327317073,0
657,0.331585366,0.000568182
658,0.321402439,0.047045455
659,0.294207317,0.171136364
660,0.267256098,0.27
661,0.286829268,0.328522727
662,0.32847561,0.329090909
663,0.384390244,0.293636364
664,0.431280488,0.23
665,0.472256098,0.127727273
666,0.542865854,0.034545455
667,0.614146341,0.000227273
668,0.676646341,0
669,0.695609756,0
670,0.711097561,0
671,0.701219512,0
672,0.687987805,0
673,0.682682927,0
674,0.681829268,0
675,0.672560976,0
676,0.669939024,0
677,0.662804878,0
678,0.662073171,0
679,0.671097561,0
680,0.677317073,0
681,0.674512195,0.001704545
682,0.67,0.048295455
683,0.669085366,0.122954545
684,0.669085366,0.183522727
685,0.67,0.217727273
686,0.665487805,0.220113636
687,0.658780488,0.193409091
688,0.657560976,0.141590909
689,0.637134146,0.094090909
690,0.642804878,0.025113636
691,0.648963415,0.000340909
692,0.656829268,0
693,0.662073171,0
694,0.675914634,0
695,0.675487805,0
696,0.668719512,0
697,0.662926829,0
698,0.661707317,0
699,0.655060976,0
700,0.650304878,0
701,0.658414634,0
702,0.665609756,0
703,0.664634146,0
704,0.660487805,0
705,0.65554878,0.002272727
706,0.634695122,0.052613636
707,0.625670732,0.142045455
708,0.622012195,0.219431818
709,0.619512195,0.27625
710,0.634329268,0.277727273
711,0.632621951,0.249772727
712,0.622439024,0.204772727
713,0.58097561,0.122727273
714,0.548536585,0.034772727
715,0.531341463,0.000568182
716,0.537134146,0
717,0.543536585,0
718,0.531280488,0
719,0.524268293,0
720,0.522439024,0
721,0.504634146,0
722,0.485,0
723,0.45652439,0
724,0.393170732,0
725,0.367560976,0
726,0.378658537,0
727,0.432743902,0
728,0.477743902,0
729,0.544878049,0.003977273
730,0.577195122,0.062272727
731,0.595609756,0.157272727
732,0.614329268,0.244772727
733,0.624756098,0.273977273
734,0.649573171,0.266818182
735,0.664512195,0.220909091
736,0.647378049,0.175681818
737,0.62554878,0.092613636
738,0.588231707,0.028522727
739,0.542560976,0.000227273
740,0.507439024,0
741,0.484085366,0
742,0.446829268,0
743,0.407926829,0
744,0.382682927,0
745,0.353963415,0
746,0.339878049,0
747,0.322926829,0
748,0.307378049,0
749,0.325670732,0
750,0.32554878,0
751,0.331829268,0
752,0.378841463,0
753,0.444695122,0.001931818
754,0.482439024,0.024886364
755,0.496341463,0.069204545
756,0.49902439,0.114431818
757,0.478353659,0.141590909
758,0.449634146,0.131136364
759,0.443597561,0.115
760,0.403597561,0.082954545
761,0.368292683,0.048068182
762,0.360243902,0.013295455
763,0.35304878,0
764,0.348597561,0
765,0.339207317,0
766,0.345792683,0
767,0.359207317,0
768,0.375670732,0
769,0.380792683,0
770,0.345731707,0
771,0.326829268,0
772,0.329756098,0
773,0.334573171,0
774,0.343963415,0
775,0.380609756,0
776,0.42,0
777,0.435426829,0.000227273
778,0.453170732,0.025227273
779,0.470243902,0.088295455
780,0.536829268,0.1575
781,0.596280488,0.205113636
782,0.658231707,0.248522727
783,0.695731707,0.252954545
784,0.698109756,0.211363636
785,0.678597561,0.143181818
786,0.62445122,0.045568182
787,0.579573171,0.001363636
788,0.528963415,0
789,0.491158537,0
790,0.453292683,0
791,0.417926829,0
792,0.388414634,0
793,0.350426829,0
794,0.317378049,0
795,0.295365854,0
796,0.286219512,0
797,0.267865854,0
798,0.242134146,0
799,0.222621951,0
800,0.215670732,0
801,0.206646341,0.003068182
802,0.204512195,0.063522727
803,0.202134146,0.175795455
804,0.211097561,0.268977273
805,0.269085366,0.296704545
806,0.345182927,0.319431818
807,0.383292683,0.282840909
808,0.43304878,0.227613636
809,0.474817073,0.137840909
810,0.502804878,0.043522727
811,0.542195122,0.000909091
812,0.560609756,0
813,0.552256098,0
814,0.533780488,0
815,0.529573171,0
816,0.514146341,0
817,0.511646341,0
818,0.517865854,0
819,0.517987805,0
820,0.500487805,0
821,0.504573171,0
822,0.502560976,0
823,0.511890244,0
824,0.526280488,0
825,0.525670732,0.002159091
826,0.506829268,0.029659091
827,0.508536585,0.079886364
828,0.512256098,0.141704545
829,0.529085366,0.182727273
830,0.543292683,0.182840909
831,0.53902439,0.176931818
832,0.505853659,0.153977273
833,0.509207317,0.096818182
834,0.506585366,0.029545455
835,0.489512195,0.000568182
836,0.476829268,0
837,0.459573171,0
838,0.446341463,0
839,0.442012195,0
840,0.44195122,0
841,0.45945122,0
842,0.512256098,0
843,0.537560976,0
844,0.589512195,0
845,0.650609756,0
846,0.665914634,0
847,0.664634146,0
848,0.683292683,0
849,0.689512195,0.002272727
850,0.662317073,0.038977273
851,0.611768293,0.104090909
852,0.56902439,0.173068182
853,0.55554878,0.183068182
854,0.56347561,0.17875
855,0.559573171,0.178068182
856,0.581158537,0.153409091
857,0.57695122,0.108409091
858,0.582378049,0.039659091
859,0.566646341,0.001136364
860,0.5325,0
861,0.500670732,0
862,0.504207317,0
863,0.550182927,0
864,0.589085366,0
865,0.594390244,0
866,0.594268293,0
867,0.624817073,0
868,0.634939024,0
869,0.610121951,0
870,0.594207317,0
871,0.573353659,0
872,0.56445122,0
873,0.563963415,0.003409091
874,0.557378049,0.035568182
875,0.53695122,0.100795455
876,0.542743902,0.159545455
877,0.601219512,0.197613636
878,0.632195122,0.227840909
879,0.626036585,0.218295455
880,0.602621951,0.172386364
881,0.606097561,0.118863636
882,0.611036585,0.040681818
883,0.58597561,0.001477273
884,0.546768293,0
885,0.514878049,0
886,0.474817073,0
887,0.452073171,0
888,0.435792683,0
889,0.418597561,0
890,0.418414634,0
891,0.431341463,0
892,0.43445122,0
893,0.431341463,0
894,0.421341463,0
895,0.40597561,0
896,0.389573171,0
897,0.38,0.003295455
898,0.350182927,0.059318182
899,0.323963415,0.158295455
900,0.337134146,0.259545455
901,0.340365854,0.2975
902,0.328414634,0.296931818
903,0.303109756,0.266477273
904,0.302804878,0.217727273
905,0.296097561,0.132727273
906,0.27402439,0.041931818
907,0.245731707,0.001136364
908,0.215365854,0
909,0.195121951,0
910,0.185243902,0
911,0.167743902,0
912,0.144329268,0
913,0.124756098,0
914,0.111402439,0
915,0.099329268,0
916,0.096158537,0
917,0.112987805,0
918,0.127134146,0
919,0.129573171,0
920,0.138109756,0
921,0.139207317,0.003977273
922,0.130243902,0.047045455
923,0.115731707,0.121931818
924,0.127134146,0.194204545
925,0.129329268,0.242045455
926,0.147926829,0.250568182
927,0.169329268,0.222386364
928,0.176341463,0.180681818
929,0.157073171,0.120795455
930,0.152926829,0.0475
931,0.15945122,0.002045455
932,0.168841463,0
933,0.164939024,0
934,0.154268293,0
935,0.155426829,0
936,0.146707317,0
937,0.134939024,0
938,0.119268293,0
939,0.115182927,0
940,0.112926829,0
941,0.121341463,0
942,0.12402439,0
943,0.122256098,0
944,0.120182927,0
945,0.117012195,0.004431818
946,0.122804878,0.055909091
947,0.11652439,0.148977273
948,0.115304878,0.228068182
949,0.114390244,0.257840909
950,0.10695122,0.241136364
951,0.101280488,0.222159091
952,0.097195122,0.168068182
953,0.097560976,0.102840909
954,0.090060976,0.030113636
955,0.086768293,0.000454545
956,0.090182927,0
957,0.100243902,0
958,0.10195122,0
959,0.101707317,0
960,0.110243902,0
961,0.119329268,0
962,0.124756098,0
963,0.133658537,0
964,0.151280488,0
965,0.165914634,0
966,0.188780488,0
967,0.226280488,0
968,0.256463415,0
969,0.288231707,0.003522727
970,0.311890244,0.038181818
971,0.330487805,0.108068182
972,0.360609756,0.157386364
973,0.397195122,0.184659091
974,0.422195122,0.175340909
975,0.437073171,0.141931818
976,0.46554878,0.101704545
977,0.491402439,0.052727273
978,0.517317073,0.014772727
979,0.541890244,0.000340909
980,0.563353659,0
981,0.546585366,0
982,0.515609756,0
983,0.470609756,0
984,0.44152439,0
985,0.404634146,0
986,0.364512195,0
987,0.336158537,0
988,0.319329268,0
989,0.285853659,0
990,0.251097561,0
991,0.219085366,0
992,0.212012195,0
993,0.200670732,0.000681818
994,0.187865854,0.025227273
995,0.166707317,0.077840909
996,0.134817073,0.120681818
997,0.119756098,0.154090909
998,0.128841463,0.164772727
999,0.129817073,0.164886364
1000,0.11152439,0.142727273
1001,0.104817073,0.097840909
1002,0.091768293,0.035113636
1003,0.086707317,0.001931818
1004,0.082560976,0
1005,0.083170732,0
1006,0.087743902,0
1007,0.091829268,0
1008,0.093109756,0
1009,0.089817073,0
1010,0.087682927,0
1011,0.084817073,0
1012,0.086829268,0
1013,0.091829268,0
1014,0.1025,0
1015,0.116036585,0
1016,0.129512195,0
1017,0.140182927,0.003863636
1018,0.143414634,0.039886364
1019,0.147987805,0.098068182
1020,0.145243902,0.155113636
1021,0.130609756,0.195568182
1022,0.124268293,0.189090909
1023,0.116829268,0.173522727
1024,0.117439024,0.126931818
1025,0.117926829,0.079772727
1026,0.112560976,0.0275
1027,0.10554878,0.000681818
1028,0.105,0
1029,0.102865854,0
1030,0.099268293,0
1031,0.088231707,0
1032,0.081280488,0
1033,0.079085366,0
1034,0.073719512,0
1035,0.072256098,0
1036,0.067987805,0
1037,0.074756098,0
1038,0.078536585,0
1039,0.08445122,0
1040,0.091097561,0
1041,0.10304878,0.006136364
1042,0.104512195,0.057386364
1043,0.102012195,0.144545455
1044,0.100609756,0.223181818
1045,0.101768293,0.280113636
1046,0.110121951,0.294090909
1047,0.112682927,0.279204545
1048,0.112682927,0.235
1049,0.115609756,0.155681818
1050,0.117134146,0.059659091
1051,0.120609756,0.002954545
1052,0.13847561,0
1053,0.159268293,0
1054,0.180182927,0
1055,0.197256098,0
1056,0.219390244,0
1057,0.241036585,0
1058,0.244939024,0
1059,0.256097561,0
1060,0.274634146,0
1061,0.292865854,0
1062,0.307682927,0
1063,0.333658537,0
1064,0.343231707,0
1065,0.35054878,0.009545455
1066,0.354939024,0.053863636
1067,0.344512195,0.109772727
1068,0.3425,0.151704545
1069,0.336280488,0.193522727
1070,0.332195122,0.222272727
1071,0.320243902,0.224090909
1072,0.323902439,0.176818182
1073,0.299329268,0.12375
1074,0.269085366,0.052613636
1075,0.252865854,0.004090909
1076,0.238780488,0
1077,0.234146341,0
1078,0.228902439,0
1079,0.217134146,0
1080,0.206219512,0
1081,0.207012195,0
1082,0.2025,0
1083,0.192317073,0
1084,0.179878049,0
1085,0.174573171,0
1086,0.164573171,0
1087,0.155426829,0
1088,0.153414634,0
1089,0.135914634,0.009204545
1090,0.128109756,0.082613636
1091,0.110670732,0.185795455
1092,0.103597561,0.281022727
1093,0.095243902,0.326590909
1094,0.094939024,0.339204545
1095,0.102012195,0.308409091
1096,0.102012195,0.264886364
1097,0.093719512,0.191590909
1098,0.081402439,0.080340909
1099,0.069817073,0.005795455
1100,0.061158537,0
1101,0.059390244,0
1102,0.058231707,0
1103,0.05195122,0
1104,0.048109756,0
1105,0.041646341,0
1106,0.038719512,0
1107,0.035121951,0
1108,0.031585366,0
1109,0.031829268,0
1110,0.031463415,0
1111,0.030121951,0
1112,0.030731707,0
1113,0.030853659,0.013522727
1114,0.031341463,0.113977273
1115,0.028658537,0.243636364
1116,0.023414634,0.344659091
1117,0.020487805,0.411477273
1118,0.021097561,0.441136364
1119,0.021341463,0.420113636
1120,0.022682927,0.362613636
1121,0.024756098,0.252840909
1122,0.027439024,0.114204545
1123,0.035609756,0.010340909
1124,0.056158537,0
1125,0.0725,0
1126,0.085853659,0
1127,0.092378049,0
1128,0.091280488,0
1129,0.094756098,0
1130,0.097073171,0
1131,0.100243902,0
1132,0.100792683,0
1133,0.104756098,0
1134,0.108658537,0
1135,0.113170732,0
1136,0.118963415,0
1137,0.130426829,0.01375
1138,0.129878049,0.112386364
1139,0.125914634,0.236931818
1140,0.133353659,0.331704545
1141,0.150243902,0.405227273
1142,0.172073171,0.429545455
1143,0.187317073,0.405
1144,0.198902439,0.349090909
1145,0.215487805,0.25
1146,0.227134146,0.103068182
1147,0.241036585,0.01
1148,0.28304878,0
1149,0.307073171,0
1150,0.319878049,0
1151,0.33152439,0
1152,0.330853659,0
1153,0.321585366,0
1154,0.308719512,0
1155,0.288963415,0
1156,0.270853659,0
1157,0.249085366,0
1158,0.241280488,0
1159,0.235487805,0
1160,0.225914634,0
1161,0.224512195,0.012727273
1162,0.196585366,0.109090909
1163,0.141768293,0.241022727
1164,0.106585366,0.349204545
1165,0.090365854,0.403522727
1166,0.085426829,0.42125
1167,0.088658537,0.399204545
1168,0.098170732,0.3325
1169,0.100914634,0.236818182
1170,0.098109756,0.106363636
1171,0.110060976,0.01
1172,0.147682927,0
1173,0.169817073,0
1174,0.177987805,0
1175,0.16847561,0
1176,0.146768293,0
1177,0.124634146,0
1178,0.111158537,0
1179,0.108719512,0
1180,0.101707317,0
1181,0.096829268,0
1182,0.094756098,0
1183,0.090487805,0
1184,0.085365854,0
1185,0.080670732,0.019204545
1186,0.073414634,0.139545455
1187,0.051829268,0.292954545
1188,0.037743902,0.422727273
1189,0.034756098,0.486704545
1190,0.032926829,0.505909091
1191,0.033536585,0.482159091
1192,0.031829268,0.415681818
1193,0.029817073,0.291477273
1194,0.027926829,0.134659091
1195,0.033231707,0.015227273
1196,0.053963415,0
1197,0.078658537,0
1198,0.102743902,0
1199,0.119634146,0
1200,0.125853659,0
1201,0.129817073,0
1202,0.129085366,0
1203,0.126890244,0
1204,0.131219512,0
1205,0.128780488,0
1206,0.142560976,0
1207,0.16347561,0
1208,0.178170732,0
1209,0.196097561,0.021477273
1210,0.198231707,0.149090909
1211,0.185731707,0.311136364
1212,0.180487805,0.431818182
1213,0.19,0.496704545
1214,0.210914634,0.503863636
1215,0.225426829,0.474204545
1216,0.232256098,0.403636364
1217,0.251585366,0.289659091
1218,0.286646341,0.135113636
1219,0.317560976,0.01625
1220,0.361707317,0
1221,0.387378049,0
1222,0.387073171,0
1223,0.368719512,0
1224,0.355914634,0
1225,0.348292683,0
1226,0.346036585,0
1227,0.340670732,0
1228,0.3375,0
1229,0.334512195,0
1230,0.338597561,0
1231,0.351402439,0
1232,0.372317073,0
1233,0.387378049,0.023863636
1234,0.393109756,0.151818182
1235,0.414390244,0.308295455
1236,0.43,0.413636364
1237,0.445243902,0.4625
1238,0.454573171,0.471136364
1239,0.456036585,0.417386364
1240,0.462682927,0.338977273
1241,0.471768293,0.229431818
1242,0.462195122,0.105113636
1243,0.436585366,0.012386364
1244,0.429573171,0
1245,0.410365854,0
1246,0.396646341,0
1247,0.39554878,0
1248,0.398292683,0
1249,0.38597561,0
1250,0.391890244,0
1251,0.392439024,0
1252,0.391829268,0
1253,0.391768293,0
1254,0.395487805,0
1255,0.40347561,0
1256,0.412195122,0
1257,0.4225,0.021931818
1258,0.432439024,0.137272727
1259,0.491646341,0.279886364
1260,0.522682927,0.377954545
1261,0.527926829,0.422840909
1262,0.527743902,0.420568182
1263,0.529207317,0.386590909
1264,0.553902439,0.320227273
1265,0.557865854,0.220340909
1266,0.541585366,0.101363636
1267,0.5,0.0125
1268,0.440426829,0
1269,0.419512195,0
1270,0.401280488,0
1271,0.375487805,0
1272,0.351707317,0
1273,0.336280488,0
1274,0.315060976,0
1275,0.300914634,0
1276,0.295670732,0
1277,0.313658537,0
1278,0.322987805,0
1279,0.3175,0
1280,0.307134146,0
1281,0.306768293,0.010113636
1282,0.316097561,0.075227273
1283,0.351097561,0.165
1284,0.383231707,0.230227273
1285,0.390426829,0.245454545
1286,0.373658537,0.220681818
1287,0.371829268,0.195113636
1288,0.393963415,0.161022727
1289,0.38902439,0.11
1290,0.364573171,0.047159091
1291,0.314268293,0.005454545
1292,0.272317073,0
1293,0.2475,0
1294,0.24945122,0
1295,0.240914634,0
1296,0.234573171,0
1297,0.222682927,0
1298,0.222621951,0
1299,0.230426829,0
1300,0.238719512,0
1301,0.236158537,0
1302,0.231219512,0
1303,0.228536585,0
1304,0.235731707,0
1305,0.24945122,0.007386364
1306,0.257682927,0.050113636
1307,0.282378049,0.116818182
1308,0.30402439,0.183636364
1309,0.321890244,0.233181818
1310,0.340182927,0.213977273
1311,0.342743902,0.196590909
1312,0.34902439,0.158636364
1313,0.345060976,0.107954545
1314,0.324817073,0.049431818
1315,0.305792683,0.005340909
1316,0.3025,0
1317,0.29304878,0
1318,0.279207317,0
1319,0.262195122,0
1320,0.248170732,0
1321,0.233231707,0
1322,0.22402439,0
1323,0.218170732,0
1324,0.213414634,0
1325,0.220426829,0
1326,0.218780488,0
1327,0.222256098,0
1328,0.222073171,0
1329,0.217378049,0.010454545
1330,0.207378049,0.050454545
1331,0.205914634,0.10625
1332,0.215914634,0.163295455
1333,0.21945122,0.199090909
1334,0.213902439,0.211704545
1335,0.198170732,0.206477273
1336,0.180914634,0.167727273
1337,0.16945122,0.107272727
1338,0.155670732,0.047159091
1339,0.148719512,0.004772727
1340,0.137560976,0
1341,0.134878049,0
1342,0.126646341,0
1343,0.120609756,0
1344,0.121768293,0
1345,0.12195122,0
1346,0.120426829,0
1347,0.123231707,0
1348,0.127621951,0
1349,0.131707317,0
1350,0.138414634,0
1351,0.152804878,0
1352,0.169146341,0
1353,0.182865854,0.01875
1354,0.178719512,0.084659091
1355,0.173841463,0.161477273
1356,0.187256098,0.232727273
1357,0.198597561,0.307840909
1358,0.210121951,0.333181818
1359,0.210304878,0.311590909
1360,0.207621951,0.266477273
1361,0.221402439,0.185113636
1362,0.229634146,0.095340909
1363,0.24402439,0.015113636
1364,0.256341463,0
1365,0.261646341,0
1366,0.249878049,0
1367,0.2425,0
1368,0.237560976,0
1369,0.228353659,0
1370,0.230365854,0
1371,0.226768293,0
1372,0.208231707,0
1373,0.198536585,0
1374,0.195365854,0
1375,0.1925,0
1376,0.184146341,0
1377,0.182682927,0.023181818
1378,0.181219512,0.107727273
1379,0.175792683,0.20125
1380,0.164329268,0.273636364
1381,0.162439024,0.322159091
1382,0.168231707,0.339659091
1383,0.174085366,0.328863636
1384,0.173536585,0.277954545
1385,0.176585366,0.199772727
1386,0.181036585,0.098181818
1387,0.18652439,0.014659091
1388,0.193536585,0
1389,0.196036585,0
1390,0.194939024,0
1391,0.17847561,0
1392,0.155487805,0
1393,0.141219512,0
1394,0.135365854,0
1395,0.130792683,0
1396,0.122743902,0
1397,0.111341463,0
1398,0.102560976,0
1399,0.09652439,0
1400,0.09347561,0
1401,0.090121951,0.026704545
1402,0.082682927,0.119318182
1403,0.071219512,0.224090909
1404,0.065121951,0.297954545
1405,0.058536585,0.333863636
1406,0.062073171,0.345454545
1407,0.06847561,0.310568182
1408,0.070365854,0.262613636
1409,0.067317073,0.185795455
1410,0.073780488,0.085568182
1411,0.082926829,0.012954545
1412,0.091036585,0
1413,0.102256098,0
1414,0.11445122,0
1415,0.1225,0
1416,0.13152439,0
1417,0.12902439,0
1418,0.12195122,0
1419,0.122682927,0
1420,0.125,0
1421,0.129146341,0
1422,0.135914634,0
1423,0.147195122,0
1424,0.150670732,0
1425,0.14597561,0.012840909
1426,0.138170732,0.068181818
1427,0.122804878,0.135340909
1428,0.122743902,0.198636364
1429,0.13304878,0.245113636
1430,0.140060976,0.265454545
1431,0.16445122,0.265227273
1432,0.208658537,0.224772727
1433,0.251219512,0.164659091
1434,0.257682927,0.082159091
1435,0.266646341,0.014318182
1436,0.275914634,0
1437,0.272560976,0
1438,0.259207317,0
1439,0.240487805,0
1440,0.231036585,0
1441,0.222804878,0
1442,0.210853659,0
1443,0.211097561,0
1444,0.206768293,0
1445,0.194329268,0
1446,0.183414634,0
1447,0.168292683,0
1448,0.160060976,0
1449,0.148353659,0.025340909
1450,0.133902439,0.107386364
1451,0.127256098,0.201136364
1452,0.115609756,0.261136364
1453,0.103536585,0.301818182
1454,0.091707317,0.325568182
1455,0.086890244,0.32
1456,0.083658537,0.288636364
1457,0.081158537,0.216590909
1458,0.082134146,0.109545455
1459,0.082195122,0.018409091
1460,0.085304878,0
1461,0.080121951,0
1462,0.079085366,0
1463,0.071036585,0
1464,0.066890244,0
1465,0.066646341,0
1466,0.06554878,0
1467,0.070304878,0
1468,0.073536585,0
1469,0.07847561,0
1470,0.08804878,0
1471,0.096829268,0
1472,0.1075,0.000340909
1473,0.110731707,0.041704545
1474,0.106707317,0.1625
1475,0.108780488,0.299772727
1476,0.112256098,0.417272727
1477,0.111646341,0.50375
1478,0.117439024,0.541477273
1479,0.12402439,0.520568182
1480,0.13945122,0.449431818
1481,0.150304878,0.325227273
1482,0.160853659,0.163181818
1483,0.182621951,0.029090909
1484,0.241890244,0
1485,0.308597561,0
1486,0.343292683,0
1487,0.347134146,0
1488,0.340243902,0
1489,0.339634146,0
1490,0.34402439,0
1491,0.352926829,0
1492,0.357317073,0
1493,0.348719512,0
1494,0.352195122,0
1495,0.360060976,0
1496,0.361707317,0.000227273
1497,0.367743902,0.052045455
1498,0.326463415,0.202272727
1499,0.259146341,0.361477273
1500,0.222134146,0.4725
1501,0.211341463,0.525454545
1502,0.205304878,0.533863636
1503,0.222378049,0.508409091
1504,0.243963415,0.430681818
1505,0.263292683,0.294886364
1506,0.28847561,0.1475
1507,0.342317073,0.025340909
1508,0.422256098,0
1509,0.48804878,0
1510,0.525304878,0
1511,0.5175,0
1512,0.495426829,0
1513,0.47804878,0
1514,0.484207317,0
1515,0.474634146,0
1516,0.47054878,0
1517,0.458353659,0
1518,0.448170732,0
1519,0.431768293,0
1520,0.414207317,0.000227273
1521,0.408902439,0.021931818
1522,0.372134146,0.081818182
1523,0.307073171,0.143977273
1524,0.276280488,0.195
1525,0.283902439,0.221931818
1526,0.282743902,0.241363636
1527,0.292743902,0.229659091
1528,0.303658537,0.199545455
1529,0.302560976,0.142159091
1530,0.307987805,0.066704545
1531,0.313536585,0.014204545
1532,0.328231707,0
1533,0.34652439,0
1534,0.341402439,0
1535,0.328597561,0
1536,0.299146341,0
1537,0.28347561,0
1538,0.278170732,0
1539,0.285182927,0
1540,0.274390244,0
1541,0.270487805,0
1542,0.2625,0
1543,0.258719512,0
1544,0.247926829,0.000113636
1545,0.237256098,0.010909091
1546,0.212804878,0.049886364
1547,0.16652439,0.098068182
1548,0.143963415,0.141704545
1549,0.133231707,0.171931818
1550,0.118597561,0.178636364
1551,0.113292683,0.177727273
1552,0.107256098,0.146818182
1553,0.108170732,0.099659091
1554,0.106219512,0.057840909
1555,0.102865854,0.015113636
1556,0.108841463,0
1557,0.114268293,0
1558,0.112560976,0
1559,0.111890244,0
1560,0.097134146,0
1561,0.089512195,0
1562,0.086158537,0
1563,0.078841463,0
1564,0.071463415,0
1565,0.070121951,0
1566,0.07402439,0
1567,0.083658537,0
1568,0.089573171,0.000227273
1569,0.092195122,0.025681818
1570,0.099756098,0.107045455
1571,0.098109756,0.196363636
1572,0.100121951,0.274090909
1573,0.117134146,0.323636364
1574,0.133658537,0.340340909
1575,0.128902439,0.333863636
1576,0.12695122,0.249318182
1577,0.1275,0.162613636
1578,0.121585366,0.074659091
1579,0.120426829,0.015113636
1580,0.137256098,0
1581,0.175731707,0
1582,0.19945122,0
1583,0.220853659,0
1584,0.222073171,0
1585,0.214695122,0
1586,0.199695122,0
1587,0.200182927,0
1588,0.21445122,0
1589,0.249939024,0
1590,0.269390244,0
1591,0.286219512,0
1592,0.286890244,0.000340909
1593,0.280121951,0.019318182
1594,0.262621951,0.085795455
1595,0.234146341,0.170340909
1596,0.231158537,0.238522727
1597,0.238231707,0.277954545
1598,0.24652439,0.314659091
1599,0.239512195,0.302954545
1600,0.240121951,0.255681818
1601,0.247073171,0.196363636
1602,0.252560976,0.102954545
1603,0.239329268,0.025
1604,0.241829268,0.000113636
1605,0.253658537,0
1606,0.265914634,0
1607,0.277621951,0
1608,0.278597561,0
1609,0.256829268,0
1610,0.226036585,0
1611,0.19597561,0
1612,0.175304878,0
1613,0.147439024,0
1614,0.111219512,0
1615,0.090609756,0
1616,0.09,0.000454545
1617,0.088414634,0.031590909
1618,0.072926829,0.102045455
1619,0.07152439,0.190795455
1620,0.07695122,0.290113636
1621,0.088414634,0.377840909
1622,0.102987805,0.432840909
1623,0.108658537,0.412954545
1624,0.105731707,0.340454545
1625,0.096646341,0.270340909
1626,0.075731707,0.146590909
1627,0.058841463,0.035568182
1628,0.057439024,0.000227273
1629,0.056402439,0
1630,0.056463415,0
1631,0.055365854,0
1632,0.052378049,0
1633,0.044695122,0
1634,0.038231707,0
1635,0.041463415,0
1636,0.050121951,0
1637,0.057926829,0
1638,0.060670732,0
1639,0.059634146,0
1640,0.064512195,0.002045455
1641,0.070243902,0.055
1642,0.06902439,0.1625
1643,0.06445122,0.261590909
1644,0.06597561,0.337727273
1645,0.075365854,0.393863636
1646,0.08847561,0.395113636
1647,0.100426829,0.330568182
1648,0.125,0.266704545
1649,0.14695122,0.179545455
1650,0.153231707,0.093977273
1651,0.167317073,0.022272727
1652,0.165426829,0
1653,0.188536585,0
1654,0.179207317,0
1655,0.173536585,0
1656,0.183963415,0
1657,0.190914634,0
1658,0.202804878,0
1659,0.207439024,0
1660,0.229695122,0
1661,0.249146341,0
1662,0.257926829,0
1663,0.270487805,0
1664,0.288719512,0.001931818
1665,0.300487805,0.049204545
1666,0.311097561,0.159886364
1667,0.324085366,0.260340909
1668,0.338536585,0.326136364
1669,0.347439024,0.342727273
1670,0.369512195,0.324318182
1671,0.372317073,0.276590909
1672,0.368292683,0.218295455
1673,0.394634146,0.165795455
1674,0.418597561,0.087045455
1675,0.425487805,0.019204545
1676,0.455670732,0
1677,0.46695122,0
1678,0.491829268,0
1679,0.488719512,0
1680,0.477378049,0
1681,0.46945122,0
1682,0.475,0
1683,0.473536585,0
1684,0.485914634,0
1685,0.481402439,0
1686,0.459756098,0
1687,0.441341463,0
1688,0.433719512,0.001477273
1689,0.442073171,0.026477273
1690,0.440731707,0.083977273
1691,0.42945122,0.144204545
1692,0.430487805,0.200113636
1693,0.439207317,0.2275
1694,0.441585366,0.246477273
1695,0.42847561,0.235454545
1696,0.424268293,0.219204545
1697,0.412926829,0.164204545
1698,0.37847561,0.094090909
1699,0.346219512,0.021363636
1700,0.313353659,0.000113636
1701,0.27597561,0
1702,0.259268293,0
1703,0.236829268,0
1704,0.227804878,0
1705,0.220426829,0
1706,0.203109756,0
1707,0.175243902,0
1708,0.1625,0
1709,0.160426829,0
1710,0.157743902,0
1711,0.160487805,0
1712,0.159573171,0.001818182
1713,0.153597561,0.032272727
1714,0.142378049,0.093181818
1715,0.136158537,0.162045455
1716,0.145426829,0.213863636
1717,0.161341463,0.241931818
1718,0.177987805,0.251477273
1719,0.200060976,0.244431818
1720,0.211158537,0.206931818
1721,0.207439024,0.146931818
1722,0.18945122,0.082159091
1723,0.17152439,0.021136364
1724,0.157073171,0.000227273
1725,0.149085366,0
1726,0.151402439,0
1727,0.14445122,0
1728,0.148414634,0
1729,0.142743902,0
1730,0.148963415,0
1731,0.146585366,0
1732,0.142073171,0
1733,0.138597561,0
1734,0.134085366,0
1735,0.13902439,0
1736,0.150060976,0.002954545
1737,0.156829268,0.056136364
1738,0.150670732,0.161022727
1739,0.153109756,0.275
1740,0.170243902,0.345568182
1741,0.181219512,0.379318182
1742,0.214390244,0.392272727
1743,0.238902439,0.384431818
1744,0.256158537,0.335113636
1745,0.280304878,0.271931818
1746,0.2725,0.158863636
1747,0.248902439,0.046931818
1748,0.221280488,0.001022727
1749,0.205121951,0
1750,0.199146341,0
1751,0.183292683,0
1752,0.169939024,0
1753,0.159512195,0
1754,0.152743902,0
1755,0.151158537,0
1756,0.154268293,0
1757,0.159146341,0
1758,0.165365854,0
1759,0.176585366,0
1760,0.20054878,0.004204545
1761,0.219756098,0.084431818
1762,0.22597561,0.239659091
1763,0.229329268,0.394545455
1764,0.257926829,0.515681818
1765,0.297439024,0.576704545
1766,0.332439024,0.576590909
1767,0.353597561,0.535681818
1768,0.375060976,0.468068182
1769,0.379085366,0.351136364
1770,0.37695122,0.197045455
1771,0.356280488,0.055113636
1772,0.354817073,0.000681818
1773,0.396585366,0
1774,0.440365854,0
1775,0.473353659,0
1776,0.49445122,0
1777,0.496158537,0
1778,0.496768293,0
1779,0.501402439,0
1780,0.508658537,0
1781,0.5125,0
1782,0.514878049,0
1783,0.533841463,0
1784,0.553902439,0.007840909
1785,0.53554878,0.092954545
1786,0.509390244,0.226590909
1787,0.485060976,0.332840909
1788,0.467804878,0.396136364
1789,0.504817073,0.398522727
1790,0.547682927,0.329090909
1791,0.565243902,0.278409091
1792,0.568231707,0.217045455
1793,0.57554878,0.14625
1794,0.557073171,0.075909091
1795,0.53347561,0.021136364
1796,0.515487805,0.000568182
1797,0.513597561,0
1798,0.496219512,0
1799,0.460365854,0
1800,0.42347561,0
1801,0.391280488,0
1802,0.406829268,0
1803,0.406219512,0
1804,0.387987805,0
1805,0.361585366,0
1806,0.349939024,0
1807,0.324085366,0
1808,0.329756098,0.000681818
1809,0.32054878,0.023409091
1810,0.321768293,0.081590909
1811,0.334390244,0.133181818
1812,0.389085366,0.159318182
1813,0.41445122,0.165
1814,0.437865854,0.166136364
1815,0.457195122,0.168295455
1816,0.481646341,0.153181818
1817,0.430060976,0.114204545
1818,0.370853659,0.072386364
1819,0.337621951,0.024886364
1820,0.302743902,0.000795455
1821,0.318353659,0
1822,0.332439024,0
1823,0.323231707,0
1824,0.31304878,0
1825,0.278170732,0
1826,0.251341463,0
1827,0.221463415,0
1828,0.214207317,0
1829,0.216463415,0
1830,0.214634146,0
1831,0.22554878,0
1832,0.208353659,0.002840909
1833,0.194207317,0.047840909
1834,0.178353659,0.135795455
1835,0.202439024,0.236931818
1836,0.243109756,0.290227273
1837,0.263841463,0.325340909
1838,0.26597561,0.335681818
1839,0.292012195,0.312159091
1840,0.297560976,0.281136364
1841,0.269817073,0.205227273
1842,0.274695122,0.124545455
1843,0.285365854,0.036590909
1844,0.258414634,0.000909091
1845,0.267743902,0
1846,0.280060976,0
1847,0.282865854,0
1848,0.276280488,0
1849,0.27152439,0
1850,0.274695122,0
1851,0.295304878,0
1852,0.31597561,0
1853,0.29945122,0
1854,0.271158537,0
1855,0.256646341,0
1856,0.249878049,0.006477273
1857,0.232439024,0.073295455
1858,0.228414634,0.186590909
1859,0.223902439,0.304886364
1860,0.228597561,0.387840909
1861,0.221890244,0.413409091
1862,0.224329268,0.424204545
1863,0.220182927,0.4025
1864,0.193841463,0.343977273
1865,0.190731707,0.2525
1866,0.164512195,0.127840909
1867,0.142926829,0.035795455
1868,0.140426829,0.000568182
1869,0.144207317,0
1870,0.137987805,0
1871,0.136463415,0
1872,0.143780488,0
1873,0.136341463,0
1874,0.142012195,0
1875,0.141036585,0
1876,0.139085366,0
1877,0.131768293,0
1878,0.157378049,0
1879,0.199207317,0
1880,0.230609756,0.002272727
1881,0.246341463,0.046477273
1882,0.262560976,0.146477273
1883,0.313292683,0.250795455
1884,0.35402439,0.321022727
1885,0.370243902,0.391363636
1886,0.395792683,0.432840909
1887,0.393841463,0.431590909
1888,0.396402439,0.389090909
1889,0.371158537,0.299886364
1890,0.32445122,0.177159091
1891,0.258963415,0.054659091
1892,0.220426829,0.001704545
1893,0.186707317,0
1894,0.161097561,0
1895,0.133292683,0
1896,0.095670732,0
1897,0.075,0
1898,0.063780488,0
1899,0.057743902,0
1900,0.059512195,0
1901,0.063658537,0
1902,0.076707317,0
1903,0.089512195,0
1904,0.107073171,0.012045455
1905,0.11945122,0.105795455
1906,0.115365854,0.236022727
1907,0.11304878,0.351931818
1908,0.115914634,0.432840909
1909,0.11945122,0.47
1910,0.128658537,0.474886364
1911,0.127317073,0.436022727
1912,0.125243902,0.371477273
1913,0.12902439,0.272272727
1914,0.128841463,0.157272727
1915,0.129634146,0.049659091
1916,0.14554878,0.001136364
1917,0.1825,0
1918,0.230792683,0
1919,0.263536585,0
1920,0.290731707,0
1921,0.303658537,0
1922,0.304573171,0
1923,0.305792683,0
1924,0.322804878,0
1925,0.352134146,0
1926,0.378536585,0
1927,0.390243902,0
1928,0.418902439,0.014431818
1929,0.405060976,0.105454545
1930,0.364268293,0.234204545
1931,0.336646341,0.341477273
1932,0.34054878,0.407386364
1933,0.367682927,0.462159091
1934,0.370182927,0.455909091
1935,0.38597561,0.423522727
1936,0.407195122,0.349659091
1937,0.411036585,0.231931818
1938,0.423963415,0.114772727
1939,0.432865854,0.034204545
1940,0.441646341,0.000795455
1941,0.435243902,0
1942,0.414573171,0
1943,0.373841463,0
1944,0.346341463,0
1945,0.323292683,0
1946,0.301829268,0
1947,0.286402439,0
1948,0.278963415,0
1949,0.26445122,0
1950,0.244695122,0
1951,0.210304878,0
1952,0.193231707,0.003977273
1953,0.186707317,0.048522727
1954,0.182621951,0.12
1955,0.17695122,0.184090909
1956,0.173536585,0.225
1957,0.165487805,0.252840909
1958,0.158719512,0.265454545
1959,0.157865854,0.264090909
1960,0.156646341,0.223295455
1961,0.168231707,0.163181818
1962,0.18,0.098295455
1963,0.194268293,0.036022727
1964,0.213780488,0.002272727
1965,0.243658537,0
1966,0.246402439,0
1967,0.24695122,0
1968,0.245853659,0
1969,0.237317073,0
1970,0.2275,0
1971,0.221585366,0
1972,0.22554878,0
1973,0.221585366,0
1974,0.216097561,0
1975,0.222682927,0
1976,0.223292683,0.004204545
1977,0.222926829,0.041704545
1978,0.212134146,0.106136364
1979,0.205182927,0.180454545
1980,0.195182927,0.236704545
1981,0.189268293,0.282386364
1982,0.188841463,0.286931818
1983,0.192317073,0.260227273
1984,0.203353659,0.211590909
1985,0.224390244,0.147386364
1986,0.239573171,0.078181818
1987,0.257926829,0.032159091
1988,0.275609756,0.001704545
1989,0.275792683,0
1990,0.266341463,0
1991,0.257195122,0
1992,0.241646341,0
1993,0.244695122,0
1994,0.240060976,0
1995,0.236890244,0
1996,0.23304878,0
1997,0.229512195,0
1998,0.224634146,0
1999,0.22652439,0
2000,0.221036585,0.008295455
2001,0.215121951,0.062613636
2002,0.22152439,0.155
2003,0.200853659,0.246590909
2004,0.164573171,0.329886364
2005,0.154878049,0.378409091
2006,0.159695122,0.395909091
2007,0.16347561,0.393068182
2008,0.172378049,0.317045455
2009,0.189573171,0.222727273
2010,0.198658537,0.119545455
2011,0.19652439,0.036022727
2012,0.187012195,0.001022727
2013,0.192134146,0
2014,0.205182927,0
2015,0.194573171,0
2016,0.182134146,0
2017,0.17695122,0
2018,0.172682927,0
2019,0.165121951,0
2020,0.16597561,0
2021,0.174329268,0
2022,0.176646341,0
2023,0.169268293,0
2024,0.162195122,0.011704545
2025,0.157560976,0.083068182
2026,0.15445122,0.189772727
2027,0.131707317,0.291136364
2028,0.112317073,0.364204545
2029,0.106768293,0.417272727
2030,0.106829268,0.425340909
2031,0.103719512,0.410454545
2032,0.093414634,0.351818182
2033,0.092073171,0.264090909
2034,0.094512195,0.150227273
2035,0.10445122,0.050227273
2036,0.116097561,0.002613636
2037,0.125304878,0
2038,0.13054878,0
2039,0.127256098,0
2040,0.115243902,0
2041,0.111463415,0
2042,0.114329268,0
2043,0.125060976,0
2044,0.123719512,0
2045,0.118414634,0
2046,0.118170732,0
2047,0.119817073,0
2048,0.118780488,0.014431818
2049,0.098170732,0.092272727
2050,0.077073171,0.211136364
2051,0.061585366,0.332840909
2052,0.051280488,0.417840909
2053,0.055060976,0.454659091
2054,0.054085366,0.439431818
2055,0.045060976,0.389431818
2056,0.040426829,0.30875
2057,0.045060976,0.224772727
2058,0.051158537,0.117045455
2059,0.060060976,0.036931818
2060,0.071097561,0.001931818
2061,0.085670732,0
2062,0.090121951,0
2063,0.091829268,0
2064,0.090060976,0
2065,0.083719512,0
2066,0.082804878,0
2067,0.07695122,0
2068,0.067317073,0
2069,0.065121951,0
2070,0.066585366,0
2071,0.064695122,0
2072,0.062378049,0.00625
2073,0.054329268,0.042386364
2074,0.03804878,0.1025
2075,0.033109756,0.173977273
2076,0.035670732,0.223522727
2077,0.036646341,0.24125
2078,0.041890244,0.250113636
2079,0.051829268,0.230113636
2080,0.076280488,0.201931818
2081,0.099268293,0.155
2082,0.116585366,0.091136364
2083,0.127560976,0.034659091
2084,0.120304878,0.002727273
2085,0.117621951,0
2086,0.114695122,0
2087,0.10554878,0
2088,0.087560976,0
2089,0.083292683,0
2090,0.084939024,0
2091,0.08902439,0
2092,0.09054878,0
2093,0.086219512,0
2094,0.081219512,0.000227273
2095,0.082682927,0.000568182
2096,0.080182927,0.013068182
2097,0.085914634,0.07375
2098,0.089817073,0.159431818
2099,0.108719512,0.235568182
2100,0.12847561,0.280227273
2101,0.128963415,0.303522727
2102,0.127682927,0.336818182
2103,0.11902439,0.329090909
2104,0.117134146,0.275681818
2105,0.115731707,0.191931818
2106,0.111036585,0.109659091
2107,0.116768293,0.031590909
2108,0.123963415,0.000909091
2109,0.136768293,0
2110,0.156036585,0
2111,0.160670732,0
2112,0.158719512,0
2113,0.155731707,0
2114,0.143292683,0
2115,0.119146341,0
2116,0.119695122,0
2117,0.149207317,0
2118,0.176585366,0
2119,0.198292683,0
2120,0.21847561,0.006363636
2121,0.215670732,0.050454545
2122,0.225853659,0.118522727
2123,0.26804878,0.207159091
2124,0.282195122,0.296022727
2125,0.267439024,0.322613636
2126,0.26054878,0.338295455
2127,0.269085366,0.32125
2128,0.282317073,0.266931818
2129,0.289207317,0.205113636
2130,0.295182927,0.115113636
2131,0.303902439,0.041931818
2132,0.299695122,0.0025
2133,0.304634146,0
2134,0.321585366,0
2135,0.304695122,0
2136,0.270426829,0
2137,0.248170732,0
2138,0.240243902,0
2139,0.236707317,0
2140,0.235426829,0
2141,0.232195122,0
2142,0.213109756,0
2143,0.195121951,0
2144,0.185426829,0.000227273
2145,0.169390244,0.022727273
2146,0.144573171,0.11625
2147,0.139512195,0.248181818
2148,0.158658537,0.370909091
2149,0.163292683,0.459318182
2150,0.140060976,0.515681818
2151,0.118780488,0.519545455
2152,0.10847561,0.506931818
2153,0.108658537,0.445113636
2154,0.117682927,0.351022727
2155,0.128414634,0.217840909
2156,0.137378049,0.079659091
2157,0.150792683,0.005909091
2158,0.186890244,0
2159,0.232012195,0
2160,0.274573171,0
2161,0.327073171,0
2162,0.354390244,0
2163,0.380304878,0
2164,0.372682927,0
2165,0.375853659,0
2166,0.389817073,0
2167,0.404390244,0
2168,0.421097561,0.000227273
2169,0.422317073,0.028181818
2170,0.375182927,0.116477273
2171,0.372439024,0.21625
2172,0.412926829,0.301136364
2173,0.457621951,0.354772727
2174,0.43902439,0.363636364
2175,0.417012195,0.364431818
2176,0.410365854,0.341022727
2177,0.410609756,0.2925
2178,0.425,0.221136364
2179,0.437560976,0.133863636
2180,0.437134146,0.04875
2181,0.411890244,0.004204545
2182,0.420914634,0
2183,0.448536585,0
2184,0.46652439,0
2185,0.410182927,0
2186,0.370731707,0
2187,0.364146341,0
2188,0.370426829,0
2189,0.378292683,0
2190,0.372621951,0
2191,0.364146341,0
2192,0.360060976,0.000227273
2193,0.347621951,0.024886364
2194,0.317012195,0.114659091
2195,0.316402439,0.233068182
2196,0.340182927,0.336022727
2197,0.374634146,0.420909091
2198,0.354878049,0.463181818
2199,0.321219512,0.484431818
2200,0.321341463,0.436931818
2201,0.321646341,0.364545455
2202,0.330365854,0.284886364
2203,0.341585366,0.171704545
2204,0.342317073,0.065227273
2205,0.318536585,0.006590909
2206,0.333963415,0
2207,0.342134146,0
2208,0.335182927,0
2209,0.321158537,0
2210,0.297682927,0
2211,0.281768293,0
2212,0.25597561,0
2213,0.236341463,0
2214,0.224573171,0
2215,0.211158537,0
2216,0.197804878,0.000113636
2217,0.185853659,0.035
2218,0.149329268,0.160909091
2219,0.141341463,0.3275
2220,0.149146341,0.46625
2221,0.159085366,0.552613636
2222,0.15945122,0.58875
2223,0.1625,0.580113636
2224,0.183109756,0.526818182
2225,0.21652439,0.435909091
2226,0.244329268,0.329659091
2227,0.279390244,0.201818182
2228,0.307134146,0.074204545
2229,0.318536585,0.006590909
2230,0.34554878,0
2231,0.365853659,0
2232,0.367926829,0
2233,0.362256098,0
2234,0.352439024,0
2235,0.351341463,0
2236,0.362134146,0
2237,0.363719512,0
2238,0.363109756,0
2239,0.364817073,0
2240,0.359329268,0.000340909
2241,0.357621951,0.019545455
2242,0.339268293,0.078977273
2243,0.333719512,0.150681818
2244,0.327987805,0.217386364
2245,0.352682927,0.265909091
2246,0.374695122,0.284886364
2247,0.384085366,0.276590909
2248,0.40652439,0.241590909
2249,0.42152439,0.192272727
2250,0.428109756,0.133068182
2251,0.439634146,0.075113636
2252,0.436341463,0.026818182
2253,0.427378049,0.001931818
2254,0.439756098,0
2255,0.433963415,0
2256,0.415182927,0
2257,0.414817073,0
2258,0.417195122,0
2259,0.406402439,0
2260,0.389756098,0
2261,0.372378049,0
2262,0.36054878,0
2263,0.354573171,0
2264,0.334390244,0.000227273
2265,0.32695122,0.020681818
2266,0.320487805,0.087272727
2267,0.321463415,0.185909091
2268,0.305304878,0.275909091
2269,0.297439024,0.323863636
2270,0.29402439,0.335113636
2271,0.285792683,0.316477273
2272,0.294512195,0.295340909
2273,0.301219512,0.248977273
2274,0.313780488,0.169318182
2275,0.32054878,0.109772727
2276,0.323414634,0.045
2277,0.308597561,0.00375
2278,0.303902439,0
2279,0.306707317,0
2280,0.291158537,0
2281,0.26804878,0
2282,0.25,0
2283,0.23847561,0
2284,0.228170732,0
2285,0.226219512,0
2286,0.225365854,0
2287,0.221707317,0
2288,0.217134146,0.000113636
2289,0.216219512,0.014659091
2290,0.232134146,0.061704545
2291,0.259146341,0.127386364
2292,0.267987805,0.188409091
2293,0.268536585,0.216363636
2294,0.26347561,0.232386364
2295,0.25304878,0.225340909
2296,0.264268293,0.195227273
2297,0.281280488,0.168181818
2298,0.286646341,0.122045455
2299,0.277439024,0.073409091
2300,0.249817073,0.029886364
2301,0.212134146,0.003295455
2302,0.204085366,0
2303,0.20152439,0
2304,0.195243902,0
2305,0.183597561,0
2306,0.177621951,0
2307,0.176463415,0
2308,0.18,0
2309,0.179390244,0
2310,0.16652439,0
2311,0.160792683,0
2312,0.152804878,0.000227273
2313,0.15,0.02875
2314,0.130609756,0.116136364
2315,0.114146341,0.240568182
2316,0.116036585,0.358636364
2317,0.12945122,0.438636364
2318,0.119573171,0.467159091
2319,0.108414634,0.482045455
2320,0.111036585,0.484318182
2321,0.114207317,0.406704545
2322,0.112987805,0.294772727
2323,0.112682927,0.168409091
2324,0.104146341,0.059886364
2325,0.095243902,0.006704545
2326,0.110792683,0
2327,0.134878049,0
2328,0.162682927,0
2329,0.177195122,0
2330,0.180060976,0
2331,0.171341463,0
2332,0.15652439,0
2333,0.148353659,0
2334,0.141280488,0
2335,0.132012195,0
2336,0.125060976,0.000681818
2337,0.114512195,0.021363636
2338,0.092560976,0.074545455
2339,0.088292683,0.149204545
2340,0.086097561,0.23625
2341,0.098719512,0.290113636
2342,0.122987805,0.322386364
2343,0.126402439,0.3325
2344,0.132987805,0.331022727
2345,0.132317073,0.299772727
2346,0.132865854,0.23375
2347,0.131585366,0.146477273
2348,0.113658537,0.065454545
2349,0.096219512,0.007840909
2350,0.113292683,0
2351,0.143414634,0
2352,0.18054878,0
2353,0.214634146,0
2354,0.251219512,0
2355,0.281402439,0
2356,0.304573171,0
2357,0.318780488,0
2358,0.317378049,0
2359,0.331463415,0
2360,0.371890244,0.000909091
2361,0.395670732,0.027727273
2362,0.417256098,0.092386364
2363,0.443597561,0.157386364
2364,0.454756098,0.214318182
2365,0.45445122,0.271136364
2366,0.462256098,0.311477273
2367,0.467073171,0.336136364
2368,0.487073171,0.340681818
2369,0.496402439,0.307045455
2370,0.476158537,0.241704545
2371,0.483902439,0.1575
2372,0.455060976,0.067045455
2373,0.437012195,0.008181818
2374,0.427804878,0
2375,0.439878049,0
2376,0.45,0
2377,0.457073171,0
2378,0.461219512,0
2379,0.470060976,0
2380,0.454756098,0
2381,0.434756098,0
2382,0.416036585,0
2383,0.40054878,0
2384,0.374390244,0.00125
2385,0.351219512,0.038863636
2386,0.322195122,0.132613636
2387,0.302926829,0.249318182
2388,0.300609756,0.347272727
2389,0.292073171,0.415909091
2390,0.287987805,0.440795455
2391,0.294573171,0.420568182
2392,0.310243902,0.365454545
2393,0.295365854,0.310909091
2394,0.278902439,0.2275
2395,0.272804878,0.144659091
2396,0.284573171,0.054886364
2397,0.327073171,0.004659091
2398,0.413536585,0
2399,0.48945122,0
2400,0.562073171,0
2401,0.597378049,0
2402,0.605792683,0
2403,0.601036585,0
2404,0.568414634,0
2405,0.54402439,0
2406,0.546585366,0
2407,0.531585366,0
2408,0.516280488,0.000795455
2409,0.49152439,0.028181818
2410,0.452073171,0.097159091
2411,0.40945122,0.1625
2412,0.37445122,0.213181818
2413,0.358719512,0.252159091
2414,0.327256098,0.264886364
2415,0.28804878,0.260909091
2416,0.267804878,0.224772727
2417,0.268780488,0.167386364
2418,0.24804878,0.122045455
2419,0.233414634,0.07125
2420,0.224634146,0.03125
2421,0.275914634,0.006477273
2422,0.303170732,0
2423,0.303414634,0
2424,0.357073171,0
2425,0.433597561,0
2426,0.474634146,0
2427,0.490609756,0
2428,0.49695122,0
2429,0.509146341,0
2430,0.515060976,0
2431,0.52695122,0
2432,0.560609756,0.002045455
2433,0.580426829,0.040227273
2434,0.593292683,0.138977273
2435,0.618780488,0.252727273
2436,0.623780488,0.348977273
2437,0.639085366,0.434318182
2438,0.65445122,0.4575
2439,0.654207317,0.4375
2440,0.647073171,0.397727273
2441,0.653109756,0.366136364
2442,0.646768293,0.287159091
2443,0.61304878,0.193068182
2444,0.56402439,0.085113636
2445,0.500365854,0.011931818
2446,0.439878049,0
2447,0.397682927,0
2448,0.371829268,0
2449,0.351036585,0
2450,0.334390244,0
2451,0.305670732,0
2452,0.283170732,0
2453,0.262804878,0
2454,0.233353659,0
2455,0.222439024,0
2456,0.23195122,0.002272727
2457,0.229756098,0.048863636
2458,0.251280488,0.163295455
2459,0.296463415,0.295113636
2460,0.306341463,0.414431818
2461,0.325060976,0.481136364
2462,0.345182927,0.513068182
2463,0.36652439,0.511704545
2464,0.366036585,0.488636364
2465,0.370853659,0.421931818
2466,0.352743902,0.327386364
2467,0.329390244,0.208636364
2468,0.306036585,0.084204545
2469,0.305487805,0.009659091
2470,0.314878049,0
2471,0.327317073,0
2472,0.327195122,0
2473,0.328231707,0.000454545
2474,0.331829268,0
2475,0.332256098,0
2476,0.317743902,0
2477,0.306219512,0
2478,0.31847561,0
2479,0.327012195,0
2480,0.350670732,0.002613636
2481,0.358963415,0.061136364
2482,0.329695122,0.20875
2483,0.302560976,0.372613636
2484,0.322378049,0.504090909
2485,0.363963415,0.587954545
2486,0.407804878,0.62875
2487,0.43945122,0.632386364
2488,0.429634146,0.606477273
2489,0.403170732,0.541818182
2490,0.361890244,0.4325
2491,0.313170732,0.28125
2492,0.274817073,0.115227273
2493,0.241646341,0.014545455
2494,0.248536585,0
2495,0.273536585,0
2496,0.278658537,0
2497,0.285182927,0
2498,0.264695122,0
2499,0.237926829,0
2500,0.2175,0
2501,0.200121951,0
2502,0.197743902,0
2503,0.18695122,0
2504,0.183170732,0.003977273
2505,0.17304878,0.057840909
2506,0.12804878,0.16875
2507,0.101768293,0.283636364
2508,0.079817073,0.389659091
2509,0.062621951,0.468068182
2510,0.057804878,0.505340909
2511,0.054268293,0.503409091
2512,0.052439024,0.478863636
2513,0.062439024,0.42625
2514,0.064878049,0.338636364
2515,0.067317073,0.218181818
2516,0.069939024,0.089431818
2517,0.064695122,0.015340909
2518,0.066402439,0
2519,0.066768293,0
2520,0.075121951,0
2521,0.084939024,0
2522,0.102439024,0
2523,0.131463415,0
2524,0.146402439,0
2525,0.168170732,0
2526,0.164634146,0
2527,0.16945122,0
2528,0.186585366,0.004204545
2529,0.181890244,0.063977273
2530,0.15945122,0.181818182
2531,0.15347561,0.308068182
2532,0.177682927,0.428295455
2533,0.192621951,0.495227273
2534,0.219390244,0.513181818
2535,0.241707317,0.512272727
2536,0.244878049,0.473863636
2537,0.236219512,0.398863636
2538,0.227865854,0.2975
2539,0.184207317,0.179886364
2540,0.163414634,0.078409091
2541,0.141097561,0.013636364
2542,0.115243902,0
2543,0.090853659,0
2544,0.080060976,0
2545,0.071219512,0
2546,0.067012195,0
2547,0.069756098,0
2548,0.077378049,0
2549,0.084329268,0
2550,0.089756098,0
2551,0.103292683,0
2552,0.118841463,0.004318182
2553,0.136768293,0.069545455
2554,0.12195122,0.214886364
2555,0.110670732,0.3725
2556,0.133719512,0.498863636
2557,0.15902439,0.576022727
2558,0.174634146,0.614545455
2559,0.181158537,0.616818182
2560,0.197378049,0.577386364
2561,0.227256098,0.500568182
2562,0.258292683,0.396704545
2563,0.274817073,0.255340909
2564,0.25695122,0.107613636
2565,0.247987805,0.017840909
2566,0.278902439,0
2567,0.3375,0
2568,0.385853659,0
2569,0.427134146,0
2570,0.43097561,0
2571,0.426585366,0
2572,0.430792683,0
2573,0.411219512,0
2574,0.4125,0
2575,0.381036585,0
2576,0.344085366,0.004431818
2577,0.322560976,0.054772727
2578,0.368292683,0.159659091
2579,0.419207317,0.265681818
2580,0.434512195,0.353068182
2581,0.450060976,0.419431818
2582,0.461402439,0.457045455
2583,0.474085366,0.464659091
2584,0.475853659,0.424204545
2585,0.482621951,0.36625
2586,0.468109756,0.282386364
2587,0.442256098,0.175113636
2588,0.407804878,0.073409091
2589,0.357317073,0.011931818
2590,0.33597561,0.000113636
2591,0.325243902,0
2592,0.316402439,0
2593,0.316158537,0
2594,0.300304878,0
2595,0.288170732,0
2596,0.266341463,0
2597,0.243231707,0
2598,0.243109756,0
2599,0.228414634,0
2600,0.225243902,0.004204545
2601,0.221829268,0.046022727
2602,0.212621951,0.129659091
2603,0.209268293,0.214318182
2604,0.198170732,0.288863636
2605,0.195609756,0.326590909
2606,0.20597561,0.348636364
2607,0.226707317,0.354431818
2608,0.241768293,0.338636364
2609,0.255243902,0.323977273
2610,0.26945122,0.255454545
2611,0.301036585,0.195795455
2612,0.296219512,0.094545455
2613,0.296036585,0.019090909
2614,0.280182927,0
2615,0.279207317,0
2616,0.28652439,0
2617,0.287560976,0
2618,0.303414634,0
2619,0.32195122,0
2620,0.327134146,0
2621,0.324878049,0
2622,0.334878049,0
2623,0.344695122,0
2624,0.357804878,0.004204545
2625,0.37152439,0.056590909
2626,0.389817073,0.167159091
2627,0.433841463,0.277159091
2628,0.445487805,0.347386364
2629,0.44597561,0.376136364
2630,0.445792683,0.394886364
2631,0.451646341,0.380795455
2632,0.449573171,0.352840909
2633,0.441768293,0.303409091
2634,0.425731707,0.247840909
2635,0.391585366,0.169886364
2636,0.356646341,0.082159091
2637,0.31402439,0.016363636
2638,0.291585366,0.000113636
2639,0.286829268,0
2640,0.283597561,0
2641,0.261707317,0
2642,0.23402439,0
2643,0.199390244,0
2644,0.166768293,0
2645,0.151463415,0
2646,0.139207317,0
2647,0.119634146,0
2648,0.098353659,0.004090909
2649,0.073353659,0.057386364
2650,0.047256098,0.168295455
2651,0.047073171,0.274090909
2652,0.056768293,0.366818182
2653,0.07,0.419090909
2654,0.082865854,0.466818182
2655,0.092439024,0.471477273
2656,0.098353659,0.434204545
2657,0.103658537,0.38125
2658,0.10804878,0.293863636
2659,0.110609756,0.199318182
2660,0.1125,0.087727273
2661,0.111829268,0.015568182
2662,0.109939024,0
2663,0.115731707,0
2664,0.121036585,0
2665,0.12304878,0
2666,0.11695122,0
2667,0.115853659,0
2668,0.119329268,0
2669,0.108292683,0
2670,0.107743902,0
2671,0.101829268,0
2672,0.09695122,0.006818182
2673,0.08597561,0.071590909
2674,0.07945122,0.197954545
2675,0.081341463,0.337840909
2676,0.09445122,0.436704545
2677,0.101585366,0.486931818
2678,0.115,0.500909091
2679,0.127865854,0.492954545
2680,0.142682927,0.451931818
2681,0.152865854,0.389659091
2682,0.162256098,0.318522727
2683,0.167621951,0.209772727
2684,0.158719512,0.095113636
2685,0.147926829,0.018977273
2686,0.139634146,0.000113636
2687,0.129695122,0
2688,0.124817073,0
2689,0.119146341,0
2690,0.11347561,0
2691,0.115182927,0
2692,0.115060976,0
2693,0.117317073,0
2694,0.121585366,0
2695,0.119695122,0
2696,0.112682927,0.008068182
2697,0.105060976,0.073636364
2698,0.087804878,0.194204545
2699,0.073231707,0.311477273
2700,0.082317073,0.407613636
2701,0.087743902,0.467386364
2702,0.082256098,0.480454545
2703,0.072560976,0.489545455
2704,0.062012195,0.47375
2705,0.057317073,0.432954545
2706,0.05152439,0.356136364
2707,0.04054878,0.243863636
2708,0.032256098,0.11125
2709,0.03054878,0.022386364
2710,0.033780488,0.000227273
2711,0.03347561,0
2712,0.029573171,0
2713,0.027682927,0
2714,0.029329268,0
2715,0.028536585,0
2716,0.030853659,0
2717,0.03847561,0
2718,0.046890244,0
2719,0.051585366,0
2720,0.06347561,0.010454545
2721,0.065426829,0.092386364
2722,0.051036585,0.244204545
2723,0.049573171,0.398977273
2724,0.063719512,0.516022727
2725,0.077926829,0.586477273
2726,0.083658537,0.627386364
2727,0.080609756,0.63375
2728,0.075609756,0.6025
2729,0.068231707,0.539886364
2730,0.061829268,0.438863636
2731,0.052317073,0.296931818
2732,0.046097561,0.134090909
2733,0.040731707,0.024204545
2734,0.046585366,0.000227273
2735,0.053841463,0
2736,0.063597561,0
2737,0.06902439,0
2738,0.072256098,0
2739,0.069939024,0
2740,0.070426829,0
2741,0.067926829,0
2742,0.073658537,0
2743,0.077804878,0
2744,0.085182927,0.008636364
2745,0.091219512,0.077386364
2746,0.082621951,0.205227273
2747,0.06195122,0.342386364
2748,0.062439024,0.437045455
2749,0.069756098,0.505681818
2750,0.070182927,0.523863636
2751,0.072804878,0.505
2752,0.078658537,0.472727273
2753,0.073170732,0.431136364
2754,0.064146341,0.346136364
2755,0.0625,0.225454545
2756,0.055060976,0.103295455
2757,0.04847561,0.021704545
2758,0.051402439,0.000340909
2759,0.05195122,0
2760,0.051829268,0
2761,0.05597561,0
2762,0.063170732,0
2763,0.077682927,0
2764,0.085060976,0
2765,0.098414634,0
2766,0.122865854,0
2767,0.172560976,0
2768,0.220121951,0.002613636
2769,0.231768293,0.027613636
2770,0.232743902,0.065454545
2771,0.243963415,0.100227273
2772,0.282926829,0.123977273
2773,0.321646341,0.130909091
2774,0.336341463,0.128977273
2775,0.344390244,0.12875
2776,0.34652439,0.123181818
2777,0.32597561,0.108409091
2778,0.308231707,0.094318182
2779,0.293597561,0.065909091
2780,0.309756098,0.033068182
2781,0.289390244,0.010113636
2782,0.252804878,0.000568182
2783,0.223963415,0
2784,0.211463415,0
2785,0.201219512,0
2786,0.198353659,0
2787,0.195609756,0
2788,0.178719512,0
2789,0.180121951,0
2790,0.18445122,0
2791,0.194146341,0
2792,0.187256098,0.002727273
2793,0.17347561,0.031477273
2794,0.162743902,0.087045455
2795,0.188231707,0.148863636
2796,0.211890244,0.197954545
2797,0.209939024,0.227613636
2798,0.235243902,0.256931818
2799,0.282560976,0.261477273
2800,0.317926829,0.242272727
2801,0.336829268,0.225681818
2802,0.346585366,0.195454545
2803,0.339939024,0.14375
2804,0.32195122,0.076818182
2805,0.286585366,0.018863636
2806,0.255426829,0.000454545
2807,0.228170732,0
2808,0.208231707,0
2809,0.196829268,0
2810,0.201890244,0
2811,0.217682927,0
2812,0.211585366,0
2813,0.192256098,0
2814,0.178719512,0
2815,0.154146341,0
2816,0.124695122,0.006590909
2817,0.09445122,0.055227273
2818,0.064756098,0.135454545
2819,0.055487805,0.215681818
2820,0.051402439,0.272045455
2821,0.044207317,0.291931818
2822,0.041768293,0.289886364
2823,0.037195122,0.274659091
2824,0.04054878,0.249886364
2825,0.04695122,0.217272727
2826,0.054695122,0.181136364
2827,0.061097561,0.124318182
2828,0.060792683,0.068181818
2829,0.059634146,0.018295455
2830,0.057439024,0.000681818
2831,0.061402439,0
2832,0.067073171,0
2833,0.074878049,0
2834,0.090792683,0
2835,0.114390244,0
2836,0.135182927,0
2837,0.139817073,0
2838,0.13804878,0
2839,0.137195122,0
2840,0.129573171,0.005113636
2841,0.118109756,0.048295455
2842,0.096036585,0.127272727
2843,0.103536585,0.217045455
2844,0.110853659,0.273181818
2845,0.104207317,0.307727273
2846,0.108414634,0.314318182
2847,0.119207317,0.299772727
2848,0.124573171,0.280795455
2849,0.13097561,0.247613636
2850,0.134390244,0.179318182
2851,0.137378049,0.106477273
2852,0.142439024,0.052840909
2853,0.134939024,0.013409091
2854,0.143536585,0.000681818
2855,0.168780488,0
2856,0.194146341,0
2857,0.224878049,0
2858,0.251341463,0
2859,0.256829268,0
2860,0.255365854,0
2861,0.267134146,0
2862,0.269573171,0
2863,0.283170732,0
2864,0.300914634,0.003068182
2865,0.295670732,0.029318182
2866,0.296341463,0.072045455
2867,0.336036585,0.133636364
2868,0.383902439,0.198409091
2869,0.417134146,0.251022727
2870,0.434268293,0.262954545
2871,0.444085366,0.269772727
2872,0.449329268,0.255113636
2873,0.441402439,0.229090909
2874,0.44054878,0.1825
2875,0.456158537,0.124659091
2876,0.453353659,0.058295455
2877,0.442987805,0.012727273
2878,0.420792683,0.000454545
2879,0.393780488,0
2880,0.340060976,0
2881,0.306280488,0
2882,0.281829268,0
2883,0.260121951,0
2884,0.269817073,0
2885,0.284146341,0
2886,0.295121951,0
2887,0.27847561,0
2888,0.256280488,0.007727273
2889,0.225121951,0.048295455
2890,0.21097561,0.112954545
2891,0.223536585,0.174772727
2892,0.249085366,0.28125
2893,0.23597561,0.337613636
2894,0.230731707,0.40625
2895,0.227012195,0.435795455
2896,0.215365854,0.425568182
2897,0.204390244,0.374318182
2898,0.182012195,0.291136364
2899,0.170487805,0.207727273
2900,0.160426829,0.096022727
2901,0.143658537,0.021022727
2902,0.134329268,0.000227273
2903,0.155731707,0
2904,0.136280488,0
2905,0.111646341,0
2906,0.102682927,0
2907,0.081097561,0
2908,0.067073171,0
2909,0.057865854,0
2910,0.055487805,0
2911,0.050365854,0
2912,0.04902439,0.012840909
2913,0.045365854,0.071704545
2914,0.04445122,0.165
2915,0.041646341,0.257954545
2916,0.04554878,0.346704545
2917,0.048292683,0.395909091
2918,0.048109756,0.422727273
2919,0.056158537,0.406022727
2920,0.062073171,0.375454545
2921,0.077926829,0.330454545
2922,0.091463415,0.237272727
2923,0.100182927,0.156931818
2924,0.112682927,0.083409091
2925,0.111890244,0.021704545
2926,0.127134146,0.000568182
2927,0.151402439,0
2928,0.165487805,0
2929,0.179268293,0
2930,0.195121951,0
2931,0.192560976,0
2932,0.181280488,0
2933,0.176646341,0
2934,0.183292683,0
2935,0.177378049,0
2936,0.167743902,0.009431818
2937,0.160121951,0.060795455
2938,0.141585366,0.156363636
2939,0.134573171,0.267727273
2940,0.131158537,0.337272727
2941,0.129329268,0.384545455
2942,0.135426829,0.412272727
2943,0.138536585,0.399886364
2944,0.152073171,0.402045455
2945,0.165487805,0.362954545
2946,0.176646341,0.304886364
2947,0.183170732,0.223863636
2948,0.177804878,0.113181818
2949,0.172317073,0.029090909
2950,0.180304878,0.00125
2951,0.19902439,0
2952,0.215121951,0
2953,0.218597561,0
2954,0.204390244,0
2955,0.203292683,0
2956,0.190670732,0
2957,0.173109756,0
2958,0.152743902,0
2959,0.135853659,0.000113636
2960,0.117926829,0.015340909
2961,0.094268293,0.092954545
2962,0.081646341,0.222386364
2963,0.099756098,0.348863636
2964,0.116097561,0.464318182
2965,0.13347561,0.5375
2966,0.153353659,0.567613636
2967,0.161219512,0.56125
2968,0.164390244,0.532840909
2969,0.161036585,0.471363636
2970,0.156036585,0.378295455
2971,0.153780488,0.259545455
2972,0.15097561,0.135681818
2973,0.142073171,0.035909091
2974,0.137682927,0.001136364
2975,0.12597561,0
2976,0.111402439,0
2977,0.103231707,0
2978,0.098780488,0
2979,0.09304878,0
2980,0.094939024,0
2981,0.092682927,0
2982,0.093231707,0
2983,0.095,0
2984,0.09,0.019431818
2985,0.067134146,0.102272727
2986,0.050365854,0.228068182
2987,0.045487805,0.358295455
2988,0.040731707,0.467954545
2989,0.039512195,0.540227273
2990,0.035060976,0.562613636
2991,0.033597561,0.5425
2992,0.032804878,0.499772727
2993,0.035243902,0.452159091
2994,0.042378049,0.3675
2995,0.044939024,0.249545455
2996,0.046158537,0.13
2997,0.052012195,0.034886364
2998,0.071219512,0.00125
2999,0.09097561,0
3000,0.10804878,0
3001,0.113841463,0
3002,0.117987805,0
3003,0.113536585,0
3004,0.105609756,0
3005,0.092134146,0
3006,0.084268293,0
3007,0.080365854,0.000340909
3008,0.07402439,0.020795455
3009,0.061829268,0.110227273
3010,0.048231707,0.265340909
3011,0.046646341,0.413409091
3012,0.05195122,0.52875
3013,0.048170732,0.592613636
3014,0.044573171,0.616477273
3015,0.039329268,0.601590909
3016,0.041707317,0.563068182
3017,0.048170732,0.48375
3018,0.049878049,0.379886364
3019,0.052195122,0.262159091
3020,0.045731707,0.126590909
3021,0.039268293,0.029772727
3022,0.042804878,0.000681818
3023,0.045182927,0
3024,0.041402439,0
3025,0.041646341,0
3026,0.045670732,0
3027,0.046036585,0
3028,0.043353659,0
3029,0.036097561,0
3030,0.032865854,0
3031,0.034329268,0.000113636
3032,0.031097561,0.015340909
3033,0.034817073,0.072840909
3034,0.030792683,0.149886364
3035,0.022743902,0.249204545
3036,0.023536585,0.347272727
3037,0.022073171,0.432272727
3038,0.03,0.461363636
3039,0.039329268,0.460227273
3040,0.050670732,0.420909091
3041,0.05847561,0.368409091
3042,0.066463415,0.306590909
3043,0.07152439,0.203636364
3044,0.067743902,0.106022727
3045,0.069085366,0.031931818
3046,0.059512195,0.001022727
3047,0.071463415,0
3048,0.098170732,0
3049,0.132073171,0
3050,0.145731707,0
3051,0.15695122,0
3052,0.168658537,0
3053,0.191829268,0
3054,0.201585366,0
3055,0.205792683,0.000340909
3056,0.206158537,0.022159091
3057,0.182073171,0.097954545
3058,0.145,0.211477273
3059,0.124146341,0.330568182
3060,0.13597561,0.422272727
3061,0.157865854,0.450681818
3062,0.180670732,0.447954545
3063,0.205792683,0.426136364
3064,0.219268293,0.369772727
3065,0.23902439,0.297272727
3066,0.237195122,0.227613636
3067,0.222804878,0.142159091
3068,0.234634146,0.075909091
3069,0.21847561,0.02375
3070,0.207926829,0.001363636
3071,0.206585366,0
3072,0.225243902,0
3073,0.250670732,0
3074,0.240365854,0
3075,0.211463415,0
3076,0.169573171,0
3077,0.138780488,0
3078,0.11695122,0
3079,0.097743902,0.000113636
3080,0.09054878,0.0175
3081,0.074085366,0.086818182
3082,0.076768293,0.190909091
3083,0.102195122,0.285340909
3084,0.149146341,0.349659091
3085,0.192195122,0.368409091
3086,0.235609756,0.379772727
3087,0.267926829,0.368409091
3088,0.280731707,0.314545455
3089,0.279390244,0.263068182
3090,0.288902439,0.18875
3091,0.27554878,0.129886364
3092,0.254878049,0.07
3093,0.231280488,0.021818182
3094,0.201829268,0.002045455
3095,0.212560976,0
3096,0.254573171,0
3097,0.320060976,0
3098,0.359390244,0
3099,0.37847561,0
3100,0.390365854,0
3101,0.395365854,0
3102,0.386158537,0
3103,0.366097561,0.000113636
3104,0.34402439,0.017386364
3105,0.319817073,0.088522727
3106,0.318170732,0.201022727
3107,0.328719512,0.318522727
3108,0.342073171,0.382159091
3109,0.334390244,0.422386364
3110,0.333658537,0.438181818
3111,0.339634146,0.460568182
3112,0.338536585,0.435568182
3113,0.326890244,0.401477273
3114,0.305365854,0.342613636
3115,0.284146341,0.230340909
3116,0.251707317,0.120340909
3117,0.211341463,0.0325
3118,0.166158537,0.001363636
3119,0.154390244,0
3120,0.153902439,0
3121,0.161707317,0
3122,0.160609756,0
3123,0.161585366,0
3124,0.167743902,0
3125,0.179817073,0
3126,0.197134146,0
3127,0.198658537,0
3128,0.212865854,0.019204545
3129,0.220487805,0.097613636
3130,0.253353659,0.218181818
3131,0.316768293,0.326704545
3132,0.360121951,0.396818182
3133,0.394573171,0.444886364
3134,0.442439024,0.488409091
3135,0.49,0.495795455
3136,0.507804878,0.469545455
3137,0.514939024,0.423522727
3138,0.524817073,0.339318182
3139,0.500670732,0.232045455
3140,0.464573171,0.118181818
3141,0.420487805,0.033409091
3142,0.399634146,0.00125
3143,0.400121951,0
3144,0.409085366,0
3145,0.407560976,0
3146,0.407439024,0
3147,0.401768293,0
3148,0.395060976,0
3149,0.376097561,0
3150,0.345853659,0
3151,0.323780488,0.000113636
3152,0.3125,0.019772727
3153,0.29,0.096477273
3154,0.334085366,0.210113636
3155,0.344207317,0.329772727
3156,0.333353659,0.406477273
3157,0.350670732,0.43875
3158,0.362865854,0.461590909
3159,0.37902439,0.454431818
3160,0.389085366,0.434090909
3161,0.38804878,0.38875
3162,0.38445122,0.3125
3163,0.371402439,0.207045455
3164,0.33347561,0.108295455
3165,0.27695122,0.030454545
3166,0.25652439,0.00125
3167,0.28347561,0
3168,0.328536585,0
3169,0.360426829,0
3170,0.366402439,0
3171,0.378841463,0
3172,0.376890244,0
3173,0.368170732,0
3174,0.365243902,0
3175,0.36152439,0.000113636
3176,0.355304878,0.017613636
3177,0.338780488,0.090795455
3178,0.34097561,0.204545455
3179,0.363414634,0.302613636
3180,0.355731707,0.362386364
3181,0.370060976,0.409090909
3182,0.375487805,0.450909091
3183,0.376280488,0.468295455
3184,0.378780488,0.472727273
3185,0.390792683,0.424431818
3186,0.398414634,0.347613636
3187,0.385060976,0.246818182
3188,0.362804878,0.130227273
3189,0.328963415,0.036136364
3190,0.298780488,0.001931818
3191,0.298414634,0
3192,0.289756098,0
3193,0.28054878,0
3194,0.268902439,0
3195,0.231890244,0
3196,0.207134146,0
3197,0.186402439,0
3198,0.15902439,0
3199,0.132560976,0.000227273
3200,0.113963415,0.020681818
3201,0.102256098,0.098068182
3202,0.11097561,0.209772727
3203,0.134573171,0.325227273
3204,0.154146341,0.419204545
3205,0.179207317,0.473068182
3206,0.210060976,0.515340909
3207,0.239878049,0.525113636
3208,0.263719512,0.487954545
3209,0.297317073,0.435227273
3210,0.300426829,0.325795455
3211,0.295060976,0.210454545
3212,0.28097561,0.102954545
3213,0.27152439,0.026931818
3214,0.279695122,0.00125
3215,0.29695122,0
3216,0.320853659,0
3217,0.338414634,0
3218,0.36554878,0
3219,0.360060976,0
3220,0.331158537,0
3221,0.317682927,0
3222,0.282804878,0
3223,0.251768293,0.000227273
3224,0.222378049,0.012045455
3225,0.199512195,0.049772727
3226,0.189695122,0.109659091
3227,0.214817073,0.171022727
3228,0.220853659,0.225568182
3229,0.229390244,0.277159091
3230,0.236768293,0.306931818
3231,0.229268293,0.303068182
3232,0.211341463,0.283295455
3233,0.185670732,0.250454545
3234,0.150182927,0.195795455
3235,0.112926829,0.135113636
3236,0.090243902,0.074090909
3237,0.092621951,0.027159091
3238,0.090609756,0.003068182
3239,0.086768293,0
3240,0.08,0
3241,0.081768293,0
3242,0.077987805,0
3243,0.07804878,0
3244,0.078780488,0
3245,0.081158537,0
3246,0.08195122,0
3247,0.078780488,0.000113636
3248,0.08,0.011931818
3249,0.079329268,0.065795455
3250,0.072073171,0.145795455
3251,0.062865854,0.226363636
3252,0.060243902,0.264545455
3253,0.056341463,0.306931818
3254,0.052621951,0.330454545
3255,0.052134146,0.369545455
3256,0.046707317,0.332613636
3257,0.044756098,0.300795455
3258,0.045487805,0.228977273
3259,0.042378049,0.169886364
3260,0.041341463,0.099545455
3261,0.050060976,0.035113636
3262,0.046890244,0.003295455
3263,0.043780488,0
3264,0.04652439,0
3265,0.038597561,0
3266,0.031829268,0
3267,0.0275,0
3268,0.020731707,0
3269,0.020609756,0
3270,0.027560976,0
3271,0.035792683,0.000113636
3272,0.037256098,0.023522727
3273,0.035792683,0.107045455
3274,0.036829268,0.235795455
3275,0.045182927,0.337954545
3276,0.051463415,0.400113636
3277,0.057560976,0.433977273
3278,0.062256098,0.436931818
3279,0.071402439,0.432386364
3280,0.081646341,0.403409091
3281,0.093109756,0.361818182
3282,0.118170732,0.284318182
3283,0.131585366,0.200568182
3284,0.12804878,0.115
3285,0.131585366,0.035681818
3286,0.134756098,0.002840909
3287,0.144512195,0
3288,0.157378049,0
3289,0.17195122,0
3290,0.180609756,0
3291,0.188963415,0
3292,0.182621951,0
3293,0.182195122,0
3294,0.18445122,0
3295,0.197926829,0.000568182
3296,0.19695122,0.02125
3297,0.180914634,0.075795455
3298,0.193719512,0.148863636
3299,0.21,0.218181818
3300,0.230182927,0.272045455
3301,0.242134146,0.29375
3302,0.268658537,0.298295455
3303,0.255,0.284318182
3304,0.249512195,0.259431818
3305,0.274573171,0.229659091
3306,0.27402439,0.176704545
3307,0.263292683,0.117954545
3308,0.251463415,0.06375
3309,0.247926829,0.022272727
3310,0.277256098,0.00125
3311,0.284817073,0
3312,0.261890244,0
3313,0.242439024,0
3314,0.224146341,0
3315,0.212865854,0
3316,0.195853659,0
3317,0.186585366,0
3318,0.193353659,0
3319,0.168841463,0.000113636
3320,0.152439024,0.015909091
3321,0.1325,0.066022727
3322,0.127804878,0.139204545
3323,0.129756098,0.215909091
3324,0.127926829,0.272159091
3325,0.125121951,0.320909091
3326,0.126768293,0.338863636
3327,0.128597561,0.344545455
3328,0.129878049,0.331818182
3329,0.130243902,0.310340909
3330,0.125731707,0.246818182
3331,0.11097561,0.18875
3332,0.10097561,0.099545455
3333,0.095609756,0.032386364
3334,0.0925,0.001931818
3335,0.09597561,0
3336,0.103536585,0
3337,0.116036585,0
3338,0.129268293,0
3339,0.147804878,0
3340,0.150365854,0
3341,0.154939024,0
3342,0.165487805,0
3343,0.171036585,0.000454545
3344,0.175914634,0.019886364
3345,0.178231707,0.089204545
3346,0.173597561,0.1825
3347,0.176036585,0.268863636
3348,0.189878049,0.317613636
3349,0.1925,0.359204545
3350,0.203658537,0.377045455
3351,0.210365854,0.373863636
3352,0.209695122,0.34125
3353,0.230121951,0.302272727
3354,0.227926829,0.240681818
3355,0.221219512,0.165340909
3356,0.220365854,0.086363636
3357,0.221280488,0.025681818
3358,0.216585366,0.001022727
3359,0.201402439,0
3360,0.189756098,0
3361,0.182987805,0
3362,0.176829268,0
3363,0.175609756,0
3364,0.178414634,0
3365,0.186829268,0
3366,0.194085366,0
3367,0.191158537,0.000227273
3368,0.178597561,0.016590909
3369,0.166646341,0.068068182
3370,0.15902439,0.129204545
3371,0.158414634,0.198181818
3372,0.149390244,0.237159091
3373,0.159878049,0.251363636
3374,0.174634146,0.256477273
3375,0.183231707,0.253977273
3376,0.201280488,0.249090909
3377,0.21,0.226022727
3378,0.223780488,0.189318182
3379,0.238109756,0.119772727
3380,0.232560976,0.057840909
3381,0.237926829,0.015568182
3382,0.243841463,0.000340909
3383,0.242560976,0
3384,0.214573171,0
3385,0.228231707,0
3386,0.228109756,0
3387,0.230182927,0
3388,0.249146341,0
3389,0.25445122,0
3390,0.250365854,0
3391,0.250243902,0.000227273
3392,0.250182927,0.017954545
3393,0.228963415,0.074431818
3394,0.2325,0.155454545
3395,0.22902439,0.236022727
3396,0.217743902,0.312840909
3397,0.216280488,0.369204545
3398,0.214512195,0.408068182
3399,0.212560976,0.409318182
3400,0.219085366,0.392727273
3401,0.226280488,0.353068182
3402,0.213719512,0.288295455
3403,0.204878049,0.208409091
3404,0.192012195,0.113409091
3405,0.183353659,0.039090909
3406,0.16902439,0.004090909
3407,0.167865854,0
3408,0.170060976,0
3409,0.167560976,0
3410,0.172073171,0
3411,0.18347561,0
3412,0.209268293,0
3413,0.221280488,0
3414,0.227926829,0
3415,0.247682927,0.000909091
3416,0.273841463,0.027045455
3417,0.290243902,0.099886364
3418,0.371890244,0.199545455
3419,0.436341463,0.284886364
3420,0.449390244,0.344545455
3421,0.431890244,0.379772727
3422,0.436280488,0.416590909
3423,0.445426829,0.407159091
3424,0.450731707,0.398863636
3425,0.423658537,0.383409091
3426,0.409085366,0.313295455
3427,0.37304878,0.223181818
3428,0.347073171,0.120113636
3429,0.289207317,0.042159091
3430,0.23804878,0.004772727
3431,0.186707317,0
3432,0.167804878,0
3433,0.168719512,0
3434,0.160182927,0
3435,0.150060976,0
3436,0.148109756,0
3437,0.142682927,0
3438,0.141646341,0
3439,0.144329268,0.000795455
3440,0.136280488,0.029659091
3441,0.124207317,0.111363636
3442,0.135487805,0.232045455
3443,0.167987805,0.321136364
3444,0.197682927,0.363977273
3445,0.220426829,0.392954545
3446,0.240426829,0.419204545
3447,0.260060976,0.404886364
3448,0.269756098,0.389204545
3449,0.268963415,0.338068182
3450,0.255853659,0.277954545
3451,0.244634146,0.187727273
3452,0.230304878,0.107727273
3453,0.219390244,0.039204545
3454,0.20195122,0.003977273
3455,0.196585366,0
3456,0.199390244,0
3457,0.209817073,0
3458,0.222256098,0
3459,0.22902439,0
3460,0.227073171,0
3461,0.240243902,0
3462,0.239878049,0
3463,0.230792683,0.001136364
3464,0.207682927,0.025340909
3465,0.18945122,0.102840909
3466,0.203719512,0.208068182
3467,0.223780488,0.312386364
3468,0.229756098,0.393181818
3469,0.215060976,0.414318182
3470,0.21402439,0.461590909
3471,0.228780488,0.470681818
3472,0.245914634,0.460113636
3473,0.260670732,0.430454545
3474,0.283658537,0.376704545
3475,0.265426829,0.278977273
3476,0.265487805,0.156022727
3477,0.230853659,0.055227273
3478,0.176463415,0.006590909
3479,0.182560976,0
3480,0.216768293,0
3481,0.206646341,0
3482,0.198597561,0
3483,0.196768293,0
3484,0.181585366,0
3485,0.168170732,0
3486,0.177439024,0
3487,0.179634146,0.000909091
3488,0.168353659,0.033522727
3489,0.137987805,0.131818182
3490,0.120182927,0.280568182
3491,0.130304878,0.409318182
3492,0.143109756,0.493068182
3493,0.14054878,0.541363636
3494,0.156585366,0.564204545
3495,0.166280488,0.56375
3496,0.163231707,0.541022727
3497,0.153597561,0.491590909
3498,0.146402439,0.413977273
3499,0.136463415,0.306704545
3500,0.123536585,0.168181818
3501,0.111463415,0.054090909
3502,0.107195122,0.006818182
3503,0.112073171,0
3504,0.125914634,0
3505,0.138658537,0
3506,0.131097561,0
3507,0.122865854,0
3508,0.109146341,0
3509,0.095914634,0
3510,0.083231707,0
3511,0.075,0.001704545
3512,0.069146341,0.038181818
3513,0.052743902,0.143068182
3514,0.033902439,0.287045455
3515,0.037134146,0.424545455
3516,0.046341463,0.529090909
3517,0.058841463,0.584886364
3518,0.066402439,0.617613636
3519,0.072195122,0.599090909
3520,0.082073171,0.57125
3521,0.09054878,0.504545455
3522,0.09402439,0.399318182
3523,0.096585366,0.279545455
3524,0.090243902,0.15125
3525,0.079878049,0.050909091
3526,0.078292683,0.005454545
3527,0.099268293,0
3528,0.123231707,0
3529,0.148536585,0
3530,0.168902439,0
3531,0.176707317,0
3532,0.198231707,0
3533,0.217378049,0
3534,0.227256098,0
3535,0.23847561,0.001818182
3536,0.233719512,0.020227273
3537,0.215670732,0.068409091
3538,0.192560976,0.13625
3539,0.182073171,0.200227273
3540,0.198658537,0.248068182
3541,0.23652439,0.285
3542,0.263414634,0.296590909
3543,0.293719512,0.305227273
3544,0.289329268,0.288636364
3545,0.274817073,0.271363636
3546,0.242865854,0.227727273
3547,0.244085366,0.174659091
3548,0.217804878,0.106704545
3549,0.202987805,0.04125
3550,0.179207317,0.00625
3551,0.181890244,0
3552,0.190731707,0
3553,0.196585366,0
3554,0.189146341,0
3555,0.175426829,0
3556,0.172012195,0
3557,0.167804878,0
3558,0.148597561,0
3559,0.134085366,0.001022727
3560,0.117743902,0.030681818
3561,0.104695122,0.10625
3562,0.09402439,0.199772727
3563,0.090304878,0.288409091
3564,0.103109756,0.349659091
3565,0.118292683,0.398068182
3566,0.118597561,0.404772727
3567,0.13152439,0.396590909
3568,0.141768293,0.391363636
3569,0.14152439,0.330909091
3570,0.148231707,0.281590909
3571,0.150792683,0.18625
3572,0.14652439,0.117954545
3573,0.136829268,0.045
3574,0.137073171,0.005909091
3575,0.146402439,0
3576,0.15695122,0
3577,0.14097561,0
3578,0.133902439,0
3579,0.126463415,0
3580,0.12402439,0
3581,0.134695122,0
3582,0.137073171,0
3583,0.136463415,0.001022727
3584,0.13554878,0.0225
3585,0.131463415,0.083181818
3586,0.129512195,0.160227273
3587,0.12,0.233863636
3588,0.129634146,0.28625
3589,0.142195122,0.314545455
3590,0.154573171,0.32
3591,0.172012195,0.326363636
3592,0.176768293,0.303181818
3593,0.195121951,0.265795455
3594,0.193658537,0.227272727
3595,0.179146341,0.159204545
3596,0.162439024,0.089772727
3597,0.144878049,0.0325
3598,0.143963415,0.003863636
3599,0.146707317,0
3600,0.14445122,0
3601,0.153292683,0
3602,0.150060976,0
3603,0.16195122,0
3604,0.168414634,0
3605,0.170792683,0
3606,0.17902439,0
3607,0.192317073,0.000568182
3608,0.209085366,0.021022727
3609,0.24,0.08125
3610,0.267987805,0.159772727
3611,0.303292683,0.23875
3612,0.345792683,0.301931818
3613,0.372256098,0.347272727
3614,0.385609756,0.364431818
3615,0.414695122,0.358977273
3616,0.426829268,0.347045455
3617,0.438170732,0.306931818
3618,0.444695122,0.257727273
3619,0.429268293,0.191136364
3620,0.426036585,0.10875
3621,0.404695122,0.043068182
3622,0.390853659,0.0075
3623,0.395,0
3624,0.40445122,0
3625,0.408414634,0
3626,0.39445122,0
3627,0.383597561,0
3628,0.373902439,0
3629,0.354085366,0
3630,0.334207317,0
3631,0.315487805,0.000909091
3632,0.291280488,0.025340909
3633,0.262256098,0.088977273
3634,0.244756098,0.176363636
3635,0.245670732,0.278863636
3636,0.254390244,0.363181818
3637,0.263902439,0.427272727
3638,0.290060976,0.455909091
3639,0.325243902,0.477272727
3640,0.360487805,0.455227273
3641,0.381829268,0.410568182
3642,0.395792683,0.334659091
3643,0.416280488,0.248522727
3644,0.419085366,0.147613636
3645,0.401646341,0.053522727
3646,0.371829268,0.0075
3647,0.359573171,0
3648,0.352378049,0
3649,0.331707317,0
3650,0.31,0
3651,0.283292683,0
3652,0.266158537,0
3653,0.241646341,0
3654,0.228231707,0
3655,0.218963415,0.001818182
3656,0.200487805,0.032045455
3657,0.17195122,0.116590909
3658,0.172987805,0.236022727
3659,0.20445122,0.353295455
3660,0.238353659,0.451136364
3661,0.252987805,0.51125
3662,0.265914634,0.530568182
3663,0.286829268,0.536590909
3664,0.315243902,0.52
3665,0.334512195,0.478295455
3666,0.342378049,0.394318182
3667,0.345365854,0.285568182
3668,0.34554878,0.161136364
3669,0.332682927,0.060681818
3670,0.308170732,0.00875
3671,0.323902439,0
3672,0.352804878,0
3673,0.37097561,0
3674,0.380121951,0
3675,0.366158537,0
3676,0.348109756,0
3677,0.333719512,0
3678,0.315487805,0
3679,0.295121951,0.002159091
3680,0.26847561,0.038181818
3681,0.235853659,0.139545455
3682,0.237256098,0.287954545
3683,0.255609756,0.42875
3684,0.281646341,0.543409091
3685,0.302073171,0.597840909
3686,0.31152439,0.622045455
3687,0.315426829,0.628522727
3688,0.332012195,0.595113636
3689,0.363902439,0.538636364
3690,0.39195122,0.458636364
3691,0.406341463,0.3325
3692,0.410060976,0.187613636
3693,0.386158537,0.066704545
3694,0.333170732,0.009659091
3695,0.325609756,0
3696,0.340304878,0
3697,0.338414634,0
3698,0.335487805,0
3699,0.328231707,0
3700,0.314817073,0
3701,0.295609756,0
3702,0.281829268,0
3703,0.265731707,0.002954545
3704,0.226707317,0.039545455
3705,0.175426829,0.137159091
3706,0.159207317,0.280340909
3707,0.147317073,0.421022727
3708,0.142865854,0.53
3709,0.1575,0.598409091
3710,0.181158537,0.619545455
3711,0.188658537,0.615795455
3712,0.194207317,0.58625
3713,0.194329268,0.532386364
3714,0.193292683,0.430909091
3715,0.188170732,0.315681818
3716,0.185914634,0.179204545
3717,0.174939024,0.062272727
3718,0.174390244,0.00875
3719,0.202804878,0
3720,0.221707317,0
3721,0.21554878,0
3722,0.201646341,0
3723,0.187439024,0
3724,0.17652439,0
3725,0.172012195,0
3726,0.173292683,0
3727,0.165060976,0.002613636
3728,0.141768293,0.039886364
3729,0.085304878,0.145113636
3730,0.049390244,0.297386364
3731,0.040914634,0.439204545
3732,0.047439024,0.547840909
3733,0.056707317,0.611477273
3734,0.065060976,0.633522727
3735,0.064878049,0.619659091
3736,0.06347561,0.585454545
3737,0.06195122,0.526363636
3738,0.064329268,0.425454545
3739,0.069695122,0.310340909
3740,0.07847561,0.177613636
3741,0.085487805,0.063295455
3742,0.1125,0.009886364
3743,0.160487805,0
3744,0.200853659,0
3745,0.218841463,0
3746,0.22695122,0
3747,0.221768293,0
3748,0.205487805,0
3749,0.191646341,0
3750,0.180365854,0
3751,0.18152439,0.002840909
3752,0.168414634,0.039431818
3753,0.117743902,0.143409091
3754,0.070670732,0.290227273
3755,0.052256098,0.426931818
3756,0.051890244,0.532159091
3757,0.062621951,0.610454545
3758,0.076463415,0.642840909
3759,0.086585366,0.639090909
3760,0.087378049,0.600795455
3761,0.097012195,0.524545455
3762,0.113902439,0.412613636
3763,0.114939024,0.281931818
3764,0.112804878,0.148068182
3765,0.124207317,0.053409091
3766,0.147134146,0.007954545
3767,0.186890244,0
3768,0.213414634,0
3769,0.222987805,0
3770,0.223658537,0
3771,0.215914634,0
3772,0.18804878,0
3773,0.163170732,0
3774,0.1525,0
3775,0.149512195,0.002954545
3776,0.142804878,0.040340909
3777,0.104512195,0.141704545
3778,0.058414634,0.282272727
3779,0.043841463,0.413068182
3780,0.049146341,0.510340909
3781,0.074268293,0.589545455
3782,0.088963415,0.619090909
3783,0.089329268,0.603522727
3784,0.094085366,0.562613636
3785,0.113353659,0.481704545
3786,0.141646341,0.372159091
3787,0.160365854,0.259772727
3788,0.180060976,0.140227273
3789,0.18597561,0.050795455
3790,0.2025,0.0075
3791,0.253902439,0
3792,0.288963415,0
3793,0.315731707,0
3794,0.3275,0
3795,0.32,0
3796,0.29445122,0
3797,0.283597561,0
3798,0.281280488,0
3799,0.281280488,0.003181818
3800,0.284146341,0.035681818
3801,0.269756098,0.105454545
3802,0.237256098,0.1825
3803,0.228963415,0.250681818
3804,0.24554878,0.277386364
3805,0.262987805,0.287159091
3806,0.275121951,0.284090909
3807,0.276829268,0.28625
3808,0.285365854,0.280681818
3809,0.292621951,0.237272727
3810,0.292560976,0.192613636
3811,0.291768293,0.147727273
3812,0.282439024,0.085909091
3813,0.245670732,0.035113636
3814,0.251219512,0.005909091
3815,0.259146341,0.000113636
3816,0.276158537,0
3817,0.278902439,0
3818,0.26195122,0
3819,0.246585366,0
3820,0.24597561,0
3821,0.225853659,0
3822,0.187378049,0
3823,0.178414634,0.001136364
3824,0.164146341,0.023636364
3825,0.158719512,0.075
3826,0.147256098,0.140454545
3827,0.141829268,0.203068182
3828,0.142378049,0.2475
3829,0.13804878,0.281136364
3830,0.133292683,0.304886364
3831,0.122195122,0.310340909
3832,0.125853659,0.288181818
3833,0.120365854,0.275568182
3834,0.123597561,0.240909091
3835,0.132439024,0.178863636
3836,0.142621951,0.103409091
3837,0.134390244,0.041931818
3838,0.129146341,0.005909091
3839,0.121768293,0
3840,0.112317073,0
3841,0.106341463,0
3842,0.106097561,0
3843,0.092621951,0
3844,0.085487805,0
3845,0.081402439,0
3846,0.079634146,0
3847,0.073353659,0.001022727
3848,0.066768293,0.0225
3849,0.057743902,0.075113636
3850,0.053841463,0.150227273
3851,0.056707317,0.221022727
3852,0.063902439,0.281818182
3853,0.064146341,0.327613636
3854,0.066890244,0.350454545
3855,0.072317073,0.379204545
3856,0.078658537,0.37625
3857,0.090243902,0.352272727
3858,0.092865854,0.307840909
3859,0.092073171,0.241704545
3860,0.090487805,0.14375
3861,0.08902439,0.057159091
3862,0.080426829,0.009431818
3863,0.079207317,0
3864,0.078841463,0
3865,0.067073171,0
3866,0.06597561,0
3867,0.069268293,0
3868,0.076707317,0
3869,0.09054878,0
3870,0.090853659,0
3871,0.095182927,0.002840909
3872,0.103353659,0.034204545
3873,0.09195122,0.107045455
3874,0.077439024,0.209204545
3875,0.083963415,0.303863636
3876,0.096463415,0.387727273
3877,0.10847561,0.444318182
3878,0.117256098,0.475681818
3879,0.122621951,0.458409091
3880,0.126280488,0.427272727
3881,0.136097561,0.391818182
3882,0.143719512,0.324772727
3883,0.148902439,0.241136364
3884,0.152560976,0.135909091
3885,0.145609756,0.051022727
3886,0.140182927,0.007954545
3887,0.142865854,0
3888,0.164878049,0
3889,0.18445122,0
3890,0.200609756,0
3891,0.205853659,0
3892,0.21054878,0
3893,0.211829268,0
3894,0.205853659,0
3895,0.205609756,0.002045455
3896,0.196890244,0.032954545
3897,0.19,0.114886364
3898,0.200853659,0.227386364
3899,0.222012195,0.334318182
3900,0.240365854,0.429090909
3901,0.254329268,0.4975
3902,0.264817073,0.5225
3903,0.272256098,0.515340909
3904,0.276585366,0.491590909
3905,0.268231707,0.450113636
3906,0.263231707,0.382840909
3907,0.249207317,0.281818182
3908,0.239390244,0.165568182
3909,0.236219512,0.056136364
3910,0.2225,0.008181818
3911,0.224329268,0
3912,0.256280488,0
3913,0.259817073,0
3914,0.258536585,0
3915,0.258963415,0
3916,0.249207317,0
3917,0.245487805,0
3918,0.243353659,0
3919,0.223170732,0.002386364
3920,0.200426829,0.031818182
3921,0.179634146,0.109090909
3922,0.177439024,0.207840909
3923,0.181585366,0.284772727
3924,0.196219512,0.334772727
3925,0.230731707,0.356363636
3926,0.276585366,0.362840909
3927,0.283231707,0.354431818
3928,0.305121951,0.332954545
3929,0.373231707,0.302727273
3930,0.395426829,0.247613636
3931,0.382560976,0.185340909
3932,0.354817073,0.110681818
3933,0.314878049,0.044886364
3934,0.280731707,0.008977273
3935,0.255365854,0
3936,0.234878049,0
3937,0.217926829,0
3938,0.198658537,0
3939,0.165365854,0
3940,0.128780488,0
3941,0.093536585,0
3942,0.062012195,0
3943,0.045060976,0.003068182
3944,0.039268293,0.036931818
3945,0.031707317,0.115909091
3946,0.025731707,0.226704545
3947,0.027865854,0.344431818
3948,0.032134146,0.449204545
3949,0.034878049,0.520340909
3950,0.036707317,0.556477273
3951,0.044146341,0.572727273
3952,0.05445122,0.560340909
3953,0.062134146,0.512045455
3954,0.07554878,0.425227273
3955,0.084146341,0.312386364
3956,0.086768293,0.182727273
3957,0.083719512,0.066363636
3958,0.088231707,0.011818182
3959,0.108170732,0
3960,0.139207317,0
3961,0.166402439,0
3962,0.188719512,0
3963,0.218780488,0
3964,0.242317073,0
3965,0.262621951,0
3966,0.274329268,0
3967,0.275182927,0.002954545
3968,0.273597561,0.037045455
3969,0.260182927,0.11375
3970,0.285304878,0.224204545
3971,0.362560976,0.321590909
3972,0.404573171,0.4025
3973,0.394817073,0.461136364
3974,0.41152439,0.492613636
3975,0.409329268,0.508409091
3976,0.388170732,0.492159091
3977,0.357378049,0.442272727
3978,0.325853659,0.374431818
3979,0.303719512,0.280113636
3980,0.2725,0.168181818
3981,0.231585366,0.067613636
3982,0.181280488,0.012045455
3983,0.155182927,0
3984,0.132560976,0
3985,0.120121951,0
3986,0.104085366,0
3987,0.083292683,0
3988,0.063902439,0
3989,0.055060976,0
3990,0.057073171,0
3991,0.060121951,0.002727273
3992,0.059939024,0.03875
3993,0.053109756,0.137954545
3994,0.051707317,0.280113636
3995,0.061646341,0.41625
3996,0.076402439,0.514886364
3997,0.085304878,0.576704545
3998,0.087134146,0.608068182
3999,0.089207317,0.6
4000,0.090853659,0.575568182
4001,0.094634146,0.511590909
4002,0.093292683,0.426818182
4003,0.096280488,0.311136364
4004,0.102743902,0.173977273
4005,0.121585366,0.062272727
4006,0.156341463,0.010340909
4007,0.201219512,0
4008,0.237195122,0
4009,0.253231707,0
4010,0.265243902,0
4011,0.284512195,0
4012,0.306646341,0
4013,0.298658537,0
4014,0.283902439,0
4015,0.278292683,0.002840909
4016,0.26597561,0.033977273
4017,0.237865854,0.111704545
4018,0.234573171,0.223863636
4019,0.24347561,0.333068182
4020,0.249634146,0.414318182
4021,0.240792683,0.4725
4022,0.235914634,0.496363636
4023,0.223109756,0.478863636
4024,0.224573171,0.445227273
4025,0.216463415,0.388181818
4026,0.194085366,0.294318182
4027,0.173414634,0.200681818
4028,0.166402439,0.104545455
4029,0.207256098,0.037613636
4030,0.207317073,0.005681818
4031,0.200731707,0
4032,0.212439024,0
4033,0.189512195,0
4034,0.160853659,0
4035,0.148292683,0
4036,0.119756098,0
4037,0.114573171,0
4038,0.104756098,0
4039,0.107317073,0.003181818
4040,0.100182927,0.029659091
4041,0.075853659,0.085
4042,0.064634146,0.157840909
4043,0.061646341,0.237840909
4044,0.070487805,0.303295455
4045,0.073292683,0.358409091
4046,0.073841463,0.372840909
4047,0.075243902,0.381022727
4048,0.076219512,0.357840909
4049,0.079817073,0.3275
4050,0.074939024,0.268863636
4051,0.081158537,0.191931818
4052,0.082560976,0.109204545
4053,0.084146341,0.042272727
4054,0.096768293,0.006931818
4055,0.137073171,0
4056,0.170304878,0
4057,0.178536585,0
4058,0.171463415,0
4059,0.167439024,0
4060,0.177987805,0
4061,0.182195122,0
4062,0.184756098,0
4063,0.185426829,0.002727273
4064,0.173658537,0.026136364
4065,0.163414634,0.076022727
4066,0.158963415,0.135909091
4067,0.160487805,0.196477273
4068,0.142256098,0.256704545
4069,0.125609756,0.304090909
4070,0.125121951,0.342840909
4071,0.123353659,0.35375
4072,0.116158537,0.353636364
4073,0.121219512,0.308636364
4074,0.133902439,0.262045455
4075,0.14804878,0.188068182
4076,0.139817073,0.106477273
4077,0.157560976,0.044545455
4078,0.163963415,0.008522727
4079,0.162134146,0
4080,0.162256098,0
4081,0.158170732,0
4082,0.126097561,0
4083,0.106585366,0
4084,0.083719512,0
4085,0.08597561,0
4086,0.08652439,0
4087,0.099329268,0.001136364
4088,0.081463415,0.024318182
4089,0.072743902,0.078068182
4090,0.071768293,0.145909091
4091,0.069573171,0.215340909
4092,0.071646341,0.283863636
4093,0.06,0.341477273
4094,0.05695122,0.387954545
4095,0.060487805,0.377840909
4096,0.068597561,0.357954545
4097,0.077804878,0.326136364
4098,0.105,0.284659091
4099,0.122012195,0.194318182
4100,0.141463415,0.106363636
4101,0.162378049,0.038636364
4102,0.176097561,0.005909091
4103,0.178658537,0
4104,0.189939024,0
4105,0.20347561,0
4106,0.204939024,0
4107,0.202743902,0
4108,0.186890244,0
4109,0.181829268,0
4110,0.183353659,0
4111,0.168414634,0.001704545
4112,0.160487805,0.02875
4113,0.183536585,0.099204545
4114,0.213414634,0.189204545
4115,0.239817073,0.2825
4116,0.24402439,0.338181818
4117,0.256158537,0.379318182
4118,0.254512195,0.382272727
4119,0.244329268,0.379772727
4120,0.238536585,0.352954545
4121,0.235121951,0.332954545
4122,0.219939024,0.268863636
4123,0.201219512,0.193863636
4124,0.17804878,0.126022727
4125,0.158170732,0.053977273
4126,0.152682927,0.010227273
4127,0.161707317,0
4128,0.186036585,0
4129,0.194756098,0
4130,0.201829268,0
4131,0.223902439,0
4132,0.230853659,0
4133,0.234634146,0
4134,0.24152439,0
4135,0.246341463,0.001818182
4136,0.271280488,0.029318182
4137,0.32902439,0.101704545
4138,0.390609756,0.200227273
4139,0.448658537,0.3
4140,0.491219512,0.361818182
4141,0.515853659,0.416931818
4142,0.53304878,0.454431818
4143,0.553719512,0.477840909
4144,0.543841463,0.480795455
4145,0.547987805,0.425568182
4146,0.540670732,0.357613636
4147,0.511646341,0.250795455
4148,0.484207317,0.139318182
4149,0.461219512,0.047840909
4150,0.431646341,0.007045455
4151,0.414512195,0
4152,0.42597561,0
4153,0.46597561,0
4154,0.453902439,0
4155,0.477195122,0
4156,0.486829268,0
4157,0.510792683,0
4158,0.518780488,0
4159,0.518780488,0.001136364
4160,0.51652439,0.025909091
4161,0.521341463,0.094886364
4162,0.547865854,0.185113636
4163,0.575121951,0.275227273
4164,0.579146341,0.347272727
4165,0.582804878,0.410340909
4166,0.576158537,0.441363636
4167,0.576219512,0.461136364
4168,0.565,0.45875
4169,0.572987805,0.42375
4170,0.561890244,0.356477273
4171,0.538597561,0.257840909
4172,0.517256098,0.151704545
4173,0.49152439,0.061931818
4174,0.422865854,0.011818182
4175,0.39445122,0
4176,0.370792683,0
4177,0.349756098,0
4178,0.337439024,0
4179,0.308780488,0
4180,0.293841463,0
4181,0.271585366,0
4182,0.258353659,0
4183,0.246097561,0.001136364
4184,0.234939024,0.027954545
4185,0.223780488,0.100909091
4186,0.215914634,0.207386364
4187,0.218109756,0.298863636
4188,0.214756098,0.371022727
4189,0.216829268,0.39875
4190,0.219573171,0.43875
4191,0.232682927,0.46125
4192,0.23304878,0.440568182
4193,0.235243902,0.405
4194,0.226646341,0.347272727
4195,0.199756098,0.252386364
4196,0.177378049,0.152954545
4197,0.15597561,0.063181818
4198,0.13902439,0.011931818
4199,0.128963415,0.000113636
4200,0.122682927,0
4201,0.1175,0
4202,0.111219512,0
4203,0.110304878,0
4204,0.10902439,0
4205,0.106463415,0
4206,0.108658537,0
4207,0.107134146,0.001818182
4208,0.09804878,0.037954545
4209,0.085060976,0.13
4210,0.081097561,0.266477273
4211,0.08652439,0.384545455
4212,0.092865854,0.46375
4213,0.100426829,0.494090909
4214,0.111402439,0.497840909
4215,0.121280488,0.510454545
4216,0.133780488,0.485
4217,0.138231707,0.436818182
4218,0.153414634,0.355340909
4219,0.160487805,0.262272727
4220,0.144146341,0.159090909
4221,0.132195122,0.067159091
4222,0.126280488,0.013181818
4223,0.131219512,0
4224,0.142256098,0
4225,0.154634146,0
4226,0.156707317,0
4227,0.16195122,0
4228,0.150853659,0
4229,0.138780488,0
4230,0.137926829,0
4231,0.137621951,0.002840909
4232,0.122134146,0.041136364
4233,0.092804878,0.140227273
4234,0.075670732,0.288636364
4235,0.078719512,0.432045455
4236,0.085609756,0.517045455
4237,0.091158537,0.581136364
4238,0.086829268,0.599886364
4239,0.084390244,0.589545455
4240,0.085365854,0.563295455
4241,0.092378049,0.498636364
4242,0.103292683,0.408977273
4243,0.105914634,0.306363636
4244,0.106768293,0.181818182
4245,0.100792683,0.072840909
4246,0.09347561,0.014204545
4247,0.105304878,0.000113636
4248,0.116158537,0
4249,0.12902439,0
4250,0.137195122,0
4251,0.132987805,0
4252,0.11304878,0
4253,0.114817073,0
4254,0.129329268,0
4255,0.118780488,0.001590909
4256,0.093780488,0.034886364
4257,0.085,0.110795455
4258,0.08597561,0.216931818
4259,0.088292683,0.319318182
4260,0.096158537,0.408295455
4261,0.101219512,0.485
4262,0.114329268,0.536363636
4263,0.123902439,0.54375
4264,0.140304878,0.524090909
4265,0.161219512,0.484886364
4266,0.164146341,0.405113636
4267,0.167317073,0.301363636
4268,0.157926829,0.178409091
4269,0.145914634,0.068409091
4270,0.130121951,0.012045455
4271,0.130487805,0
4272,0.136158537,0
4273,0.118536585,0
4274,0.097682927,0
4275,0.092317073,0
4276,0.081341463,0
4277,0.08097561,0
4278,0.078231707,0
4279,0.077987805,0.001931818
4280,0.084268293,0.027954545
4281,0.087865854,0.084772727
4282,0.090853659,0.162272727
4283,0.094939024,0.252045455
4284,0.109512195,0.327613636
4285,0.129512195,0.356477273
4286,0.133719512,0.366590909
4287,0.134085366,0.343295455
4288,0.135792683,0.332272727
4289,0.147682927,0.299772727
4290,0.16054878,0.263863636
4291,0.162439024,0.195454545
4292,0.16097561,0.113068182
4293,0.159634146,0.048522727
4294,0.174634146,0.008522727
4295,0.194939024,0
4296,0.230060976,0
4297,0.256402439,0
4298,0.268780488,0
4299,0.28347561,0
4300,0.302621951,0
4301,0.294878049,0
4302,0.283536585,0
4303,0.273658537,0.000454545
4304,0.272378049,0.015681818
4305,0.262865854,0.062840909
4306,0.259268293,0.135681818
4307,0.254085366,0.207613636
4308,0.255609756,0.257840909
4309,0.24097561,0.297954545
4310,0.247804878,0.335340909
4311,0.25402439,0.341477273
4312,0.254512195,0.350227273
4313,0.244085366,0.329886364
4314,0.21,0.296136364
4315,0.18554878,0.232159091
4316,0.172195122,0.145454545
4317,0.159878049,0.060340909
4318,0.152560976,0.011136364
4319,0.158292683,0
4320,0.162256098,0
4321,0.150792683,0
4322,0.131219512,0
4323,0.116646341,0
4324,0.103963415,0
4325,0.096768293,0
4326,0.094390244,0
4327,0.092621951,0.001704545
4328,0.084695122,0.031818182
4329,0.077865854,0.114886364
4330,0.076280488,0.235909091
4331,0.078414634,0.358863636
4332,0.077195122,0.459772727
4333,0.073597561,0.523409091
4334,0.07304878,0.561704545
4335,0.070121951,0.573295455
4336,0.066646341,0.572727273
4337,0.065914634,0.534318182
4338,0.066036585,0.4475
4339,0.066646341,0.337613636
4340,0.069085366,0.196590909
4341,0.063719512,0.069090909
4342,0.063780488,0.011590909
4343,0.072012195,0
4344,0.08,0
4345,0.082804878,0
4346,0.087560976,0
4347,0.08652439,0
4348,0.076890244,0
4349,0.060365854,0
4350,0.049085366,0
4351,0.044146341,0.002045455
4352,0.03847561,0.034204545
4353,0.029939024,0.128409091
4354,0.019390244,0.267840909
4355,0.017378049,0.396022727
4356,0.02,0.497727273
4357,0.023109756,0.561818182
4358,0.025243902,0.591704545
4359,0.030609756,0.601818182
4360,0.036585366,0.569545455
4361,0.043658537,0.515340909
4362,0.049756098,0.414090909
4363,0.048719512,0.307386364
4364,0.042621951,0.176590909
4365,0.040914634,0.070795455
4366,0.040365854,0.013068182
4367,0.040670732,0
4368,0.03902439,0
4369,0.039756098,0
4370,0.04097561,0
4371,0.040426829,0
4372,0.03945122,0
4373,0.039207317,0
4374,0.038231707,0
4375,0.036036585,0.002613636
4376,0.038780488,0.036704545
4377,0.03347561,0.117727273
4378,0.02652439,0.230795455
4379,0.023719512,0.354772727
4380,0.029878049,0.460113636
4381,0.041280488,0.508977273
4382,0.05902439,0.522727273
4383,0.087682927,0.505
4384,0.106219512,0.4725
4385,0.125914634,0.412613636
4386,0.14152439,0.310795455
4387,0.147621951,0.213409091
4388,0.145060976,0.110909091
4389,0.155365854,0.044431818
4390,0.178231707,0.006704545
4391,0.215792683,0
4392,0.247134146,0
4393,0.277195122,0
4394,0.284390244,0
4395,0.292743902,0
4396,0.285243902,0
4397,0.272560976,0
4398,0.249756098,0
4399,0.258353659,0.000227273
4400,0.262195122,0.008295455
4401,0.272378049,0.035340909
4402,0.285914634,0.074886364
4403,0.298109756,0.124204545
4404,0.301341463,0.183181818
4405,0.299756098,0.235
4406,0.306829268,0.267272727
4407,0.280853659,0.276704545
4408,0.272317073,0.277727273
4409,0.27304878,0.255795455
4410,0.258780488,0.214090909
4411,0.241829268,0.157840909
4412,0.232865854,0.099204545
4413,0.217621951,0.044318182
4414,0.202012195,0.008409091
4415,0.176768293,0
4416,0.185,0
4417,0.176280488,0
4418,0.160243902,0
4419,0.154146341,0
4420,0.137317073,0
4421,0.129878049,0
4422,0.122804878,0
4423,0.116158537,0.000568182
4424,0.110792683,0.023068182
4425,0.106219512,0.087727273
4426,0.103414634,0.180454545
4427,0.103109756,0.276022727
4428,0.106646341,0.3625
4429,0.116219512,0.425113636
4430,0.128536585,0.471363636
4431,0.131402439,0.497159091
4432,0.134573171,0.478522727
4433,0.140304878,0.452954545
4434,0.134695122,0.388295455
4435,0.133109756,0.289431818
4436,0.125670732,0.170113636
4437,0.117256098,0.060795455
4438,0.114146341,0.009772727
4439,0.109329268,0
4440,0.096646341,0
4441,0.08804878,0
4442,0.078658537,0
4443,0.072682927,0
4444,0.07445122,0
4445,0.066890244,0
4446,0.057926829,0
4447,0.051036585,0.001022727
4448,0.047439024,0.027727273
4449,0.041829268,0.110113636
4450,0.034146341,0.239431818
4451,0.028231707,0.364204545
4452,0.023902439,0.467045455
4453,0.021829268,0.548181818
4454,0.021829268,0.578977273
4455,0.02347561,0.595340909
4456,0.0275,0.588181818
4457,0.033658537,0.547727273
4458,0.042865854,0.465340909
4459,0.049634146,0.354090909
4460,0.057378049,0.209204545
4461,0.06402439,0.073977273
4462,0.074878049,0.012386364
4463,0.116890244,0.000113636
4464,0.15597561,0
4465,0.176280488,0
4466,0.178292683,0
4467,0.174695122,0
4468,0.17,0
4469,0.162682927,0
4470,0.161707317,0
4471,0.152743902,0.001818182
4472,0.136097561,0.033977273
4473,0.08695122,0.134090909
4474,0.043780488,0.289318182
4475,0.036219512,0.438977273
4476,0.045060976,0.551022727
4477,0.060304878,0.615795455
4478,0.06945122,0.645909091
4479,0.074817073,0.647386364
4480,0.083170732,0.622727273
4481,0.089207317,0.563181818
4482,0.093536585,0.480681818
4483,0.097804878,0.358636364
4484,0.100914634,0.206931818
4485,0.103841463,0.075227273
4486,0.125365854,0.012045455
4487,0.184329268,0.000113636
4488,0.233597561,0
4489,0.251768293,0
4490,0.256585366,0
4491,0.251280488,0
4492,0.236646341,0
4493,0.218841463,0
4494,0.207012195,0
4495,0.194939024,0.001477273
4496,0.178841463,0.033863636
4497,0.131768293,0.129545455
4498,0.082256098,0.277954545
4499,0.07554878,0.425909091
4500,0.118841463,0.542954545
4501,0.183902439,0.615568182
4502,0.2125,0.639318182
4503,0.21554878,0.632840909
4504,0.214573171,0.600227273
4505,0.228902439,0.542045455
4506,0.252378049,0.439545455
4507,0.267073171,0.323295455
4508,0.266158537,0.18875
4509,0.245609756,0.070113636
4510,0.260609756,0.0125
4511,0.307378049,0
4512,0.33652439,0
4513,0.332621951,0
4514,0.327621951,0
4515,0.318902439,0
4516,0.305121951,0
4517,0.29304878,0
4518,0.288170732,0
4519,0.274939024,0.001363636
4520,0.248658537,0.033409091
4521,0.178536585,0.127386364
4522,0.117865854,0.275454545
4523,0.106463415,0.422045455
4524,0.126280488,0.533977273
4525,0.183109756,0.601136364
4526,0.229573171,0.638636364
4527,0.251402439,0.636136364
4528,0.254634146,0.583522727
4529,0.26347561,0.513863636
4530,0.280487805,0.43125
4531,0.305731707,0.314431818
4532,0.308292683,0.182954545
4533,0.27652439,0.07
4534,0.27695122,0.012954545
4535,0.309329268,0
4536,0.330304878,0
4537,0.336585366,0
4538,0.321646341,0
4539,0.298231707,0
4540,0.275487805,0
4541,0.263719512,0
4542,0.253353659,0
4543,0.243170732,0.001136364
4544,0.218719512,0.032159091
4545,0.157560976,0.122272727
4546,0.10554878,0.259090909
4547,0.082560976,0.401022727
4548,0.086585366,0.515
4549,0.123231707,0.585454545
4550,0.168658537,0.609772727
4551,0.178597561,0.587386364
4552,0.177804878,0.549204545
4553,0.181890244,0.48125
4554,0.19695122,0.401704545
4555,0.212256098,0.287840909
4556,0.209146341,0.167045455
4557,0.190426829,0.06625
4558,0.18902439,0.012272727
4559,0.226768293,0
4560,0.257743902,0
4561,0.263414634,0
4562,0.259573171,0
4563,0.260426829,0
4564,0.251829268,0
4565,0.242865854,0
4566,0.22652439,0
4567,0.212317073,0.001477273
4568,0.183719512,0.031704545
4569,0.130792683,0.117386364
4570,0.092987805,0.247613636
4571,0.099207317,0.378068182
4572,0.127134146,0.488409091
4573,0.171585366,0.562272727
4574,0.204878049,0.584090909
4575,0.214695122,0.586022727
4576,0.23054878,0.542386364
4577,0.255853659,0.459772727
4578,0.287378049,0.374886364
4579,0.335853659,0.2625
4580,0.357439024,0.153522727
4581,0.348231707,0.063181818
4582,0.353353659,0.012045455
4583,0.379817073,0
4584,0.361036585,0
4585,0.349146341,0
4586,0.333902439,0
4587,0.318780488,0
4588,0.302987805,0
4589,0.297134146,0
4590,0.284146341,0
4591,0.274268293,0.001136364
4592,0.251646341,0.028636364
4593,0.247073171,0.108409091
4594,0.263170732,0.226590909
4595,0.241280488,0.348522727
4596,0.208231707,0.480568182
4597,0.190487805,0.577386364
4598,0.179512195,0.622272727
4599,0.177743902,0.629772727
4600,0.180243902,0.609886364
4601,0.191646341,0.550568182
4602,0.208597561,0.454090909
4603,0.223597561,0.328181818
4604,0.239878049,0.188068182
4605,0.231097561,0.070795455
4606,0.234329268,0.012954545
4607,0.265609756,0.000113636
4608,0.284085366,0
4609,0.278109756,0
4610,0.267439024,0
4611,0.256829268,0
4612,0.251036585,0
4613,0.242195122,0
4614,0.219146341,0
4615,0.193231707,0.001363636
4616,0.166280488,0.032840909
4617,0.109939024,0.126136364
4618,0.073963415,0.272386364
4619,0.071219512,0.416363636
4620,0.088536585,0.52875
4621,0.111036585,0.601818182
4622,0.125243902,0.646022727
4623,0.12597561,0.652727273
4624,0.126219512,0.613977273
4625,0.128719512,0.560113636
4626,0.136463415,0.460227273
4627,0.142804878,0.333068182
4628,0.15402439,0.192613636
4629,0.159390244,0.070909091
4630,0.177560976,0.011818182
4631,0.214268293,0
4632,0.22652439,0
4633,0.22597561,0
4634,0.206341463,0
4635,0.198109756,0
4636,0.187073171,0
4637,0.174146341,0
4638,0.161036585,0
4639,0.154207317,0.001136364
4640,0.138109756,0.032954545
4641,0.10054878,0.115909091
4642,0.070487805,0.246818182
4643,0.064939024,0.389886364
4644,0.083597561,0.5025
4645,0.10402439,0.581477273
4646,0.111280488,0.616704545
4647,0.119878049,0.620795455
4648,0.129268293,0.597159091
4649,0.136402439,0.539318182
4650,0.147378049,0.438068182
4651,0.151158537,0.30125
4652,0.15402439,0.168068182
4653,0.148170732,0.062159091
4654,0.161829268,0.01125
4655,0.1875,0
4656,0.207256098,0
4657,0.212621951,0
4658,0.199512195,0
4659,0.187073171,0
4660,0.169878049,0
4661,0.152195122,0
4662,0.14652439,0
4663,0.144146341,0.001022727
4664,0.138536585,0.030795455
4665,0.090853659,0.114886364
4666,0.051097561,0.241704545
4667,0.048353659,0.37
4668,0.056219512,0.474886364
4669,0.058536585,0.542613636
4670,0.058719512,0.584772727
4671,0.065182927,0.586477273
4672,0.068902439,0.562727273
4673,0.069695122,0.511022727
4674,0.077743902,0.425909091
4675,0.09152439,0.307954545
4676,0.107804878,0.176704545
4677,0.102987805,0.067954545
4678,0.109268293,0.011136364
4679,0.1375,0
4680,0.148414634,0
4681,0.137621951,0
4682,0.123963415,0
4683,0.104756098,0
4684,0.088841463,0
4685,0.07347561,0
4686,0.064878049,0
4687,0.059207317,0.000909091
4688,0.053231707,0.030568182
4689,0.037317073,0.118181818
4690,0.020304878,0.251363636
4691,0.01695122,0.397159091
4692,0.022743902,0.517272727
4693,0.027256098,0.597045455
4694,0.027987805,0.63
4695,0.027073171,0.627386364
4696,0.029207317,0.598977273
4697,0.033414634,0.54125
4698,0.037134146,0.437840909
4699,0.04347561,0.314545455
4700,0.054695122,0.185
4701,0.062134146,0.066590909
4702,0.076158537,0.010795455
4703,0.095792683,0
4704,0.107256098,0
4705,0.108170732,0
4706,0.107804878,0
4707,0.100792683,0
4708,0.089512195,0
4709,0.071036585,0
4710,0.058841463,0
4711,0.050792683,0.001022727
4712,0.045182927,0.029659091
4713,0.037378049,0.11625
4714,0.016158537,0.250568182
4715,0.011097561,0.380681818
4716,0.018780488,0.486590909
4717,0.021768293,0.558863636
4718,0.020182927,0.5875
4719,0.021036585,0.582386364
4720,0.023780488,0.548977273
4721,0.029146341,0.461704545
4722,0.030609756,0.365113636
4723,0.036585366,0.263068182
4724,0.050304878,0.151136364
4725,0.067073171,0.056022727
4726,0.099695122,0.01
4727,0.113719512,0
4728,0.13847561,0
4729,0.151280488,0
4730,0.156341463,0
4731,0.141829268,0
4732,0.125853659,0
4733,0.126646341,0
4734,0.115182927,0
4735,0.102073171,0.000568182
4736,0.094634146,0.024318182
4737,0.074085366,0.093295455
4738,0.04097561,0.207159091
4739,0.029390244,0.332840909
4740,0.032926829,0.437954545
4741,0.038597561,0.526931818
4742,0.046158537,0.567159091
4743,0.048658537,0.559204545
4744,0.056097561,0.498409091
4745,0.067012195,0.403977273
4746,0.08304878,0.310340909
4747,0.108658537,0.210681818
4748,0.133719512,0.129431818
4749,0.13,0.055340909
4750,0.138231707,0.009886364
4751,0.171463415,0
4752,0.205365854,0
4753,0.218841463,0
4754,0.219146341,0
4755,0.212439024,0
4756,0.206036585,0
4757,0.203841463,0
4758,0.201280488,0
4759,0.205365854,0.000227273
4760,0.194207317,0.021704545
4761,0.142987805,0.082613636
4762,0.091402439,0.183863636
4763,0.077317073,0.305454545
4764,0.093658537,0.427954545
4765,0.134817073,0.502613636
4766,0.162195122,0.544318182
4767,0.169146341,0.522954545
4768,0.16695122,0.473977273
4769,0.183414634,0.394090909
4770,0.204695122,0.311022727
4771,0.214268293,0.212386364
4772,0.216280488,0.125454545
4773,0.205121951,0.053636364
4774,0.204390244,0.008977273
4775,0.23347561,0
4776,0.261097561,0
4777,0.259817073,0
4778,0.255487805,0
4779,0.236341463,0
4780,0.21847561,0
4781,0.223719512,0
4782,0.227987805,0
4783,0.218658537,0.000454545
4784,0.194878049,0.021931818
4785,0.147987805,0.095568182
4786,0.099756098,0.216477273
4787,0.088414634,0.3525
4788,0.099878049,0.463409091
4789,0.140731707,0.525795455
4790,0.158780488,0.547613636
4791,0.167743902,0.548636364
4792,0.167682927,0.515227273
4793,0.183536585,0.451022727
4794,0.205365854,0.369318182
4795,0.225670732,0.256590909
4796,0.230426829,0.148863636
4797,0.217439024,0.058863636
4798,0.230914634,0.008409091
4799,0.258658537,0
4800,0.274817073,0
4801,0.284634146,0
4802,0.29,0
4803,0.292256098,0
4804,0.281097561,0
4805,0.278109756,0
4806,0.269634146,0
4807,0.247439024,0.000340909
4808,0.226097561,0.025454545
4809,0.162743902,0.105909091
4810,0.123597561,0.233181818
4811,0.103597561,0.378522727
4812,0.096707317,0.502613636
4813,0.10804878,0.578068182
4814,0.123292683,0.605227273
4815,0.12945122,0.601818182
4816,0.118414634,0.565113636
4817,0.112195122,0.517159091
4818,0.107987805,0.412840909
4819,0.109390244,0.294090909
4820,0.11152439,0.166704545
4821,0.119817073,0.060113636
4822,0.145731707,0.00875
4823,0.189939024,0
4824,0.221646341,0
4825,0.208658537,0
4826,0.192012195,0
4827,0.180243902,0
4828,0.17054878,0
4829,0.159390244,0
4830,0.14695122,0
4831,0.139573171,0.000340909
4832,0.12347561,0.02375
4833,0.081829268,0.110909091
4834,0.035121951,0.25625
4835,0.017621951,0.402272727
4836,0.013109756,0.515
4837,0.014085366,0.589659091
4838,0.021097561,0.626022727
4839,0.024512195,0.623977273
4840,0.024512195,0.583977273
4841,0.025365854,0.502045455
4842,0.026707317,0.394886364
4843,0.033597561,0.276590909
4844,0.030060976,0.153863636
4845,0.036219512,0.055795455
4846,0.050731707,0.007386364
4847,0.064756098,0
4848,0.073353659,0
4849,0.088780488,0
4850,0.095121951,0
4851,0.095182927,0
4852,0.077987805,0
4853,0.054390244,0
4854,0.043109756,0
4855,0.04195122,0.000340909
4856,0.042012195,0.023181818
4857,0.032682927,0.102954545
4858,0.016341463,0.23375
4859,0.01097561,0.372386364
4860,0.007378049,0.486818182
4861,0.006036585,0.56625
4862,0.0075,0.603863636
4863,0.018231707,0.595568182
4864,0.026341463,0.564886364
4865,0.031097561,0.492045455
4866,0.050182927,0.390681818
4867,0.076646341,0.269090909
4868,0.075365854,0.152159091
4869,0.066768293,0.055113636
4870,0.067134146,0.006931818
4871,0.066829268,0
4872,0.068597561,0
4873,0.072682927,0
4874,0.056707317,0
4875,0.045487805,0
4876,0.05347561,0
4877,0.059268293,0
4878,0.045731707,0
4879,0.038353659,0.000227273
4880,0.041585366,0.021931818
4881,0.040853659,0.09625
4882,0.02554878,0.211818182
4883,0.0225,0.335113636
4884,0.01347561,0.442727273
4885,0.018963415,0.502272727
4886,0.053719512,0.52625
4887,0.055365854,0.534659091
4888,0.054634146,0.474318182
4889,0.068414634,0.393522727
4890,0.132743902,0.314318182
4891,0.135792683,0.219886364
4892,0.105914634,0.122954545
4893,0.066158537,0.049318182
4894,0.065365854,0.007272727
4895,0.065304878,0
4896,0.076341463,0
4897,0.086768293,0
4898,0.079695122,0
4899,0.074573171,0
4900,0.073231707,0
4901,0.074573171,0
4902,0.066585366,0
4903,0.054390244,0.000227273
4904,0.047378049,0.019431818
4905,0.028597561,0.087159091
4906,0.016890244,0.195681818
4907,0.011097561,0.312159091
4908,0.009634146,0.419545455
4909,0.009207317,0.497727273
4910,0.011219512,0.534204545
4911,0.017439024,0.539318182
4912,0.025304878,0.524659091
4913,0.036768293,0.467045455
4914,0.045731707,0.387954545
4915,0.053597561,0.281590909
4916,0.049268293,0.15875
4917,0.034817073,0.056590909
4918,0.032560976,0.006477273
4919,0.032987805,0
4920,0.035670732,0
4921,0.042317073,0
4922,0.050182927,0
4923,0.055670732,0
4924,0.063353659,0
4925,0.06652439,0
4926,0.065853659,0
4927,0.062621951,0.000227273
4928,0.057621951,0.020568182
4929,0.047195122,0.096931818
4930,0.028353659,0.219090909
4931,0.027865854,0.353977273
4932,0.041829268,0.46
4933,0.0575,0.531477273
4934,0.055121951,0.567272727
4935,0.062560976,0.586931818
4936,0.072743902,0.548068182
4937,0.080426829,0.489886364
4938,0.079634146,0.4075
4939,0.063597561,0.29375
4940,0.047926829,0.163863636
4941,0.04054878,0.053068182
4942,0.045182927,0.005568182
4943,0.052560976,0
4944,0.063719512,0
4945,0.082378049,0
4946,0.111341463,0
4947,0.140670732,0
4948,0.144390244,0
4949,0.155060976,0
4950,0.158841463,0
4951,0.135365854,0.000227273
4952,0.10554878,0.014886364
4953,0.107926829,0.078636364
4954,0.099390244,0.189431818
4955,0.096402439,0.315909091
4956,0.099939024,0.431136364
4957,0.099817073,0.515113636
4958,0.100426829,0.565
4959,0.102195122,0.55875
4960,0.10152439,0.543522727
4961,0.105304878,0.48625
4962,0.107012195,0.389431818
4963,0.097256098,0.281022727
4964,0.086768293,0.154204545
4965,0.085670732,0.050909091
4966,0.087987805,0.005681818
4967,0.09347561,0
4968,0.109207317,0
4969,0.129268293,0
4970,0.13902439,0
4971,0.155487805,0
4972,0.187073171,0
4973,0.199695122,0
4974,0.209207317,0
4975,0.195243902,0.000227273
4976,0.213963415,0.016590909
4977,0.179329268,0.083977273
4978,0.143841463,0.209659091
4979,0.145060976,0.328863636
4980,0.12945122,0.434545455
4981,0.1375,0.509659091
4982,0.149085366,0.55
4983,0.156829268,0.528977273
4984,0.186158537,0.485568182
4985,0.199085366,0.406931818
4986,0.21304878,0.335227273
4987,0.228658537,0.233409091
4988,0.219695122,0.119545455
4989,0.211768293,0.038636364
4990,0.226280488,0.004090909
4991,0.215121951,0
4992,0.201341463,0
4993,0.191646341,0
4994,0.19347561,0.000568182
4995,0.216585366,0
4996,0.212560976,0
4997,0.178292683,0
4998,0.151646341,0.000568182
4999,0.127317073,0.000454545
5000,0.107073171,0.011818182
5001,0.075243902,0.0675
5002,0.060121951,0.156818182
5003,0.073658537,0.259659091
5004,0.07695122,0.342386364
5005,0.080731707,0.414886364
5006,0.098658537,0.446931818
5007,0.11097561,0.445113636
5008,0.127195122,0.412954545
5009,0.14597561,0.357386364
5010,0.182987805,0.293181818
5011,0.20195122,0.210909091
5012,0.192621951,0.123181818
5013,0.170914634,0.043863636
5014,0.153902439,0.005909091
5015,0.157804878,0
5016,0.172134146,0
5017,0.186463415,0
5018,0.200182927,0
5019,0.19304878,0
5020,0.199512195,0
5021,0.202256098,0
5022,0.197378049,0
5023,0.192439024,0
5024,0.16554878,0.009431818
5025,0.154207317,0.057386364
5026,0.162804878,0.143295455
5027,0.193536585,0.260340909
5028,0.236585366,0.350340909
5029,0.272926829,0.427613636
5030,0.288658537,0.478522727
5031,0.277195122,0.49125
5032,0.288597561,0.481136364
5033,0.298597561,0.432272727
5034,0.290609756,0.380113636
5035,0.307195122,0.272613636
5036,0.280365854,0.153068182
5037,0.235609756,0.048522727
5038,0.233902439,0.005113636
5039,0.231829268,0
5040,0.226219512,0
5041,0.222195122,0
5042,0.214695122,0
5043,0.217195122,0
5044,0.204329268,0
5045,0.20152439,0
5046,0.198414634,0
5047,0.209939024,0.000113636
5048,0.209817073,0.01625
5049,0.206890244,0.089545455
5050,0.247256098,0.219318182
5051,0.290426829,0.3375
5052,0.342621951,0.433295455
5053,0.381585366,0.493977273
5054,0.393841463,0.515454545
5055,0.403170732,0.516818182
5056,0.400365854,0.489772727
5057,0.427378049,0.447613636
5058,0.450670732,0.362954545
5059,0.457987805,0.272727273
5060,0.432804878,0.148181818
5061,0.390060976,0.043863636
5062,0.375182927,0.003409091
5063,0.359939024,0
5064,0.365304878,0
5065,0.340121951,0
5066,0.312804878,0
5067,0.282743902,0
5068,0.254695122,0
5069,0.216890244,0
5070,0.181036585,0
5071,0.150182927,0
5072,0.114756098,0.01375
5073,0.088841463,0.09
5074,0.085304878,0.226590909
5075,0.081036585,0.357727273
5076,0.077317073,0.455909091
5077,0.073780488,0.540909091
5078,0.063109756,0.587045455
5079,0.054390244,0.608409091
5080,0.046341463,0.598977273
5081,0.039146341,0.552954545
5082,0.034146341,0.461022727
5083,0.030304878,0.336022727
5084,0.02652439,0.183977273
5085,0.024634146,0.049886364
5086,0.034207317,0.00375
5087,0.059146341,0
5088,0.09402439,0
5089,0.138536585,0
5090,0.174939024,0
5091,0.190670732,0
5092,0.205182927,0
5093,0.218597561,0
5094,0.225121951,0
5095,0.237439024,0
5096,0.243902439,0.014431818
5097,0.212195122,0.10125
5098,0.150914634,0.257840909
5099,0.133231707,0.41
5100,0.153719512,0.528636364
5101,0.187682927,0.605227273
5102,0.213963415,0.645795455
5103,0.22347561,0.64125
5104,0.225609756,0.616818182
5105,0.221036585,0.558295455
5106,0.222560976,0.468977273
5107,0.222682927,0.338636364
5108,0.199207317,0.180227273
5109,0.190670732,0.04875
5110,0.236280488,0.00375
5111,0.292682927,0
5112,0.306036585,0
5113,0.30152439,0
5114,0.269634146,0
5115,0.241280488,0
5116,0.224695122,0
5117,0.220914634,0
5118,0.210121951,0
5119,0.206341463,0
5120,0.211036585,0.014545455
5121,0.187865854,0.092613636
5122,0.144695122,0.2225
5123,0.144207317,0.354090909
5124,0.191646341,0.467613636
5125,0.249085366,0.553522727
5126,0.276402439,0.610227273
5127,0.295609756,0.619659091
5128,0.299573171,0.572727273
5129,0.293963415,0.510681818
5130,0.302926829,0.413409091
5131,0.305853659,0.28625
5132,0.297621951,0.154659091
5133,0.258170732,0.046931818
5134,0.23097561,0.00375
5135,0.234573171,0
5136,0.237073171,0
5137,0.216341463,0
5138,0.248597561,0
5139,0.248231707,0
5140,0.241158537,0
5141,0.205,0
5142,0.180853659,0
5143,0.180121951,0
5144,0.173109756,0.012613636
5145,0.158658537,0.078295455
5146,0.172621951,0.180795455
5147,0.17945122,0.303181818
5148,0.170792683,0.416477273
5149,0.156341463,0.484886364
5150,0.147195122,0.532045455
5151,0.130731707,0.537954545
5152,0.116890244,0.48625
5153,0.103597561,0.457386364
5154,0.089329268,0.383181818
5155,0.076036585,0.277840909
5156,0.061036585,0.147159091
5157,0.043170732,0.0475
5158,0.035182927,0.003409091
5159,0.035914634,0
5160,0.040487805,0
5161,0.04054878,0
5162,0.036890244,0
5163,0.039207317,0
5164,0.04054878,0
5165,0.04152439,0
5166,0.044939024,0
5167,0.04402439,0
5168,0.043902439,0.0125
5169,0.034878049,0.085113636
5170,0.026768293,0.220795455
5171,0.03304878,0.353181818
5172,0.040914634,0.477159091
5173,0.051402439,0.564318182
5174,0.060853659,0.613522727
5175,0.071463415,0.618636364
5176,0.075,0.584659091
5177,0.078902439,0.533181818
5178,0.075670732,0.433863636
5179,0.0675,0.306590909
5180,0.054817073,0.164431818
5181,0.034512195,0.0475
5182,0.027012195,0.003409091
5183,0.032621951,0
5184,0.044573171,0
5185,0.055182927,0
5186,0.063536585,0
5187,0.071585366,0
5188,0.082317073,0
5189,0.097804878,0
5190,0.113353659,0
5191,0.121890244,0
5192,0.129939024,0.014090909
5193,0.12902439,0.092159091
5194,0.101280488,0.225
5195,0.094512195,0.355113636
5196,0.120609756,0.457045455
5197,0.155853659,0.520113636
5198,0.175243902,0.544772727
5199,0.197073171,0.547840909
5200,0.202743902,0.5125
5201,0.213902439,0.455
5202,0.234634146,0.364204545
5203,0.239817073,0.252159091
5204,0.247987805,0.135113636
5205,0.281280488,0.040568182
5206,0.289817073,0.002840909
5207,0.273353659,0
5208,0.24847561,0
5209,0.227256098,0
5210,0.202987805,0
5211,0.164329268,0
5212,0.136768293,0
5213,0.092682927,0
5214,0.067378049,0
5215,0.05152439,0
5216,0.032317073,0.011704545
5217,0.016036585,0.071818182
5218,0.008414634,0.172727273
5219,0.00695122,0.283068182
5220,0.007682927,0.360795455
5221,0.019268293,0.42
5222,0.017682927,0.438636364
5223,0.023780488,0.437954545
5224,0.02347561,0.432272727
5225,0.03304878,0.392840909
5226,0.043536585,0.323295455
5227,0.044756098,0.214772727
5228,0.03902439,0.105340909
5229,0.03945122,0.031363636
5230,0.058719512,0.001818182
5231,0.09054878,0
5232,0.120243902,0
5233,0.14304878,0
5234,0.171280488,0
5235,0.122621951,0
5236,0.105853659,0
5237,0.100609756,0
5238,0.09,0
5239,0.096829268,0
5240,0.086707317,0.005795455
5241,0.087134146,0.034090909
5242,0.083597561,0.096590909
5243,0.082134146,0.169886364
5244,0.086402439,0.225568182
5245,0.09097561,0.261477273
5246,0.107865854,0.287045455
5247,0.108170732,0.27625
5248,0.107134146,0.276818182
5249,0.098780488,0.241704545
5250,0.096402439,0.184090909
5251,0.07847561,0.120909091
5252,0.068658537,0.0775
5253,0.073292683,0.027727273
5254,0.077317073,0.002159091
5255,0.098597561,0
5256,0.09554878,0
5257,0.088536585,0
5258,0.087439024,0
5259,0.092804878,0
5260,0.085060976,0
5261,0.083780488,0
5262,0.096402439,0
5263,0.08554878,0
5264,0.086097561,0.004204545
5265,0.087256098,0.041363636
5266,0.087439024,0.118636364
5267,0.089634146,0.212045455
5268,0.090853659,0.320568182
5269,0.09347561,0.384431818
5270,0.094390244,0.427954545
5271,0.105426829,0.451136364
5272,0.114756098,0.425
5273,0.123170732,0.375909091
5274,0.117743902,0.313636364
5275,0.11652439,0.229886364
5276,0.111341463,0.124204545
5277,0.112804878,0.038295455
5278,0.108109756,0.002159091
5279,0.112682927,0
5280,0.115426829,0
5281,0.113231707,0
5282,0.115060976,0
5283,0.117560976,0
5284,0.117317073,0
5285,0.109207317,0
5286,0.117865854,0
5287,0.129207317,0
5288,0.152560976,0.009545455
5289,0.151219512,0.072045455
5290,0.139085366,0.186136364
5291,0.140792683,0.32125
5292,0.158597561,0.435113636
5293,0.193841463,0.49375
5294,0.228963415,0.529431818
5295,0.252256098,0.525454545
5296,0.270731707,0.522954545
5297,0.293353659,0.468863636
5298,0.293780488,0.388977273
5299,0.284329268,0.267045455
5300,0.281768293,0.141136364
5301,0.24,0.036590909
5302,0.202743902,0.001704545
5303,0.196463415,0
5304,0.205853659,0
5305,0.211585366,0
5306,0.191341463,0
5307,0.17945122,0
5308,0.16847561,0
5309,0.149634146,0
5310,0.141097561,0
5311,0.127682927,0
5312,0.115060976,0.009772727
5313,0.102743902,0.078977273
5314,0.08054878,0.207159091
5315,0.093780488,0.347272727
5316,0.112439024,0.4525
5317,0.122439024,0.527727273
5318,0.134085366,0.569318182
5319,0.130243902,0.596590909
5320,0.133902439,0.578181818
5321,0.136646341,0.535681818
5322,0.134085366,0.449431818
5323,0.130914634,0.317954545
5324,0.126890244,0.163409091
5325,0.120365854,0.037840909
5326,0.12097561,0.001590909
5327,0.134207317,0
5328,0.138292683,0
5329,0.12554878,0
5330,0.113597561,0
5331,0.090914634,0
5332,0.074634146,0
5333,0.068170732,0
5334,0.068109756,0
5335,0.072987805,0
5336,0.082439024,0.009318182
5337,0.082073171,0.081022727
5338,0.066768293,0.22375
5339,0.062804878,0.379204545
5340,0.070304878,0.495
5341,0.072195122,0.567840909
5342,0.073109756,0.604318182
5343,0.073902439,0.602840909
5344,0.07652439,0.571136364
5345,0.081036585,0.510681818
5346,0.081829268,0.415113636
5347,0.0825,0.295340909
5348,0.072560976,0.150340909
5349,0.061585366,0.036136364
5350,0.053963415,0.00125
5351,0.05554878,0
5352,0.055792683,0
5353,0.057560976,0
5354,0.053841463,0
5355,0.050060976,0
5356,0.046768293,0
5357,0.04554878,0
5358,0.044756098,0
5359,0.044512195,0
5360,0.045,0.008295455
5361,0.039329268,0.0825
5362,0.025426829,0.2325
5363,0.02695122,0.373863636
5364,0.040304878,0.490454545
5365,0.054634146,0.552613636
5366,0.072195122,0.579318182
5367,0.097682927,0.571818182
5368,0.12597561,0.550681818
5369,0.155426829,0.498409091
5370,0.185792683,0.4075
5371,0.193597561,0.27
5372,0.195731707,0.135568182
5373,0.174878049,0.032840909
5374,0.151890244,0.00125
5375,0.1525,0
5376,0.171890244,0
5377,0.175,0
5378,0.164695122,0
5379,0.163841463,0
5380,0.150914634,0
5381,0.141829268,0
5382,0.12902439,0
5383,0.118841463,0
5384,0.108414634,0.009090909
5385,0.089268293,0.076136364
5386,0.058292683,0.205
5387,0.055853659,0.34375
5388,0.061585366,0.448068182
5389,0.073170732,0.495568182
5390,0.082682927,0.51875
5391,0.088780488,0.529090909
5392,0.092987805,0.521704545
5393,0.095365854,0.477045455
5394,0.0975,0.394204545
5395,0.106219512,0.281363636
5396,0.107195122,0.142727273
5397,0.104634146,0.034318182
5398,0.119146341,0.00125
5399,0.142743902,0
5400,0.139756098,0
5401,0.12945122,0
5402,0.125731707,0
5403,0.12652439,0
5404,0.126158537,0
5405,0.123780488,0
5406,0.114268293,0
5407,0.104329268,0
5408,0.097134146,0.009431818
5409,0.084573171,0.085
5410,0.065304878,0.240340909
5411,0.065914634,0.403295455
5412,0.070060976,0.530909091
5413,0.06804878,0.604545455
5414,0.068780488,0.6375
5415,0.071585366,0.625795455
5416,0.08347561,0.599318182
5417,0.092926829,0.544431818
5418,0.097621951,0.442727273
5419,0.093780488,0.303181818
5420,0.088353659,0.153068182
5421,0.082682927,0.035
5422,0.087439024,0.000909091
5423,0.093414634,0
5424,0.091036585,0
5425,0.082865854,0
5426,0.078658537,0
5427,0.07097561,0
5428,0.069573171,0
5429,0.065365854,0
5430,0.057743902,0
5431,0.052317073,0
5432,0.051158537,0.007727273
5433,0.05097561,0.081818182
5434,0.036585366,0.239886364
5435,0.028292683,0.400227273
5436,0.027865854,0.523522727
5437,0.030243902,0.603409091
5438,0.028536585,0.636136364
5439,0.027195122,0.628863636
5440,0.024329268,0.601022727
5441,0.02445122,0.529318182
5442,0.024207317,0.435113636
5443,0.022865854,0.304090909
5444,0.021219512,0.146931818
5445,0.018902439,0.032159091
5446,0.02445122,0.000909091
5447,0.034268293,0
5448,0.04195122,0
5449,0.053292683,0
5450,0.057378049,0
5451,0.058353659,0
5452,0.059756098,0
5453,0.062439024,0
5454,0.064146341,0
5455,0.062743902,0
5456,0.060121951,0.008068182
5457,0.055792683,0.080681818
5458,0.033780488,0.226931818
5459,0.022865854,0.372727273
5460,0.029634146,0.478522727
5461,0.039878049,0.540681818
5462,0.05054878,0.570340909
5463,0.061158537,0.560227273
5464,0.062073171,0.5275
5465,0.067134146,0.466363636
5466,0.065670732,0.357272727
5467,0.067682927,0.232954545
5468,0.070914634,0.105909091
5469,0.075914634,0.023863636
5470,0.069390244,0.000568182
5471,0.06152439,0
5472,0.07695122,0
5473,0.073719512,0
5474,0.087926829,0
5475,0.088170732,0
5476,0.084695122,0
5477,0.078658537,0
5478,0.076402439,0
5479,0.067926829,0
5480,0.063353659,0.006477273
5481,0.057256098,0.062272727
5482,0.046463415,0.178295455
5483,0.056707317,0.324545455
5484,0.087256098,0.438977273
5485,0.126707317,0.526704545
5486,0.167865854,0.578068182
5487,0.19304878,0.590454545
5488,0.204939024,0.560340909
5489,0.222560976,0.488295455
5490,0.235060976,0.391818182
5491,0.242195122,0.266363636
5492,0.225243902,0.123181818
5493,0.174329268,0.026931818
5494,0.167317073,0.000340909
5495,0.189573171,0
5496,0.215243902,0
5497,0.225609756,0
5498,0.230365854,0
5499,0.242682927,0
5500,0.229268293,0
5501,0.22304878,0
5502,0.226646341,0
5503,0.231036585,0
5504,0.220182927,0.004886364
5505,0.211036585,0.062159091
5506,0.196341463,0.184659091
5507,0.207439024,0.310454545
5508,0.229390244,0.408863636
5509,0.235121951,0.475909091
5510,0.232134146,0.504090909
5511,0.230914634,0.500454545
5512,0.233597561,0.489204545
5513,0.216097561,0.43125
5514,0.195182927,0.343636364
5515,0.171768293,0.227954545
5516,0.145609756,0.113636364
5517,0.113902439,0.023977273
5518,0.10347561,0.000340909
5519,0.109573171,0
5520,0.101463415,0
5521,0.109146341,0
5522,0.118292683,0
5523,0.119085366,0
5524,0.107865854,0
5525,0.105243902,0
5526,0.112317073,0
5527,0.110853659,0
5528,0.114390244,0.003863636
5529,0.105182927,0.051704545
5530,0.097743902,0.146477273
5531,0.107865854,0.257954545
5532,0.116768293,0.347613636
5533,0.140609756,0.403522727
5534,0.167134146,0.430681818
5535,0.187865854,0.427045455
5536,0.200914634,0.423522727
5537,0.207865854,0.387954545
5538,0.208414634,0.322727273
5539,0.210914634,0.247840909
5540,0.204512195,0.123409091
5541,0.195304878,0.025454545
5542,0.190487805,0.000454545
5543,0.197317073,0
5544,0.202256098,0
5545,0.202926829,0
5546,0.195914634,0
5547,0.17445122,0
5548,0.159390244,0
5549,0.135,0
5550,0.117621951,0
5551,0.106707317,0
5552,0.101158537,0.005909091
5553,0.095487805,0.076931818
5554,0.071829268,0.23625
5555,0.070304878,0.403068182
5556,0.076341463,0.528181818
5557,0.074268293,0.609090909
5558,0.073109756,0.645
5559,0.075731707,0.651931818
5560,0.072865854,0.624659091
5561,0.077012195,0.560454545
5562,0.086280488,0.458636364
5563,0.093658537,0.31125
5564,0.103170732,0.143863636
5565,0.113597561,0.025909091
5566,0.140853659,0.000340909
5567,0.17695122,0
5568,0.193658537,0
5569,0.188292683,0
5570,0.175121951,0
5571,0.168536585,0
5572,0.159512195,0
5573,0.147560976,0
5574,0.138780488,0
5575,0.12652439,0
5576,0.112621951,0.005340909
5577,0.09347561,0.076363636
5578,0.052621951,0.236931818
5579,0.032743902,0.401136364
5580,0.042987805,0.527159091
5581,0.057317073,0.6075
5582,0.060243902,0.648181818
5583,0.050914634,0.650909091
5584,0.04695122,0.618409091
5585,0.045487805,0.553409091
5586,0.046829268,0.447727273
5587,0.054390244,0.300340909
5588,0.066890244,0.134772727
5589,0.081829268,0.023409091
5590,0.118536585,0
5591,0.150609756,0
5592,0.165914634,0
5593,0.175609756,0
5594,0.164268293,0
5595,0.159329268,0
5596,0.155914634,0
5597,0.147317073,0
5598,0.141646341,0
5599,0.145487805,0
5600,0.152317073,0.005227273
5601,0.144817073,0.072272727
5602,0.102012195,0.215227273
5603,0.073231707,0.365340909
5604,0.089634146,0.47875
5605,0.133231707,0.560909091
5606,0.163780488,0.601590909
5607,0.177439024,0.600681818
5608,0.178231707,0.562045455
5609,0.184268293,0.494204545
5610,0.179634146,0.388636364
5611,0.161890244,0.257159091
5612,0.147682927,0.116590909
5613,0.134085366,0.022727273
5614,0.162926829,0.000113636
5615,0.192195122,0
5616,0.185243902,0
5617,0.165304878,0
5618,0.142987805,0
5619,0.128231707,0
5620,0.116341463,0
5621,0.121829268,0
5622,0.126463415,0
5623,0.119878049,0
5624,0.109207317,0.004204545
5625,0.095792683,0.05875
5626,0.061585366,0.170568182
5627,0.031829268,0.301818182
5628,0.03304878,0.416363636
5629,0.048902439,0.490454545
5630,0.058414634,0.531590909
5631,0.0575,0.5425
5632,0.057256098,0.519204545
5633,0.062621951,0.451818182
5634,0.063353659,0.347613636
5635,0.066341463,0.225909091
5636,0.065670732,0.095454545
5637,0.072621951,0.014886364
5638,0.09402439,0
5639,0.120365854,0
5640,0.152804878,0
5641,0.165670732,0
5642,0.157926829,0
5643,0.154695122,0
5644,0.170365854,0
5645,0.18445122,0
5646,0.192987805,0
5647,0.199146341,0
5648,0.201768293,0.002613636
5649,0.187804878,0.034659091
5650,0.161036585,0.1
5651,0.168353659,0.186590909
5652,0.184634146,0.248409091
5653,0.188780488,0.291704545
5654,0.206219512,0.318863636
5655,0.232073171,0.340113636
5656,0.271646341,0.346136364
5657,0.281219512,0.324545455
5658,0.300243902,0.278522727
5659,0.308963415,0.177954545
5660,0.294512195,0.085681818
5661,0.262804878,0.017159091
5662,0.246646341,0
5663,0.241219512,0
5664,0.250792683,0
5665,0.254634146,0
5666,0.262317073,0
5667,0.255060976,0
5668,0.239390244,0
5669,0.225487805,0
5670,0.223658537,0
5671,0.223963415,0
5672,0.21597561,0.002159091
5673,0.202560976,0.044659091
5674,0.178536585,0.134090909
5675,0.173414634,0.236818182
5676,0.163597561,0.33125
5677,0.154390244,0.384318182
5678,0.146036585,0.403181818
5679,0.142682927,0.396136364
5680,0.134878049,0.349204545
5681,0.127134146,0.305681818
5682,0.121829268,0.23125
5683,0.116097561,0.147159091
5684,0.101890244,0.065795455
5685,0.082256098,0.012954545
5686,0.070853659,0
5687,0.063231707,0
5688,0.063780488,0
5689,0.070853659,0
5690,0.073719512,0
5691,0.078597561,0
5692,0.084939024,0
5693,0.088902439,0
5694,0.087560976,0
5695,0.087195122,0
5696,0.084207317,0.001818182
5697,0.075487805,0.042613636
5698,0.065914634,0.148409091
5699,0.073719512,0.271818182
5700,0.081890244,0.367386364
5701,0.097439024,0.428409091
5702,0.124146341,0.450681818
5703,0.135243902,0.449318182
5704,0.139085366,0.42875
5705,0.132195122,0.373409091
5706,0.140121951,0.289431818
5707,0.130670732,0.209318182
5708,0.127987805,0.089318182
5709,0.110853659,0.014431818
5710,0.098719512,0
5711,0.102865854,0
5712,0.110182927,0
5713,0.110121951,0
5714,0.102378049,0
5715,0.099695122,0
5716,0.094878049,0
5717,0.085121951,0
5718,0.081768293,0
5719,0.086829268,0
5720,0.091829268,0.001818182
5721,0.091036585,0.043409091
5722,0.072256098,0.143068182
5723,0.06097561,0.260454545
5724,0.064756098,0.365681818
5725,0.082439024,0.430909091
5726,0.09304878,0.450454545
5727,0.095609756,0.436590909
5728,0.100914634,0.418295455
5729,0.111707317,0.361363636
5730,0.134695122,0.292159091
5731,0.138597561,0.193181818
5732,0.145853659,0.086590909
5733,0.127743902,0.013522727
5734,0.11945122,0
5735,0.121402439,0
5736,0.129207317,0
5737,0.126768293,0
5738,0.128292683,0
5739,0.124878049,0
5740,0.123414634,0
5741,0.123292683,0
5742,0.117926829,0
5743,0.113902439,0
5744,0.114390244,0.002386364
5745,0.105792683,0.052954545
5746,0.079878049,0.165454545
5747,0.065609756,0.306136364
5748,0.073414634,0.43625
5749,0.099573171,0.519431818
5750,0.102865854,0.537954545
5751,0.093170732,0.521136364
5752,0.092865854,0.493636364
5753,0.098536585,0.431818182
5754,0.107987805,0.333863636
5755,0.111707317,0.218181818
5756,0.112865854,0.096704545
5757,0.111158537,0.015568182
5758,0.127865854,0
5759,0.142439024,0
5760,0.14054878,0
5761,0.13554878,0
5762,0.118780488,0
5763,0.104207317,0
5764,0.09,0
5765,0.072560976,0
5766,0.064634146,0
5767,0.05652439,0
5768,0.057682927,0.002727273
5769,0.051402439,0.060454545
5770,0.035365854,0.1975
5771,0.027926829,0.351590909
5772,0.027195122,0.478409091
5773,0.02695122,0.548295455
5774,0.027317073,0.560454545
5775,0.027378049,0.558295455
5776,0.030914634,0.507727273
5777,0.034695122,0.442386364
5778,0.039695122,0.352386364
5779,0.044390244,0.229090909
5780,0.051341463,0.095681818
5781,0.057560976,0.014659091
5782,0.072134146,0
5783,0.076036585,0
5784,0.07347561,0
5785,0.074268293,0
5786,0.073170732,0
5787,0.071280488,0
5788,0.061829268,0
5789,0.051768293,0
5790,0.046341463,0
5791,0.047073171,0
5792,0.050731707,0.002386364
5793,0.050609756,0.059886364
5794,0.041585366,0.20125
5795,0.035426829,0.356704545
5796,0.036463415,0.482613636
5797,0.042378049,0.557272727
5798,0.046280488,0.578522727
5799,0.052804878,0.562272727
5800,0.059695122,0.535340909
5801,0.068231707,0.465
5802,0.082865854,0.367386364
5803,0.096585366,0.234772727
5804,0.104268293,0.096931818
5805,0.102804878,0.0125
5806,0.114695122,0
5807,0.127439024,0
5808,0.119817073,0
5809,0.11195122,0
5810,0.101036585,0
5811,0.082134146,0
5812,0.074939024,0
5813,0.071463415,0
5814,0.071768293,0
5815,0.06847561,0
5816,0.076158537,0.002045455
5817,0.073963415,0.051704545
5818,0.066219512,0.180454545
5819,0.063292683,0.320681818
5820,0.075792683,0.433522727
5821,0.094329268,0.484659091
5822,0.105365854,0.510909091
5823,0.107560976,0.502386364
5824,0.120853659,0.475681818
5825,0.130426829,0.418409091
5826,0.141585366,0.336590909
5827,0.148597561,0.216931818
5828,0.151707317,0.09
5829,0.147621951,0.011363636
5830,0.171646341,0
5831,0.217378049,0
5832,0.227560976,0
5833,0.215182927,0
5834,0.210731707,0
5835,0.204268293,0
5836,0.193536585,0
5837,0.17945122,0
5838,0.169329268,0
5839,0.174146341,0
5840,0.184573171,0.001590909
5841,0.177317073,0.055113636
5842,0.135426829,0.191704545
5843,0.11945122,0.347954545
5844,0.136768293,0.490795455
5845,0.150487805,0.575909091
5846,0.163231707,0.611477273
5847,0.160304878,0.615113636
5848,0.15445122,0.593068182
5849,0.157987805,0.519772727
5850,0.164146341,0.405909091
5851,0.168109756,0.251363636
5852,0.15597561,0.101931818
5853,0.134146341,0.012159091
5854,0.142317073,0
5855,0.153902439,0
5856,0.154146341,0
5857,0.148963415,0
5858,0.151463415,0
5859,0.151158537,0
5860,0.154146341,0
5861,0.145304878,0
5862,0.141463415,0
5863,0.140853659,0
5864,0.141280488,0.001818182
5865,0.127256098,0.056590909
5866,0.100487805,0.195795455
5867,0.0925,0.36375
5868,0.097682927,0.508863636
5869,0.100792683,0.616136364
5870,0.102134146,0.665227273
5871,0.103902439,0.662272727
5872,0.101036585,0.614204545
5873,0.097378049,0.543522727
5874,0.094939024,0.427613636
5875,0.088780488,0.273409091
5876,0.082621951,0.106818182
5877,0.082378049,0.010681818
5878,0.107865854,0
5879,0.122439024,0
5880,0.11804878,0
5881,0.117134146,0
5882,0.101463415,0
5883,0.084207317,0
5884,0.078780488,0
5885,0.072621951,0
5886,0.073719512,0
5887,0.074695122,0
5888,0.078597561,0.001590909
5889,0.069207317,0.056704545
5890,0.039817073,0.215681818
5891,0.019329268,0.390113636
5892,0.015,0.526136364
5893,0.016097561,0.615681818
5894,0.016890244,0.65875
5895,0.017439024,0.661363636
5896,0.018536585,0.62875
5897,0.019756098,0.552045455
5898,0.022378049,0.433522727
5899,0.028170732,0.27375
5900,0.035243902,0.101818182
5901,0.052256098,0.00875
5902,0.092682927,0
5903,0.121341463,0
5904,0.138963415,0
5905,0.141036585,0
5906,0.137439024,0
5907,0.124390244,0
5908,0.111890244,0
5909,0.107195122,0
5910,0.112195122,0
5911,0.110487805,0
5912,0.107926829,0.001136364
5913,0.101341463,0.055909091
5914,0.076829268,0.213636364
5915,0.049878049,0.386363636
5916,0.041646341,0.520227273
5917,0.047439024,0.607272727
5918,0.056402439,0.653863636
5919,0.059878049,0.651931818
5920,0.05695122,0.616931818
5921,0.0575,0.546590909
5922,0.054268293,0.427727273
5923,0.051768293,0.266363636
5924,0.051585366,0.095454545
5925,0.062378049,0.007386364
5926,0.08652439,0
5927,0.113170732,0
5928,0.137134146,0
5929,0.147682927,0
5930,0.153536585,0
5931,0.159939024,0
5932,0.156402439,0
5933,0.155487805,0
5934,0.156219512,0
5935,0.156158537,0
5936,0.153597561,0.000909091
5937,0.135792683,0.053409091
5938,0.100609756,0.206363636
5939,0.062012195,0.373522727
5940,0.045,0.503636364
5941,0.046463415,0.595227273
5942,0.053841463,0.642045455
5943,0.06195122,0.637954545
5944,0.071829268,0.596704545
5945,0.08097561,0.515227273
5946,0.083841463,0.389431818
5947,0.086341463,0.243522727
5948,0.079207317,0.085795455
5949,0.083597561,0.006704545
5950,0.101219512,0
5951,0.115304878,0
5952,0.118109756,0
5953,0.126646341,0
5954,0.133658537,0
5955,0.130853659,0
5956,0.127682927,0
5957,0.117804878,0
5958,0.105182927,0
5959,0.10347561,0
5960,0.116219512,0.001363636
5961,0.117073171,0.042954545
5962,0.091829268,0.137159091
5963,0.088414634,0.245227273
5964,0.109085366,0.339659091
5965,0.13304878,0.411590909
5966,0.152195122,0.44625
5967,0.151646341,0.418522727
5968,0.162560976,0.412272727
5969,0.150060976,0.3525
5970,0.136707317,0.265568182
5971,0.131219512,0.156136364
5972,0.11902439,0.053295455
5973,0.100914634,0.004090909
5974,0.08554878,0
5975,0.089878049,0
5976,0.094085366,0
5977,0.09097561,0
5978,0.106707317,0
5979,0.114756098,0
5980,0.116707317,0
5981,0.119085366,0
5982,0.112987805,0
5983,0.0975,0
5984,0.090182927,0.000795455
5985,0.081036585,0.030795455
5986,0.060731707,0.114204545
5987,0.059939024,0.200681818
5988,0.080365854,0.265340909
5989,0.085670732,0.309090909
5990,0.076158537,0.333409091
5991,0.069207317,0.303409091
5992,0.062865854,0.257386364
5993,0.055609756,0.205340909
5994,0.047073171,0.140909091
5995,0.039939024,0.078068182
5996,0.038231707,0.031363636
5997,0.039573171,0.003181818
5998,0.043170732,0
5999,0.045731707,0
6000,0.047560976,0
6001,0.047560976,0
6002,0.038719512,0
6003,0.038353659,0
6004,0.035426829,0
6005,0.035914634,0
6006,0.036646341,0
6007,0.03695122,0
6008,0.03402439,0
6009,0.030670732,0.022272727
6010,0.02347561,0.099090909
6011,0.015365854,0.206022727
6012,0.017987805,0.287954545
6013,0.032317073,0.34875
6014,0.051585366,0.374204545
6015,0.080304878,0.371931818
6016,0.099634146,0.343409091
6017,0.116829268,0.294659091
6018,0.129817073,0.22375
6019,0.147865854,0.136931818
6020,0.160670732,0.051363636
6021,0.138170732,0.004318182
6022,0.139878049,0
6023,0.149878049,0
6024,0.157804878,0
6025,0.170609756,0
6026,0.155853659,0
6027,0.155670732,0
6028,0.149207317,0
6029,0.160304878,0
6030,0.166402439,0
6031,0.177987805,0
6032,0.186036585,0.000681818
6033,0.183536585,0.041818182
6034,0.162378049,0.159659091
6035,0.163658537,0.298181818
6036,0.206341463,0.407840909
6037,0.25847561,0.461363636
6038,0.283780488,0.474772727
6039,0.282378049,0.463181818
6040,0.285853659,0.428068182
6041,0.293353659,0.367159091
6042,0.292682927,0.276477273
6043,0.312378049,0.160113636
6044,0.330609756,0.048977273
6045,0.350060976,0.002613636
6046,0.364817073,0
6047,0.352317073,0
6048,0.33445122,0
6049,0.289695122,0
6050,0.251768293,0
6051,0.218109756,0
6052,0.18804878,0
6053,0.172439024,0
6054,0.164512195,0
6055,0.174268293,0
6056,0.171463415,0.000227273
6057,0.147378049,0.029886364
6058,0.132134146,0.124090909
6059,0.145487805,0.252159091
6060,0.189634146,0.353863636
6061,0.205731707,0.419318182
6062,0.207378049,0.453068182
6063,0.208597561,0.473636364
6064,0.227987805,0.433977273
6065,0.25554878,0.387613636
6066,0.269390244,0.307727273
6067,0.259817073,0.174431818
6068,0.23304878,0.06125
6069,0.200426829,0.003409091
6070,0.213597561,0
6071,0.223109756,0
6072,0.235365854,0
6073,0.247439024,0
6074,0.259878049,0
6075,0.280731707,0
6076,0.294146341,0
6077,0.318292683,0
6078,0.332865854,0
6079,0.331341463,0
6080,0.323109756,0.000227273
6081,0.295670732,0.030454545
6082,0.254634146,0.136931818
6083,0.240609756,0.277045455
6084,0.23902439,0.382386364
6085,0.234146341,0.440568182
6086,0.228292683,0.431363636
6087,0.228414634,0.426136364
6088,0.242256098,0.393522727
6089,0.270487805,0.319545455
6090,0.278719512,0.237045455
6091,0.283780488,0.136590909
6092,0.256890244,0.042727273
6093,0.209329268,0.002045455
6094,0.184817073,0
6095,0.175731707,0
6096,0.159390244,0
6097,0.141097561,0
6098,0.134817073,0
6099,0.130914634,0
6100,0.128780488,0
6101,0.11597561,0
6102,0.106585366,0
6103,0.099146341,0
6104,0.097621951,0.000113636
6105,0.086402439,0.027727273
6106,0.082621951,0.118409091
6107,0.082317073,0.221818182
6108,0.090426829,0.307159091
6109,0.096402439,0.353295455
6110,0.097439024,0.358295455
6111,0.091219512,0.359090909
6112,0.095487805,0.320909091
6113,0.099207317,0.269204545
6114,0.095792683,0.202272727
6115,0.093841463,0.110454545
6116,0.089207317,0.034431818
6117,0.084207317,0.000909091
6118,0.080487805,0
6119,0.08804878,0
6120,0.082195122,0
6121,0.073658537,0
6122,0.0725,0
6123,0.074207317,0
6124,0.071585366,0
6125,0.067987805,0
6126,0.069939024,0
6127,0.07347561,0
6128,0.082987805,0.000227273
6129,0.090426829,0.02875
6130,0.089939024,0.118295455
6131,0.087012195,0.22375
6132,0.093719512,0.30375
6133,0.101585366,0.363181818
6134,0.113719512,0.405113636
6135,0.128414634,0.407954545
6136,0.1425,0.392840909
6137,0.154756098,0.344659091
6138,0.166463415,0.265113636
6139,0.167012195,0.159204545
6140,0.165792683,0.049545455
6141,0.16152439,0.001590909
6142,0.163414634,0
6143,0.167682927,0
6144,0.165304878,0
6145,0.17347561,0
6146,0.189268293,0
6147,0.192743902,0
6148,0.215853659,0
6149,0.244390244,0
6150,0.271402439,0
6151,0.268902439,0
6152,0.280426829,0.000113636
6153,0.277073171,0.025454545
6154,0.251463415,0.117954545
6155,0.209573171,0.22125
6156,0.197621951,0.303977273
6157,0.191890244,0.347954545
6158,0.201890244,0.368636364
6159,0.178841463,0.357954545
6160,0.16,0.319204545
6161,0.148780488,0.267386364
6162,0.165304878,0.185795455
6163,0.16695122,0.096363636
6164,0.16402439,0.025681818
6165,0.16945122,0.00125
6166,0.178414634,0
6167,0.196158537,0
6168,0.20804878,0
6169,0.215609756,0
6170,0.219207317,0
6171,0.214207317,0
6172,0.24445122,0
6173,0.255670732,0
6174,0.254939024,0
6175,0.259817073,0
6176,0.245853659,0
6177,0.226402439,0.012954545
6178,0.190121951,0.087045455
6179,0.161341463,0.206818182
6180,0.147195122,0.294659091
6181,0.164085366,0.356818182
6182,0.202621951,0.375909091
6183,0.250182927,0.378068182
6184,0.310731707,0.346363636
6185,0.356463415,0.28875
6186,0.37695122,0.234090909
6187,0.375121951,0.134659091
6188,0.355609756,0.041931818
6189,0.366890244,0.00125
6190,0.423292683,0
6191,0.478231707,0
6192,0.513231707,0
6193,0.540914634,0
6194,0.538414634,0
6195,0.498719512,0
6196,0.49695122,0
6197,0.480426829,0
6198,0.433719512,0
6199,0.376036585,0
6200,0.315243902,0
6201,0.277195122,0.021590909
6202,0.241646341,0.0925
6203,0.242012195,0.176136364
6204,0.255609756,0.253636364
6205,0.284939024,0.295795455
6206,0.319512195,0.323181818
6207,0.34804878,0.332272727
6208,0.387012195,0.304886364
6209,0.412560976,0.284204545
6210,0.436829268,0.211022727
6211,0.411829268,0.114204545
6212,0.375853659,0.033863636
6213,0.37,0.000909091
6214,0.348658537,0
6215,0.349268293,0
6216,0.33902439,0
6217,0.33554878,0
6218,0.3475,0
6219,0.341585366,0
6220,0.327560976,0
6221,0.312682927,0
6222,0.298170732,0
6223,0.301890244,0
6224,0.286646341,0.000113636
6225,0.269634146,0.023295455
6226,0.266768293,0.106363636
6227,0.282073171,0.201931818
6228,0.318963415,0.301136364
6229,0.379146341,0.354204545
6230,0.437987805,0.366590909
6231,0.473414634,0.384545455
6232,0.516402439,0.35
6233,0.541402439,0.27875
6234,0.540426829,0.179318182
6235,0.56945122,0.085
6236,0.609695122,0.01875
6237,0.653231707,0
6238,0.697865854,0
6239,0.70347561,0
6240,0.702865854,0
6241,0.70347561,0
6242,0.687012195,0
6243,0.668658537,0
6244,0.652256098,0
6245,0.63902439,0
6246,0.604634146,0
6247,0.56597561,0
6248,0.534756098,0
6249,0.499085366,0.017272727
6250,0.483841463,0.095
6251,0.454146341,0.195227273
6252,0.434756098,0.273636364
6253,0.426890244,0.340568182
6254,0.4325,0.369886364
6255,0.443170732,0.376590909
6256,0.436280488,0.345227273
6257,0.4225,0.296704545
6258,0.385365854,0.203636364
6259,0.322134146,0.108181818
6260,0.288109756,0.028977273
6261,0.255731707,0.000454545
6262,0.242987805,0
6263,0.235914634,0
6264,0.218292683,0
6265,0.198170732,0
6266,0.181036585,0
6267,0.180609756,0
6268,0.180121951,0
6269,0.17597561,0
6270,0.166646341,0
6271,0.151829268,0
6272,0.138353659,0.000113636
6273,0.125609756,0.026363636
6274,0.114878049,0.121477273
6275,0.111341463,0.241590909
6276,0.128353659,0.347159091
6277,0.173841463,0.402613636
6278,0.219756098,0.417386364
6279,0.256036585,0.415681818
6280,0.292682927,0.387954545
6281,0.333109756,0.334204545
6282,0.370060976,0.233522727
6283,0.36695122,0.117840909
6284,0.35097561,0.026590909
6285,0.350243902,0
6286,0.373536585,0
6287,0.383780488,0
6288,0.36347561,0
6289,0.337439024,0
6290,0.315914634,0
6291,0.278658537,0
6292,0.243658537,0
6293,0.221158537,0
6294,0.201097561,0
6295,0.178658537,0
6296,0.160792683,0.000113636
6297,0.140914634,0.020795455
6298,0.11097561,0.101136364
6299,0.09304878,0.207159091
6300,0.091036585,0.315113636
6301,0.092560976,0.399431818
6302,0.098170732,0.472159091
6303,0.100792683,0.500227273
6304,0.100365854,0.473181818
6305,0.098719512,0.385795455
6306,0.089268293,0.289431818
6307,0.074756098,0.1725
6308,0.063963415,0.043181818
6309,0.071707317,0.000227273
6310,0.07804878,0
6311,0.075670732,0
6312,0.068292683,0
6313,0.067195122,0
6314,0.067560976,0
6315,0.06054878,0
6316,0.055,0
6317,0.057865854,0
6318,0.062195122,0
6319,0.063719512,0
6320,0.06402439,0
6321,0.06445122,0.028295455
6322,0.060304878,0.148181818
6323,0.052317073,0.297727273
6324,0.053658537,0.430795455
6325,0.053597561,0.528522727
6326,0.052317073,0.577272727
6327,0.048292683,0.583295455
6328,0.047621951,0.545681818
6329,0.048170732,0.453522727
6330,0.047256098,0.325113636
6331,0.042804878,0.171704545
6332,0.042256098,0.038522727
6333,0.04902439,0.000113636
6334,0.056036585,0
6335,0.057256098,0
6336,0.05902439,0
6337,0.05554878,0
6338,0.053353659,0
6339,0.050426829,0
6340,0.048353659,0
6341,0.047804878,0
6342,0.048841463,0
6343,0.051707317,0
6344,0.05652439,0
6345,0.055609756,0.02625
6346,0.045426829,0.153522727
6347,0.031829268,0.322727273
6348,0.029695122,0.458636364
6349,0.036097561,0.545340909
6350,0.03402439,0.579886364
6351,0.032317073,0.576704545
6352,0.029695122,0.53625
6353,0.031402439,0.455227273
6354,0.033414634,0.328068182
6355,0.042073171,0.175568182
6356,0.056402439,0.040795455
6357,0.080914634,0.000113636
6358,0.110792683,0
6359,0.122134146,0
6360,0.126402439,0
6361,0.128658537,0
6362,0.130853659,0
6363,0.128963415,0
6364,0.11804878,0
6365,0.120182927,0
6366,0.123231707,0
6367,0.119756098,0
6368,0.122195122,0
6369,0.123353659,0.025568182
6370,0.098902439,0.158636364
6371,0.07,0.335340909
6372,0.062439024,0.481590909
6373,0.07,0.584318182
6374,0.066463415,0.638977273
6375,0.060914634,0.6425
6376,0.063780488,0.602045455
6377,0.070670732,0.514659091
6378,0.0775,0.377954545
6379,0.083963415,0.198522727
6380,0.095304878,0.041136364
6381,0.143719512,0.000113636
6382,0.207743902,0
6383,0.247743902,0
6384,0.248414634,0
6385,0.234695122,0
6386,0.219573171,0
6387,0.203353659,0
6388,0.190670732,0
6389,0.168780488,0
6390,0.150426829,0
6391,0.129939024,0
6392,0.113658537,0.000113636
6393,0.105731707,0.025795455
6394,0.087926829,0.161818182
6395,0.046829268,0.333068182
6396,0.027804878,0.474204545
6397,0.021219512,0.570454545
6398,0.026707317,0.612727273
6399,0.027926829,0.609659091
6400,0.022926829,0.564431818
6401,0.017682927,0.47875
6402,0.016036585,0.350113636
6403,0.017317073,0.17875
6404,0.020304878,0.033522727
6405,0.026280488,0
6406,0.028902439,0
6407,0.030670732,0
6408,0.027926829,0
6409,0.023841463,0
6410,0.020731707,0
6411,0.019146341,0
6412,0.017560976,0
6413,0.017317073,0
6414,0.016219512,0
6415,0.018719512,0
6416,0.02097561,0
6417,0.024268293,0.0175
6418,0.02652439,0.107727273
6419,0.019878049,0.235227273
6420,0.013353659,0.369659091
6421,0.014390244,0.462386364
6422,0.019695122,0.503522727
6423,0.022560976,0.504318182
6424,0.025670732,0.455454545
6425,0.02695122,0.386590909
6426,0.024695122,0.259659091
6427,0.01695122,0.121477273
6428,0.016341463,0.022727273
6429,0.021341463,0
6430,0.025731707,0
6431,0.02804878,0
6432,0.03402439,0
6433,0.037865854,0
6434,0.041402439,0
6435,0.040182927,0
6436,0.038109756,0
6437,0.038292683,0
6438,0.037621951,0
6439,0.039695122,0
6440,0.041097561,0
6441,0.041463415,0.015340909
6442,0.039756098,0.099886364
6443,0.031219512,0.221136364
6444,0.029329268,0.326477273
6445,0.030792683,0.396136364
6446,0.027865854,0.425340909
6447,0.026097561,0.430454545
6448,0.024512195,0.412272727
6449,0.027987805,0.350227273
6450,0.033170732,0.238636364
6451,0.044939024,0.120681818
6452,0.065792683,0.023409091
6453,0.097317073,0
6454,0.131646341,0
6455,0.157804878,0
6456,0.164756098,0
6457,0.153780488,0
6458,0.144390244,0
6459,0.143536585,0
6460,0.141829268,0
6461,0.135792683,0
6462,0.13695122,0
6463,0.134817073,0
6464,0.130182927,0
6465,0.129756098,0.014318182
6466,0.113902439,0.10625
6467,0.079817073,0.230340909
6468,0.061585366,0.354204545
6469,0.060304878,0.444659091
6470,0.073231707,0.475227273
6471,0.078963415,0.479545455
6472,0.082317073,0.44125
6473,0.09195122,0.360113636
6474,0.104207317,0.243068182
6475,0.117256098,0.105909091
6476,0.155670732,0.016022727
6477,0.210182927,0
6478,0.250670732,0
6479,0.267682927,0
6480,0.26804878,0
6481,0.278536585,0
6482,0.253414634,0
6483,0.255792683,0
6484,0.271036585,0
6485,0.280243902,0
6486,0.276829268,0
6487,0.265121951,0
6488,0.276585366,0
6489,0.283414634,0.010795455
6490,0.242621951,0.060568182
6491,0.207621951,0.130795455
6492,0.217256098,0.220113636
6493,0.218353659,0.294659091
6494,0.204512195,0.298977273
6495,0.188658537,0.292386364
6496,0.182743902,0.265909091
6497,0.185853659,0.210340909
6498,0.185060976,0.130227273
6499,0.190914634,0.059886364
6500,0.221463415,0.009431818
6501,0.214329268,0
6502,0.197317073,0
6503,0.19695122,0
6504,0.227926829,0
6505,0.2,0
6506,0.160243902,0
6507,0.146829268,0
6508,0.150365854,0
6509,0.145365854,0
6510,0.138536585,0
6511,0.129878049,0
6512,0.126280488,0
6513,0.127012195,0.007727273
6514,0.113658537,0.059659091
6515,0.099573171,0.122045455
6516,0.085487805,0.180909091
6517,0.063902439,0.228181818
6518,0.056829268,0.278977273
6519,0.059268293,0.312954545
6520,0.062439024,0.299772727
6521,0.073841463,0.243522727
6522,0.082012195,0.169204545
6523,0.084817073,0.080909091
6524,0.097743902,0.014431818
6525,0.126585366,0
6526,0.149573171,0
6527,0.158353659,0
6528,0.157682927,0
6529,0.156036585,0
6530,0.149939024,0
6531,0.128292683,0
6532,0.114634146,0
6533,0.099634146,0
6534,0.100060976,0
6535,0.09152439,0
6536,0.090304878,0
6537,0.091036585,0.012386364
6538,0.070243902,0.096022727
6539,0.049573171,0.194204545
6540,0.033353659,0.286477273
6541,0.024695122,0.353636364
6542,0.026707317,0.386931818
6543,0.035670732,0.365
6544,0.043780488,0.322272727
6545,0.047439024,0.256931818
6546,0.050670732,0.194431818
6547,0.051402439,0.095113636
6548,0.055792683,0.014204545
6549,0.07195122,0
6550,0.090731707,0
6551,0.09097561,0
6552,0.087317073,0
6553,0.08902439,0
6554,0.098109756,0
6555,0.093231707,0
6556,0.087804878,0
6557,0.082317073,0
6558,0.075792683,0
6559,0.071463415,0
6560,0.078841463,0
6561,0.083536585,0.014431818
6562,0.075853659,0.094772727
6563,0.063536585,0.205795455
6564,0.056463415,0.301704545
6565,0.055121951,0.368977273
6566,0.054878049,0.410568182
6567,0.053841463,0.408181818
6568,0.051341463,0.35125
6569,0.054329268,0.277045455
6570,0.057682927,0.181136364
6571,0.064268293,0.080113636
6572,0.085304878,0.010795455
6573,0.12304878,0
6574,0.139634146,0
6575,0.152743902,0
6576,0.161219512,0
6577,0.1725,0
6578,0.179085366,0
6579,0.166646341,0
6580,0.15152439,0
6581,0.14945122,0
6582,0.142987805,0
6583,0.147012195,0
6584,0.144695122,0
6585,0.144512195,0.013295455
6586,0.127560976,0.096931818
6587,0.098292683,0.226590909
6588,0.084878049,0.335795455
6589,0.085731707,0.436477273
6590,0.085182927,0.503863636
6591,0.088292683,0.5
6592,0.095426829,0.457386364
6593,0.105121951,0.358977273
6594,0.11652439,0.229204545
6595,0.130121951,0.097613636
6596,0.169634146,0.011704545
6597,0.221890244,0
6598,0.256463415,0
6599,0.279085366,0
6600,0.295365854,0
6601,0.29902439,0
6602,0.313841463,0
6603,0.328292683,0
6604,0.344329268,0
6605,0.357682927,0
6606,0.370487805,0
6607,0.37652439,0
6608,0.387560976,0
6609,0.403841463,0.009772727
6610,0.407865854,0.065909091
6611,0.368353659,0.140568182
6612,0.339207317,0.217727273
6613,0.343841463,0.289204545
6614,0.368170732,0.302272727
6615,0.342317073,0.298409091
6616,0.318780488,0.279659091
6617,0.329939024,0.214431818
6618,0.325487805,0.136704545
6619,0.342073171,0.057613636
6620,0.370487805,0.007840909
6621,0.408963415,0
6622,0.419817073,0
6623,0.421036585,0
6624,0.404817073,0
6625,0.394756098,0
6626,0.391402439,0
6627,0.406463415,0
6628,0.426341463,0
6629,0.390670732,0
6630,0.356585366,0
6631,0.33445122,0
6632,0.321768293,0
6633,0.315426829,0.004090909
6634,0.298597561,0.038522727
6635,0.281219512,0.087727273
6636,0.268658537,0.131590909
6637,0.26554878,0.178636364
6638,0.266768293,0.187727273
6639,0.227743902,0.196022727
6640,0.183292683,0.164545455
6641,0.12347561,0.134204545
6642,0.082378049,0.097045455
6643,0.062804878,0.040454545
6644,0.06804878,0.006477273
6645,0.068963415,0
6646,0.049817073,0
6647,0.047987805,0
6648,0.043231707,0
6649,0.044512195,0
6650,0.049695122,0
6651,0.057865854,0
6652,0.066097561,0
6653,0.076219512,0
6654,0.080426829,0
6655,0.091646341,0
6656,0.103353659,0
6657,0.128353659,0.004886364
6658,0.132378049,0.065568182
6659,0.136341463,0.166931818
6660,0.1375,0.275227273
6661,0.141829268,0.358181818
6662,0.124146341,0.403181818
6663,0.120121951,0.393295455
6664,0.126341463,0.367840909
6665,0.127378049,0.295681818
6666,0.128841463,0.205795455
6667,0.13195122,0.09125
6668,0.131219512,0.010227273
6669,0.13195122,0
6670,0.128597561,0
6671,0.126768293,0
6672,0.126036585,0
6673,0.122560976,0
6674,0.105121951,0
6675,0.101280488,0
6676,0.095060976,0
6677,0.091890244,0
6678,0.086463415,0
6679,0.088109756,0
6680,0.08554878,0
6681,0.082439024,0.006363636
6682,0.078414634,0.072159091
6683,0.079329268,0.179886364
6684,0.081219512,0.290340909
6685,0.077743902,0.396818182
6686,0.077073171,0.444318182
6687,0.077682927,0.406818182
6688,0.080670732,0.348977273
6689,0.0875,0.248863636
6690,0.088719512,0.166590909
6691,0.085121951,0.072272727
6692,0.080426829,0.008068182
6693,0.079512195,0
6694,0.077926829,0
6695,0.079695122,0
6696,0.078292683,0
6697,0.076097561,0
6698,0.071890244,0
6699,0.069390244,0
6700,0.069634146,0
6701,0.065121951,0
6702,0.062439024,0
6703,0.06445122,0
6704,0.069329268,0
6705,0.06402439,0.007272727
6706,0.058353659,0.10125
6707,0.047378049,0.250568182
6708,0.037560976,0.391477273
6709,0.03652439,0.482272727
6710,0.039878049,0.503977273
6711,0.042865854,0.464545455
6712,0.047256098,0.376363636
6713,0.04804878,0.292159091
6714,0.046890244,0.194431818
6715,0.041097561,0.087045455
6716,0.040731707,0.008295455
6717,0.047682927,0
6718,0.049207317,0
6719,0.047987805,0
6720,0.045914634,0
6721,0.038658537,0
6722,0.032804878,0
6723,0.03,0
6724,0.028231707,0
6725,0.027439024,0
6726,0.027743902,0
6727,0.031463415,0
6728,0.033414634,0
6729,0.034939024,0.006136364
6730,0.035426829,0.079886364
6731,0.033536585,0.200227273
6732,0.030060976,0.303181818
6733,0.030304878,0.379318182
6734,0.035182927,0.414204545
6735,0.039512195,0.385454545
6736,0.044085366,0.316477273
6737,0.04847561,0.243068182
6738,0.05054878,0.1475
6739,0.051463415,0.051704545
6740,0.053292683,0.004431818
6741,0.05902439,0
6742,0.066219512,0
6743,0.068170732,0
6744,0.070731707,0
6745,0.069146341,0
6746,0.072317073,0
6747,0.072134146,0
6748,0.069207317,0
6749,0.065365854,0
6750,0.062256098,0
6751,0.063719512,0
6752,0.065792683,0
6753,0.069634146,0.005113636
6754,0.067682927,0.062386364
6755,0.062256098,0.160454545
6756,0.067743902,0.261477273
6757,0.082743902,0.343068182
6758,0.109695122,0.376022727
6759,0.128597561,0.343636364
6760,0.161829268,0.313181818
6761,0.202439024,0.247045455
6762,0.215121951,0.149886364
6763,0.209939024,0.055
6764,0.235060976,0.003295455
6765,0.25054878,0
6766,0.28152439,0
6767,0.293719512,0
6768,0.281463415,0
6769,0.293109756,0
6770,0.303414634,0
6771,0.304634146,0
6772,0.305304878,0
6773,0.30097561,0
6774,0.308414634,0
6775,0.31054878,0
6776,0.313963415,0
6777,0.328780488,0.00625
6778,0.32152439,0.06375
6779,0.312621951,0.162386364
6780,0.3725,0.258863636
6781,0.422195122,0.310681818
6782,0.421219512,0.319545455
6783,0.446341463,0.307045455
6784,0.4775,0.281477273
6785,0.476646341,0.222727273
6786,0.475304878,0.159772727
6787,0.425731707,0.071818182
6788,0.388902439,0.005681818
6789,0.397256098,0
6790,0.412439024,0
6791,0.397073171,0
6792,0.379939024,0
6793,0.358841463,0
6794,0.334146341,0
6795,0.310426829,0
6796,0.268414634,0
6797,0.224085366,0
6798,0.201768293,0
6799,0.185731707,0
6800,0.175365854,0
6801,0.187804878,0.006363636
6802,0.191341463,0.088295455
6803,0.1575,0.212613636
6804,0.154695122,0.308068182
6805,0.139756098,0.387272727
6806,0.114573171,0.397386364
6807,0.104085366,0.380795455
6808,0.097256098,0.33125
6809,0.086341463,0.251136364
6810,0.081585366,0.166363636
6811,0.078414634,0.065340909
6812,0.067317073,0.004090909
6813,0.069085366,0
6814,0.068658537,0
6815,0.077256098,0
6816,0.087378049,0
6817,0.089085366,0
6818,0.082560976,0
6819,0.082012195,0
6820,0.084207317,0
6821,0.095121951,0
6822,0.111158537,0
6823,0.126463415,0
6824,0.134939024,0
6825,0.132073171,0.006931818
6826,0.13097561,0.073409091
6827,0.12152439,0.177727273
6828,0.120365854,0.262840909
6829,0.116341463,0.314431818
6830,0.096829268,0.325909091
6831,0.0975,0.321590909
6832,0.088719512,0.269886364
6833,0.077256098,0.211022727
6834,0.083353659,0.13125
6835,0.074634146,0.051022727
6836,0.053292683,0.002727273
6837,0.041280488,0
6838,0.034390244,0
6839,0.030914634,0
6840,0.033231707,0
6841,0.04195122,0
6842,0.058780488,0
6843,0.083231707,0
6844,0.110914634,0
6845,0.133780488,0
6846,0.160426829,0
6847,0.191097561,0
6848,0.219268293,0
6849,0.23652439,0.004772727
6850,0.261158537,0.078295455
6851,0.260121951,0.199886364
6852,0.273414634,0.324659091
6853,0.301585366,0.410227273
6854,0.333109756,0.458522727
6855,0.356158537,0.440909091
6856,0.352560976,0.367386364
6857,0.34695122,0.275
6858,0.344085366,0.172386364
6859,0.304756098,0.056818182
6860,0.276097561,0.002272727
6861,0.281341463,0
6862,0.305121951,0
6863,0.31,0
6864,0.307073171,0
6865,0.297317073,0
6866,0.284573171,0
6867,0.28195122,0
6868,0.259207317,0
6869,0.230670732,0
6870,0.210670732,0
6871,0.19652439,0
6872,0.192682927,0
6873,0.192256098,0.001704545
6874,0.194390244,0.039545455
6875,0.197621951,0.115681818
6876,0.194146341,0.208522727
6877,0.196768293,0.27375
6878,0.207439024,0.326477273
6879,0.222865854,0.33875
6880,0.250365854,0.327613636
6881,0.23554878,0.265795455
6882,0.222560976,0.156818182
6883,0.219390244,0.051022727
6884,0.232621951,0.002386364
6885,0.2575,0
6886,0.278780488,0
6887,0.290670732,0
6888,0.262195122,0
6889,0.239756098,0
6890,0.248963415,0
6891,0.235670732,0
6892,0.240487805,0
6893,0.243963415,0
6894,0.237256098,0
6895,0.208658537,0
6896,0.189756098,0
6897,0.174695122,0.001704545
6898,0.155670732,0.028636364
6899,0.140060976,0.080795455
6900,0.131768293,0.133068182
6901,0.129695122,0.16125
6902,0.137804878,0.168863636
6903,0.152439024,0.171818182
6904,0.154329268,0.130681818
6905,0.143231707,0.093522727
6906,0.137743902,0.056136364
6907,0.133780488,0.017727273
6908,0.133963415,0.000340909
6909,0.136768293,0
6910,0.143353659,0
6911,0.147439024,0
6912,0.14695122,0
6913,0.158109756,0
6914,0.157621951,0
6915,0.143170732,0
6916,0.145914634,0
6917,0.140609756,0
6918,0.136158537,0
6919,0.132317073,0
6920,0.137012195,0
6921,0.142926829,0.003068182
6922,0.164939024,0.0525
6923,0.187621951,0.138409091
6924,0.212073171,0.225681818
6925,0.254756098,0.293863636
6926,0.302439024,0.3225
6927,0.338292683,0.3225
6928,0.363109756,0.279204545
6929,0.353963415,0.222954545
6930,0.349207317,0.138977273
6931,0.335853659,0.047954545
6932,0.319085366,0.001704545
6933,0.320487805,0
6934,0.333902439,0
6935,0.37195122,0
6936,0.388963415,0
6937,0.391463415,0
6938,0.36804878,0
6939,0.342926829,0
6940,0.326402439,0
6941,0.316158537,0
6942,0.317682927,0
6943,0.316829268,0
6944,0.321158537,0
6945,0.321890244,0.003863636
6946,0.302012195,0.073068182
6947,0.290731707,0.1975
6948,0.284756098,0.321022727
6949,0.290121951,0.400795455
6950,0.280670732,0.44625
6951,0.269939024,0.462840909
6952,0.268292683,0.446022727
6953,0.231829268,0.363522727
6954,0.185426829,0.227613636
6955,0.141707317,0.067840909
6956,0.143597561,0.001477273
6957,0.148597561,0
6958,0.149695122,0
6959,0.135792683,0
6960,0.113780488,0
6961,0.098353659,0
6962,0.082439024,0
6963,0.067134146,0
6964,0.061280488,0
6965,0.060121951,0
6966,0.067378049,0
6967,0.079939024,0
6968,0.097926829,0
6969,0.118963415,0.002954545
6970,0.149329268,0.064090909
6971,0.153109756,0.179431818
6972,0.143414634,0.297954545
6973,0.146158537,0.388522727
6974,0.153658537,0.440568182
6975,0.15554878,0.444772727
6976,0.162926829,0.400681818
6977,0.172560976,0.310227273
6978,0.184207317,0.1975
6979,0.211036585,0.062272727
6980,0.28054878,0.001477273
6981,0.338841463,0
6982,0.366707317,0
6983,0.384756098,0
6984,0.376341463,0
6985,0.358597561,0
6986,0.350914634,0
6987,0.337317073,0
6988,0.327621951,0
6989,0.30945122,0
6990,0.305243902,0
6991,0.311707317,0
6992,0.320792683,0
6993,0.319756098,0.001477273
6994,0.301402439,0.048522727
6995,0.261097561,0.1325
6996,0.238109756,0.204772727
6997,0.231463415,0.266022727
6998,0.269573171,0.300795455
6999,0.287621951,0.290909091
7000,0.318170732,0.263295455
7001,0.338170732,0.212954545
7002,0.358597561,0.12
7003,0.342256098,0.036818182
7004,0.337621951,0.000795455
7005,0.359634146,0
7006,0.375609756,0
7007,0.374817073,0
7008,0.388170732,0
7009,0.3825,0
7010,0.368414634,0
7011,0.361646341,0
7012,0.355914634,0
7013,0.336768293,0
7014,0.32652439,0
7015,0.299207317,0
7016,0.27804878,0
7017,0.304634146,0.000227273
7018,0.338109756,0.027727273
7019,0.321585366,0.113977273
7020,0.31804878,0.202613636
7021,0.333597561,0.261477273
7022,0.346829268,0.309431818
7023,0.369085366,0.305227273
7024,0.382743902,0.274204545
7025,0.385609756,0.2075
7026,0.392926829,0.120568182
7027,0.420792683,0.039545455
7028,0.44304878,0.000568182
7029,0.42695122,0
7030,0.400670732,0
7031,0.366707317,0
7032,0.336768293,0
7033,0.330426829,0
7034,0.304878049,0
7035,0.305365854,0
7036,0.294085366,0
7037,0.28597561,0
7038,0.28054878,0
7039,0.299207317,0
7040,0.307195122,0
7041,0.30597561,0.001477273
7042,0.299756098,0.047840909
7043,0.286402439,0.152727273
7044,0.257256098,0.260340909
7045,0.252621951,0.330795455
7046,0.257439024,0.358977273
7047,0.284878049,0.345681818
7048,0.300182927,0.295113636
7049,0.303353659,0.211931818
7050,0.296341463,0.119204545
7051,0.303658537,0.032386364
7052,0.337987805,0.000568182
7053,0.373597561,0
7054,0.396707317,0
7055,0.421158537,0
7056,0.422865854,0
7057,0.423109756,0
7058,0.438231707,0
7059,0.463719512,0
7060,0.490914634,0
7061,0.502865854,0
7062,0.535,0
7063,0.567865854,0
7064,0.567987805,0
7065,0.570365854,0.001136364
7066,0.571463415,0.038636364
7067,0.552926829,0.124772727
7068,0.543170732,0.206136364
7069,0.534512195,0.252954545
7070,0.549512195,0.256704545
7071,0.549512195,0.244318182
7072,0.514390244,0.214204545
7073,0.466463415,0.151590909
7074,0.457682927,0.07375
7075,0.457317073,0.016136364
7076,0.487073171,0.000227273
7077,0.457439024,0
7078,0.485304878,0
7079,0.508658537,0
7080,0.49054878,0
7081,0.511402439,0
7082,0.540304878,0
7083,0.540487805,0
7084,0.527621951,0
7085,0.542378049,0
7086,0.550365854,0
7087,0.550060976,0
7088,0.545792683,0
7089,0.533353659,0
7090,0.531768293,0.031022727
7091,0.501402439,0.138181818
7092,0.51652439,0.22625
7093,0.52054878,0.305227273
7094,0.498780488,0.348181818
7095,0.458902439,0.344318182
7096,0.422865854,0.330568182
7097,0.372195122,0.265681818
7098,0.310792683,0.165113636
7099,0.267621951,0.044772727
7100,0.248658537,0.000454545
7101,0.235182927,0
7102,0.224634146,0
7103,0.212560976,0
7104,0.198658537,0
7105,0.178658537,0
7106,0.16945122,0
7107,0.144939024,0
7108,0.123597561,0
7109,0.107439024,0
7110,0.09347561,0
7111,0.081463415,0
7112,0.08,0
7113,0.085853659,0.000909091
7114,0.088231707,0.049318182
7115,0.087987805,0.17875
7116,0.107621951,0.291590909
7117,0.117682927,0.351931818
7118,0.126158537,0.39625
7119,0.141890244,0.400909091
7120,0.152926829,0.362386364
7121,0.178902439,0.273863636
7122,0.20804878,0.143522727
7123,0.262378049,0.029318182
7124,0.34652439,0
7125,0.41347561,0
7126,0.451219512,0
7127,0.480121951,0
7128,0.47804878,0
7129,0.465731707,0
7130,0.440304878,0
7131,0.427073171,0
7132,0.423536585,0
7133,0.407134146,0
7134,0.432621951,0
7135,0.43054878,0
7136,0.4425,0
7137,0.448109756,0.001136364
7138,0.46054878,0.034886364
7139,0.472439024,0.116363636
7140,0.455792683,0.195227273
7141,0.429207317,0.248068182
7142,0.406646341,0.254318182
7143,0.361219512,0.248977273
7144,0.314817073,0.22375
7145,0.297682927,0.169090909
7146,0.282865854,0.1
7147,0.280060976,0.024886364
7148,0.289878049,0
7149,0.313231707,0
7150,0.307560976,0
7151,0.293170732,0
7152,0.286768293,0
7153,0.288109756,0
7154,0.306646341,0
7155,0.307804878,0
7156,0.301768293,0
7157,0.312256098,0
7158,0.316890244,0
7159,0.34054878,0
7160,0.371097561,0
7161,0.372743902,0.001363636
7162,0.382439024,0.04
7163,0.37304878,0.155454545
7164,0.37,0.281477273
7165,0.383658537,0.365227273
7166,0.421219512,0.407386364
7167,0.448597561,0.393977273
7168,0.458841463,0.340227273
7169,0.453109756,0.242840909
7170,0.433902439,0.125681818
7171,0.408536585,0.027613636
7172,0.423902439,0
7173,0.468231707,0
7174,0.50902439,0
7175,0.526341463,0
7176,0.553780488,0
7177,0.58054878,0
7178,0.590914634,0
7179,0.631158537,0
7180,0.646097561,0
7181,0.658841463,0
7182,0.6725,0
7183,0.6825,0
7184,0.685670732,0.000113636
7185,0.696463415,0.030795455
7186,0.705670732,0.124659091
7187,0.71804878,0.225113636
7188,0.733414634,0.301704545
7189,0.734329268,0.342613636
7190,0.72195122,0.312386364
7191,0.723597561,0.261477273
7192,0.706219512,0.180113636
7193,0.680121951,0.095454545
7194,0.666036585,0.020681818
7195,0.674268293,0
7196,0.67597561,0
7197,0.667439024,0
7198,0.642987805,0
7199,0.655853659,0
7200,0.697256098,0
7201,0.724756098,0
7202,0.729695122,0
7203,0.726463415,0
7204,0.71945122,0
7205,0.715609756,0
7206,0.708231707,0
7207,0.709207317,0
7208,0.712134146,0.000454545
7209,0.688170732,0.041931818
7210,0.674390244,0.148181818
7211,0.669756098,0.2475
7212,0.690304878,0.321931818
7213,0.706097561,0.345454545
7214,0.701707317,0.329318182
7215,0.690609756,0.277840909
7216,0.669695122,0.197045455
7217,0.626463415,0.0975
7218,0.596829268,0.017727273
7219,0.547987805,0
7220,0.519939024,0
7221,0.528292683,0
7222,0.525243902,0
7223,0.511036585,0
7224,0.519573171,0
7225,0.494817073,0
7226,0.488353659,0
7227,0.477682927,0
7228,0.465670732,0
7229,0.454390244,0
7230,0.411036585,0
7231,0.372682927,0
7232,0.34945122,0
7233,0.317621951,0.029431818
7234,0.285853659,0.135227273
7235,0.281585366,0.249204545
7236,0.294756098,0.32875
7237,0.335609756,0.339431818
7238,0.36152439,0.329886364
7239,0.364207317,0.278522727
7240,0.339878049,0.218636364
7241,0.294146341,0.123068182
7242,0.250060976,0.03
7243,0.252621951,0
7244,0.269268293,0
7245,0.279146341,0
7246,0.268536585,0
7247,0.246158537,0
7248,0.220731707,0
7249,0.210243902,0
7250,0.194878049,0
7251,0.195670732,0
7252,0.187743902,0
7253,0.169573171,0
7254,0.152439024,0
7255,0.144207317,0
7256,0.140121951,0.000113636
7257,0.1425,0.043068182
7258,0.128231707,0.184886364
7259,0.116768293,0.322727273
7260,0.11402439,0.433409091
7261,0.127560976,0.494090909
7262,0.141585366,0.481818182
7263,0.140182927,0.421136364
7264,0.139207317,0.318409091
7265,0.136280488,0.177159091
7266,0.127012195,0.038636364
7267,0.135,0
7268,0.161036585,0
7269,0.185487805,0
7270,0.197256098,0
7271,0.204573171,0
7272,0.212073171,0
7273,0.214390244,0
7274,0.225,0
7275,0.228292683,0
7276,0.225853659,0
7277,0.210304878,0
7278,0.204268293,0
7279,0.208963415,0
7280,0.217195122,0.000113636
7281,0.229207317,0.039545455
7282,0.218292683,0.174204545
7283,0.182804878,0.306136364
7284,0.179207317,0.395681818
7285,0.206036585,0.433181818
7286,0.229146341,0.426590909
7287,0.227743902,0.373409091
7288,0.213597561,0.273977273
7289,0.199512195,0.147727273
7290,0.19945122,0.029431818
7291,0.200914634,0
7292,0.207560976,0
7293,0.214512195,0
7294,0.215670732,0
7295,0.218780488,0
7296,0.212926829,0
7297,0.2125,0
7298,0.209939024,0
7299,0.200304878,0
7300,0.191158537,0
7301,0.191036585,0
7302,0.191585366,0
7303,0.199878049,0
7304,0.198353659,0.000454545
7305,0.188902439,0.031136364
7306,0.182621951,0.104772727
7307,0.176646341,0.180909091
7308,0.17152439,0.222840909
7309,0.167439024,0.25
7310,0.181646341,0.235454545
7311,0.200609756,0.175
7312,0.222317073,0.120454545
7313,0.266890244,0.056363636
7314,0.330487805,0.008181818
7315,0.390243902,0
7316,0.419085366,0
7317,0.459756098,0
7318,0.497378049,0
7319,0.520182927,0
7320,0.555365854,0
7321,0.584573171,0
7322,0.565609756,0
7323,0.551890244,0
7324,0.537134146,0
7325,0.516646341,0
7326,0.501707317,0
7327,0.488414634,0
7328,0.492012195,0
7329,0.483170732,0.013295455
7330,0.484512195,0.079204545
7331,0.496097561,0.16375
7332,0.509085366,0.210795455
7333,0.506280488,0.251363636
7334,0.499268293,0.252954545
7335,0.504756098,0.204886364
7336,0.487012195,0.132386364
7337,0.462987805,0.064204545
7338,0.47554878,0.010454545
7339,0.492073171,0
7340,0.497743902,0
7341,0.50695122,0
7342,0.49902439,0
7343,0.498292683,0
7344,0.50097561,0
7345,0.502439024,0
7346,0.54597561,0
7347,0.544390244,0
7348,0.559085366,0
7349,0.567621951,0
7350,0.584329268,0
7351,0.580426829,0
7352,0.586829268,0.000113636
7353,0.581646341,0.029090909
7354,0.589756098,0.128295455
7355,0.607987805,0.228636364
7356,0.613231707,0.315340909
7357,0.64554878,0.355909091
7358,0.649146341,0.339772727
7359,0.636768293,0.314431818
7360,0.586036585,0.219204545
7361,0.531463415,0.102159091
7362,0.497926829,0.013409091
7363,0.511402439,0
7364,0.544756098,0
7365,0.612012195,0
7366,0.658109756,0
7367,0.673780488,0
7368,0.699695122,0
7369,0.723109756,0
7370,0.740792683,0
7371,0.739146341,0
7372,0.72847561,0
7373,0.714512195,0
7374,0.708902439,0
7375,0.698231707,0
7376,0.685060976,0
7377,0.666158537,0.005
7378,0.643658537,0.032840909
7379,0.617926829,0.068295455
7380,0.623841463,0.104659091
7381,0.605792683,0.128409091
7382,0.575304878,0.144659091
7383,0.556829268,0.136022727
7384,0.520182927,0.110113636
7385,0.459390244,0.065681818
7386,0.365304878,0.014090909
7387,0.29902439,0
7388,0.282073171,0
7389,0.260792683,0
7390,0.248170732,0
7391,0.231402439,0
7392,0.215731707,0
7393,0.20445122,0
7394,0.202682927,0
7395,0.211402439,0
7396,0.227560976,0
7397,0.234329268,0
7398,0.246829268,0
7399,0.269695122,0
7400,0.317682927,0.000113636
7401,0.365853659,0.025568182
7402,0.390670732,0.073295455
7403,0.393963415,0.107045455
7404,0.405609756,0.130795455
7405,0.454634146,0.137272727
7406,0.504085366,0.137159091
7407,0.548109756,0.114431818
7408,0.609817073,0.08625
7409,0.651890244,0.039659091
7410,0.684939024,0.005454545
7411,0.690121951,0
7412,0.681829268,0
7413,0.648231707,0
7414,0.631219512,0
7415,0.612682927,0
7416,0.622865854,0
7417,0.603658537,0
7418,0.590243902,0
7419,0.567439024,0
7420,0.546585366,0
7421,0.49945122,0
7422,0.459634146,0
7423,0.437134146,0
7424,0.435121951,0.000227273
7425,0.450853659,0.01875
7426,0.489756098,0.078181818
7427,0.563109756,0.160795455
7428,0.627743902,0.212159091
7429,0.707073171,0.24125
7430,0.726463415,0.250795455
7431,0.71445122,0.232386364
7432,0.686646341,0.173977273
7433,0.672926829,0.089318182
7434,0.649756098,0.013181818
7435,0.623353659,0
7436,0.625365854,0
7437,0.631707317,0
7438,0.623719512,0
7439,0.630304878,0
7440,0.628780488,0
7441,0.62847561,0
7442,0.612926829,0
7443,0.606707317,0
7444,0.583231707,0
7445,0.559939024,0
7446,0.535304878,0
7447,0.506768293,0
7448,0.484634146,0.000113636
7449,0.451829268,0.026477273
7450,0.422987805,0.115568182
7451,0.412195122,0.211931818
7452,0.404634146,0.280909091
7453,0.388109756,0.311022727
7454,0.360914634,0.307727273
7455,0.326158537,0.27125
7456,0.294085366,0.192159091
7457,0.284695122,0.095568182
7458,0.272439024,0.012613636
7459,0.276890244,0
7460,0.30304878,0
7461,0.316707317,0
7462,0.310121951,0
7463,0.266890244,0
7464,0.244329268,0
7465,0.202378049,0
7466,0.16152439,0
7467,0.13402439,0
7468,0.10652439,0
7469,0.079207317,0
7470,0.075182927,0
7471,0.08347561,0
7472,0.086768293,0
7473,0.093170732,0.012045455
7474,0.110060976,0.054772727
7475,0.115426829,0.096931818
7476,0.13902439,0.131931818
7477,0.172804878,0.145454545
7478,0.202317073,0.124545455
7479,0.2675,0.109318182
7480,0.319817073,0.076931818
7481,0.361768293,0.037045455
7482,0.400121951,0.005113636
7483,0.468841463,0
7484,0.55695122,0
7485,0.584634146,0
7486,0.578109756,0
7487,0.57347561,0
7488,0.57402439,0
7489,0.545731707,0
7490,0.52195122,0
7491,0.477134146,0
7492,0.420243902,0
7493,0.393353659,0
7494,0.373597561,0
7495,0.38054878,0
7496,0.372378049,0
7497,0.363109756,0.02375
7498,0.358414634,0.150340909
7499,0.3325,0.282613636
7500,0.358231707,0.345795455
7501,0.406158537,0.357272727
7502,0.44652439,0.332954545
7503,0.453597561,0.263295455
7504,0.470670732,0.172272727
7505,0.474573171,0.066931818
7506,0.500060976,0.005227273
7507,0.498109756,0
7508,0.492743902,0
7509,0.496890244,0
7510,0.502682927,0
7511,0.502987805,0
7512,0.512804878,0
7513,0.506585366,0
7514,0.486341463,0
7515,0.471158537,0
7516,0.433353659,0
7517,0.415609756,0
7518,0.45054878,0
7519,0.460243902,0
7520,0.474146341,0
7521,0.465,0.002840909
7522,0.477682927,0.037272727
7523,0.52445122,0.100568182
7524,0.582865854,0.146931818
7525,0.58402439,0.189886364
7526,0.572621951,0.218636364
7527,0.521219512,0.218068182
7528,0.47304878,0.165227273
7529,0.391402439,0.07375
7530,0.319634146,0.005681818
7531,0.291402439,0
7532,0.263353659,0
7533,0.243536585,0
7534,0.221219512,0
7535,0.195914634,0
7536,0.173841463,0
7537,0.163902439,0
7538,0.143109756,0
7539,0.132987805,0
7540,0.136646341,0
7541,0.145792683,0
7542,0.165670732,0
7543,0.193536585,0
7544,0.22347561,0.000113636
7545,0.249756098,0.023863636
7546,0.25945122,0.12875
7547,0.257865854,0.249659091
7548,0.247987805,0.332159091
7549,0.252987805,0.381818182
7550,0.263109756,0.377272727
7551,0.265060976,0.321931818
7552,0.265304878,0.230568182
7553,0.266280488,0.101477273
7554,0.274939024,0.009090909
7555,0.29097561,0
7556,0.2925,0
7557,0.291646341,0
7558,0.283963415,0
7559,0.26695122,0
7560,0.257865854,0
7561,0.240853659,0
7562,0.230365854,0
7563,0.217256098,0
7564,0.213597561,0
7565,0.205487805,0
7566,0.188902439,0
7567,0.171768293,0
7568,0.164512195,0
7569,0.153902439,0.019545455
7570,0.146341463,0.103636364
7571,0.133170732,0.195454545
7572,0.122012195,0.261477273
7573,0.121890244,0.296818182
7574,0.123170732,0.300227273
7575,0.147317073,0.255227273
7576,0.150243902,0.178409091
7577,0.150792683,0.075454545
7578,0.158658537,0.005681818
7579,0.173780488,0
7580,0.192621951,0
7581,0.212621951,0
7582,0.228231707,0
7583,0.236036585,0
7584,0.257682927,0
7585,0.285670732,0
7586,0.28347561,0
7587,0.280426829,0
7588,0.2725,0
7589,0.272987805,0
7590,0.280060976,0
7591,0.277195122,0
7592,0.265121951,0.000113636
7593,0.265487805,0.015568182
7594,0.252743902,0.090227273
7595,0.228841463,0.185227273
7596,0.209878049,0.254318182
7597,0.206280488,0.293977273
7598,0.195,0.290227273
7599,0.189939024,0.24375
7600,0.184512195,0.1775
7601,0.173536585,0.078863636
7602,0.168536585,0.007727273
7603,0.172621951,0
7604,0.171768293,0
7605,0.162317073,0
7606,0.148536585,0
7607,0.132621951,0
7608,0.118719512,0
7609,0.118841463,0
7610,0.130914634,0
7611,0.160426829,0
7612,0.201890244,0
7613,0.237134146,0
7614,0.26054878,0
7615,0.298597561,0
7616,0.297378049,0
7617,0.311768293,0.010340909
7618,0.332134146,0.080227273
7619,0.339573171,0.185681818
7620,0.37554878,0.262272727
7621,0.433597561,0.302727273
7622,0.474268293,0.307272727
7623,0.469695122,0.235113636
7624,0.442621951,0.163295455
7625,0.395243902,0.072727273
7626,0.372012195,0.007272727
7627,0.389207317,0
7628,0.385365854,0
7629,0.403536585,0
7630,0.408902439,0
7631,0.432804878,0
7632,0.445426829,0
7633,0.43554878,0
7634,0.436097561,0
7635,0.434573171,0
7636,0.440670732,0
7637,0.451341463,0
7638,0.454512195,0
7639,0.451829268,0
7640,0.45445122,0
7641,0.452743902,0.007613636
7642,0.456280488,0.064545455
7643,0.458719512,0.127159091
7644,0.499268293,0.174545455
7645,0.570182927,0.197613636
7646,0.613292683,0.19
7647,0.621585366,0.147386364
7648,0.601890244,0.100795455
7649,0.538353659,0.039090909
7650,0.485426829,0.002386364
7651,0.474512195,0
7652,0.450060976,0
7653,0.416341463,0
7654,0.38554878,0
7655,0.350487805,0
7656,0.32097561,0
7657,0.279817073,0
7658,0.247560976,0
7659,0.223414634,0
7660,0.195731707,0
7661,0.176890244,0
7662,0.160243902,0
7663,0.157560976,0
7664,0.155853659,0
7665,0.1475,0.005113636
7666,0.140365854,0.063068182
7667,0.120853659,0.153409091
7668,0.112865854,0.231363636
7669,0.124634146,0.283977273
7670,0.147317073,0.279772727
7671,0.174085366,0.239431818
7672,0.17652439,0.152272727
7673,0.17847561,0.057954545
7674,0.176341463,0.004318182
7675,0.18445122,0
7676,0.182439024,0
7677,0.158963415,0
7678,0.147378049,0
7679,0.137621951,0
7680,0.130426829,0
7681,0.121158537,0
7682,0.118658537,0
7683,0.109939024,0
7684,0.106890244,0
7685,0.110304878,0
7686,0.115182927,0
7687,0.119268293,0
7688,0.126402439,0
7689,0.129207317,0.0025
7690,0.1275,0.030909091
7691,0.113841463,0.081363636
7692,0.093963415,0.116022727
7693,0.08347561,0.133295455
7694,0.071158537,0.134318182
7695,0.059695122,0.115227273
7696,0.051646341,0.074431818
7697,0.048841463,0.030795455
7698,0.049207317,0.002386364
7699,0.055304878,0
7700,0.058414634,0
7701,0.056890244,0
7702,0.052926829,0
7703,0.052987805,0
7704,0.053170732,0
7705,0.049268293,0
7706,0.046829268,0
7707,0.048658537,0
7708,0.050670732,0
7709,0.047743902,0
7710,0.046463415,0
7711,0.047256098,0
7712,0.046341463,0
7713,0.043109756,0.001477273
7714,0.042195122,0.021590909
7715,0.043841463,0.052613636
7716,0.041829268,0.084090909
7717,0.042378049,0.107954545
7718,0.036829268,0.109431818
7719,0.035426829,0.095340909
7720,0.035609756,0.06375
7721,0.032134146,0.022727273
7722,0.036402439,0.00125
7723,0.05195122,0
7724,0.060792683,0
7725,0.071646341,0
7726,0.087865854,0
7727,0.090060976,0
7728,0.10195122,0
7729,0.111707317,0
7730,0.119146341,0
7731,0.125487805,0
7732,0.137621951,0
7733,0.143963415,0
7734,0.154390244,0
7735,0.171097561,0
7736,0.191463415,0
7737,0.195914634,0.00125
7738,0.196097561,0.027613636
7739,0.197743902,0.075909091
7740,0.241097561,0.123295455
7741,0.278902439,0.144659091
7742,0.296158537,0.138409091
7743,0.320609756,0.110909091
7744,0.342317073,0.072386364
7745,0.352378049,0.032840909
7746,0.32652439,0.002954545
7747,0.34804878,0
7748,0.358719512,0
7749,0.3875,0
7750,0.395609756,0
7751,0.394146341,0
7752,0.390487805,0
7753,0.379573171,0
7754,0.364390244,0
7755,0.351768293,0
7756,0.342621951,0
7757,0.348780488,0
7758,0.333231707,0
7759,0.316463415,0
7760,0.30445122,0
7761,0.294939024,0.005795455
7762,0.270182927,0.071590909
7763,0.250853659,0.175795455
7764,0.266402439,0.244090909
7765,0.320426829,0.273977273
7766,0.393719512,0.234545455
7767,0.474146341,0.191818182
7768,0.541768293,0.115681818
7769,0.582682927,0.04
7770,0.584146341,0.003295455
7771,0.574085366,0
7772,0.552378049,0
7773,0.522073171,0
7774,0.472439024,0
7775,0.409634146,0
7776,0.372317073,0
7777,0.323292683,0
7778,0.314146341,0
7779,0.292682927,0
7780,0.256402439,0
7781,0.239085366,0
7782,0.227804878,0
7783,0.221890244,0
7784,0.197195122,0
7785,0.177804878,0.000681818
7786,0.166097561,0.028181818
7787,0.164939024,0.094545455
7788,0.161402439,0.155
7789,0.169512195,0.191704545
7790,0.192317073,0.193636364
7791,0.213658537,0.160340909
7792,0.239573171,0.10125
7793,0.253841463,0.038977273
7794,0.246768293,0.002272727
7795,0.234390244,0
7796,0.247378049,0
7797,0.241402439,0
7798,0.229390244,0
7799,0.231158537,0
7800,0.228414634,0
7801,0.232621951,0
7802,0.263170732,0
7803,0.28695122,0
7804,0.287256098,0
7805,0.290182927,0
7806,0.313719512,0
7807,0.324268293,0
7808,0.343231707,0
7809,0.353353659,0.002727273
7810,0.355,0.042727273
7811,0.358902439,0.10375
7812,0.357256098,0.146136364
7813,0.366402439,0.163409091
7814,0.374329268,0.155
7815,0.376585366,0.130909091
7816,0.379756098,0.097386364
7817,0.372804878,0.045454545
7818,0.360609756,0.003636364
7819,0.368353659,0
7820,0.372195122,0
7821,0.369878049,0
7822,0.367743902,0
7823,0.351890244,0
7824,0.320304878,0
7825,0.301707317,0
7826,0.299512195,0
7827,0.298231707,0
7828,0.292439024,0
7829,0.287865854,0
7830,0.291829268,0
7831,0.29195122,0
7832,0.297195122,0
7833,0.302621951,0.002727273
7834,0.303963415,0.028068182
7835,0.312073171,0.076363636
7836,0.333963415,0.131704545
7837,0.351097561,0.156704545
7838,0.369756098,0.153863636
7839,0.385304878,0.1275
7840,0.395731707,0.07625
7841,0.38445122,0.029318182
7842,0.387317073,0.001931818
7843,0.389634146,0
7844,0.371463415,0
7845,0.370304878,0
7846,0.371829268,0
7847,0.366585366,0
7848,0.363597561,0
7849,0.343963415,0
7850,0.3375,0
7851,0.331829268,0
7852,0.325243902,0
7853,0.319817073,0
7854,0.318109756,0
7855,0.334329268,0
7856,0.339939024,0
7857,0.347317073,0.0025
7858,0.34445122,0.032159091
7859,0.320914634,0.089090909
7860,0.310670732,0.147613636
7861,0.314695122,0.195454545
7862,0.31554878,0.183068182
7863,0.326463415,0.143409091
7864,0.326097561,0.100795455
7865,0.318353659,0.037386364
7866,0.318292683,0.001818182
7867,0.333536585,0
7868,0.3075,0
7869,0.302865854,0
7870,0.306280488,0
7871,0.306402439,0
7872,0.300182927,0
7873,0.286707317,0
7874,0.285426829,0
7875,0.275609756,0
7876,0.272012195,0
7877,0.269878049,0
7878,0.265609756,0
7879,0.253414634,0
7880,0.235243902,0
7881,0.223109756,0.007613636
7882,0.208109756,0.084659091
7883,0.184817073,0.201363636
7884,0.178597561,0.296818182
7885,0.195609756,0.355681818
7886,0.225182927,0.349204545
7887,0.248963415,0.273977273
7888,0.246036585,0.162159091
7889,0.226219512,0.054204545
7890,0.213719512,0.002840909
7891,0.22804878,0
7892,0.242926829,0
7893,0.258719512,0
7894,0.281341463,0
7895,0.288658537,0
7896,0.284573171,0
7897,0.272317073,0
7898,0.271341463,0
7899,0.273780488,0
7900,0.265060976,0
7901,0.248780488,0
7902,0.24097561,0
7903,0.247560976,0
7904,0.245853659,0
7905,0.236158537,0.003522727
7906,0.206646341,0.072159091
7907,0.171707317,0.193181818
7908,0.156463415,0.308295455
7909,0.158597561,0.368863636
7910,0.16695122,0.350113636
7911,0.165426829,0.286022727
7912,0.16402439,0.183977273
7913,0.160365854,0.072386364
7914,0.151585366,0.004204545
7915,0.156890244,0
7916,0.167134146,0
7917,0.166646341,0
7918,0.166646341,0
7919,0.153902439,0
7920,0.148597561,0
7921,0.140914634,0
7922,0.142621951,0
7923,0.151341463,0
7924,0.147256098,0
7925,0.148353659,0
7926,0.135,0
7927,0.128292683,0
7928,0.124207317,0
7929,0.122195122,0.003409091
7930,0.104939024,0.076022727
7931,0.07847561,0.199772727
7932,0.067987805,0.310113636
7933,0.06847561,0.376363636
7934,0.058170732,0.372045455
7935,0.054695122,0.325909091
7936,0.054146341,0.222840909
7937,0.05195122,0.087613636
7938,0.05445122,0.004886364
7939,0.065365854,0
7940,0.074085366,0
7941,0.080182927,0
7942,0.076829268,0
7943,0.071585366,0
7944,0.064756098,0
7945,0.05347561,0
7946,0.048963415,0
7947,0.045121951,0
7948,0.045,0
7949,0.045121951,0
7950,0.046036585,0
7951,0.052317073,0
7952,0.055182927,0
7953,0.057743902,0.005681818
7954,0.057134146,0.084659091
7955,0.060365854,0.215340909
7956,0.060060976,0.320340909
7957,0.06054878,0.372272727
7958,0.062256098,0.364659091
7959,0.062256098,0.296477273
7960,0.059268293,0.191477273
7961,0.057743902,0.076590909
7962,0.058353659,0.004772727
7963,0.062743902,0
7964,0.063902439,0
7965,0.05945122,0
7966,0.058170732,0
7967,0.057378049,0
7968,0.052195122,0
7969,0.047439024,0
7970,0.043841463,0
7971,0.041646341,0
7972,0.037378049,0
7973,0.036829268,0
7974,0.038109756,0
7975,0.042012195,0
7976,0.047256098,0
7977,0.055182927,0.004772727
7978,0.070182927,0.066363636
7979,0.090426829,0.163863636
7980,0.114573171,0.231136364
7981,0.160853659,0.258181818
7982,0.207682927,0.262272727
7983,0.26695122,0.209090909
7984,0.320304878,0.131022727
7985,0.350792683,0.042386364
7986,0.377804878,0.001363636
7987,0.404634146,0
7988,0.423841463,0
7989,0.41902439,0
7990,0.418902439,0
7991,0.419512195,0
7992,0.402256098,0
7993,0.387439024,0
7994,0.359817073,0
7995,0.342560976,0
7996,0.345121951,0
7997,0.33445122,0
7998,0.319695122,0
7999,0.319695122,0
8000,0.316646341,0
8001,0.292987805,0.000454545
8002,0.264146341,0.028522727
8003,0.227073171,0.101022727
8004,0.218109756,0.168181818
8005,0.222926829,0.207613636
8006,0.22445122,0.204431818
8007,0.220792683,0.179545455
8008,0.211646341,0.129318182
8009,0.199695122,0.048863636
8010,0.19554878,0.002727273
8011,0.197682927,0
8012,0.194268293,0
8013,0.206463415,0
8014,0.214573171,0
8015,0.226036585,0
8016,0.228597561,0
8017,0.21902439,0
8018,0.19652439,0
8019,0.188536585,0
8020,0.180670732,0
8021,0.173170732,0
8022,0.180121951,0
8023,0.181341463,0
8024,0.172012195,0
8025,0.182682927,0.003636364
8026,0.179756098,0.074318182
8027,0.1575,0.20125
8028,0.142926829,0.313636364
8029,0.147743902,0.37375
8030,0.172195122,0.371931818
8031,0.204573171,0.311477273
8032,0.22304878,0.2
8033,0.225609756,0.074318182
8034,0.229207317,0.003636364
8035,0.273658537,0
8036,0.300914634,0
8037,0.306585366,0
8038,0.317195122,0
8039,0.317195122,0
8040,0.30847561,0
8041,0.309085366,0
8042,0.32652439,0
8043,0.337012195,0
8044,0.350609756,0
8045,0.361707317,0
8046,0.384817073,0
8047,0.405,0
8048,0.426158537,0
8049,0.430365854,0.000909091
8050,0.42554878,0.040454545
8051,0.411829268,0.122159091
8052,0.41347561,0.216136364
8053,0.43195122,0.265454545
8054,0.394756098,0.263522727
8055,0.325304878,0.231022727
8056,0.276585366,0.160340909
8057,0.231646341,0.060227273
8058,0.222865854,0.002840909
8059,0.243231707,0
8060,0.256768293,0
8061,0.236585366,0
8062,0.197804878,0
8063,0.151036585,0
8064,0.119939024,0
8065,0.100731707,0
8066,0.083963415,0
8067,0.068170732,0
8068,0.057195122,0
8069,0.047378049,0
8070,0.036890244,0
8071,0.030182927,0
8072,0.026158537,0
8073,0.027195122,0.003863636
8074,0.026097561,0.07875
8075,0.023353659,0.215681818
8076,0.015426829,0.327386364
8077,0.011036585,0.392159091
8078,0.011463415,0.405454545
8079,0.013170732,0.355568182
8080,0.015,0.240568182
8081,0.015731707,0.092727273
8082,0.018597561,0.005454545
8083,0.025304878,0
8084,0.032865854,0
8085,0.043170732,0
8086,0.048597561,0
8087,0.054146341,0
8088,0.064085366,0
8089,0.072317073,0
8090,0.079756098,0
8091,0.075304878,0
8092,0.077073171,0
8093,0.0775,0
8094,0.071890244,0
8095,0.070609756,0
8096,0.072743902,0
8097,0.076280488,0.00375
8098,0.084146341,0.074204545
8099,0.086097561,0.194545455
8100,0.081890244,0.2875
8101,0.083353659,0.331931818
8102,0.085853659,0.329318182
8103,0.089695122,0.289318182
8104,0.090792683,0.193863636
8105,0.098963415,0.072386364
8106,0.115487805,0.003295455
8107,0.130853659,0
8108,0.138841463,0
8109,0.144817073,0
8110,0.153170732,0
8111,0.151219512,0
8112,0.140426829,0
8113,0.128536585,0
8114,0.120365854,0
8115,0.117134146,0
8116,0.109939024,0
8117,0.105792683,0
8118,0.108719512,0
8119,0.11695122,0
8120,0.12597561,0
8121,0.157865854,0.002613636
8122,0.188292683,0.048636364
8123,0.2175,0.138295455
8124,0.249756098,0.212727273
8125,0.316585366,0.253068182
8126,0.405060976,0.25625
8127,0.489817073,0.219886364
8128,0.537439024,0.146704545
8129,0.569085366,0.055909091
8130,0.601280488,0.002386364
8131,0.631646341,0
8132,0.632317073,0
8133,0.605853659,0
8134,0.559512195,0
8135,0.498841463,0
8136,0.440853659,0
8137,0.383719512,0
8138,0.364146341,0
8139,0.37054878,0
8140,0.383231707,0
8141,0.399146341,0
8142,0.389878049,0
8143,0.368414634,0
8144,0.349817073,0
8145,0.338597561,0.002159091
8146,0.308109756,0.05125
8147,0.293170732,0.153409091
8148,0.294573171,0.248863636
8149,0.322987805,0.303522727
8150,0.34152439,0.3
8151,0.3375,0.255
8152,0.328353659,0.172727273
8153,0.277926829,0.065681818
8154,0.248353659,0.003295455
8155,0.225304878,0
8156,0.20304878,0
8157,0.18945122,0
8158,0.180182927,0
8159,0.172378049,0
8160,0.171158537,0
8161,0.168170732,0
8162,0.177134146,0
8163,0.193658537,0
8164,0.201097561,0
8165,0.186402439,0
8166,0.175182927,0
8167,0.175182927,0
8168,0.181768293,0
8169,0.181646341,0.001931818
8170,0.178902439,0.063522727
8171,0.169878049,0.190227273
8172,0.15054878,0.295340909
8173,0.139634146,0.360340909
8174,0.14195122,0.373409091
8175,0.138841463,0.336022727
8176,0.122317073,0.238636364
8177,0.107012195,0.095795455
8178,0.102987805,0.005340909
8179,0.11652439,0
8180,0.123780488,0
8181,0.125731707,0
8182,0.134268293,0
8183,0.137012195,0
8184,0.137073171,0
8185,0.133170732,0
8186,0.131158537,0
8187,0.129207317,0
8188,0.129146341,0
8189,0.131097561,0
8190,0.123414634,0
8191,0.117439024,0
8192,0.125243902,0
8193,0.124512195,0.002045455
8194,0.121890244,0.072840909
8195,0.118536585,0.224772727
8196,0.096707317,0.348295455
8197,0.080121951,0.423295455
8198,0.071585366,0.433863636
8199,0.072743902,0.379772727
8200,0.08304878,0.262954545
8201,0.092439024,0.105454545
8202,0.118658537,0.005568182
8203,0.155182927,0
8204,0.168902439,0
8205,0.159756098,0
8206,0.156890244,0
8207,0.145060976,0
8208,0.135670732,0
8209,0.117621951,0
8210,0.11152439,0
8211,0.107804878,0
8212,0.107012195,0
8213,0.110487805,0
8214,0.113719512,0
8215,0.116097561,0
8216,0.111036585,0
8217,0.105670732,0.001931818
8218,0.094817073,0.078409091
8219,0.085914634,0.24125
8220,0.059207317,0.384772727
8221,0.032682927,0.451136364
8222,0.02195122,0.4575
8223,0.0175,0.401590909
8224,0.01652439,0.271704545
8225,0.017743902,0.106931818
8226,0.032621951,0.005568182
8227,0.055670732,0
8228,0.075792683,0
8229,0.088597561,0
8230,0.100792683,0
8231,0.105914634,0
8232,0.115914634,0
8233,0.127378049,0
8234,0.132256098,0
8235,0.13,0
8236,0.1225,0
8237,0.117926829,0
8238,0.113658537,0
8239,0.111341463,0
8240,0.109573171,0
8241,0.110365854,0.001704545
8242,0.098597561,0.072613636
8243,0.08652439,0.24125
8244,0.070670732,0.382272727
8245,0.047378049,0.457045455
8246,0.030243902,0.460909091
8247,0.025060976,0.4
8248,0.025853659,0.268977273
8249,0.035670732,0.105113636
8250,0.065304878,0.005454545
8251,0.10347561,0
8252,0.152012195,0
8253,0.191890244,0
8254,0.206341463,0
8255,0.224268293,0
8256,0.229695122,0
8257,0.243658537,0
8258,0.249634146,0
8259,0.248841463,0
8260,0.253353659,0
8261,0.268841463,0
8262,0.276829268,0
8263,0.294939024,0
8264,0.30445122,0
8265,0.314085366,0.001136364
8266,0.320426829,0.061136364
8267,0.296280488,0.212159091
8268,0.240182927,0.339772727
8269,0.184573171,0.403409091
8270,0.14445122,0.402727273
8271,0.121280488,0.346818182
8272,0.117743902,0.231818182
8273,0.131707317,0.08625
8274,0.17652439,0.004545455
8275,0.223597561,0
8276,0.25695122,0
8277,0.272560976,0
8278,0.275121951,0
8279,0.278292683,0
8280,0.264817073,0
8281,0.263109756,0
8282,0.260487805,0
8283,0.234695122,0
8284,0.220304878,0
8285,0.207195122,0
8286,0.195914634,0
8287,0.1875,0
8288,0.181646341,0
8289,0.182317073,0.000113636
8290,0.173231707,0.040340909
8291,0.157134146,0.144431818
8292,0.129329268,0.236022727
8293,0.113780488,0.283636364
8294,0.089329268,0.286477273
8295,0.07304878,0.250227273
8296,0.070670732,0.166704545
8297,0.077195122,0.065227273
8298,0.09945122,0.005
8299,0.117439024,0
8300,0.127621951,0
8301,0.127134146,0
8302,0.120792683,0
8303,0.117195122,0
8304,0.112682927,0
8305,0.113292683,0
8306,0.112317073,0
8307,0.113963415,0
8308,0.115487805,0
8309,0.119207317,0
8310,0.119634146,0
8311,0.11695122,0
8312,0.117195122,0
8313,0.12054878,0.000454545
8314,0.127804878,0.042272727
8315,0.119390244,0.135568182
8316,0.106646341,0.225568182
8317,0.090060976,0.270909091
8318,0.079512195,0.258977273
8319,0.075670732,0.206704545
8320,0.077987805,0.128863636
8321,0.088841463,0.045113636
8322,0.099634146,0.000909091
8323,0.112926829,0
8324,0.1425,0
8325,0.175792683,0
8326,0.209634146,0
8327,0.233719512,0
8328,0.241158537,0
8329,0.25554878,0
8330,0.263109756,0
8331,0.252439024,0
8332,0.260609756,0
8333,0.272195122,0
8334,0.285792683,0
8335,0.287012195,0
8336,0.278902439,0
8337,0.272012195,0.00125
8338,0.272012195,0.031590909
8339,0.247012195,0.127159091
8340,0.226707317,0.223977273
8341,0.223414634,0.285681818
8342,0.232804878,0.320568182
8343,0.23695122,0.291477273
8344,0.229939024,0.196363636
8345,0.257256098,0.077727273
8346,0.30652439,0.004545455
8347,0.352012195,0
8348,0.403780488,0
8349,0.447926829,0
8350,0.48195122,0
8351,0.513414634,0
8352,0.513414634,0
8353,0.524085366,0
8354,0.532865854,0
8355,0.524207317,0
8356,0.499329268,0
8357,0.467804878,0
8358,0.428780488,0
8359,0.36195122,0
8360,0.32402439,0
8361,0.298109756,0.00125
8362,0.298292683,0.056590909
8363,0.270731707,0.198068182
8364,0.252439024,0.325909091
8365,0.243231707,0.383863636
8366,0.226585366,0.409318182
8367,0.227865854,0.359545455
8368,0.25304878,0.242727273
8369,0.299085366,0.091363636
8370,0.35847561,0.004204545
8371,0.409939024,0
8372,0.448109756,0
8373,0.468658537,0
8374,0.482073171,0
8375,0.481463415,0
8376,0.48304878,0
8377,0.495670732,0
8378,0.511585366,0
8379,0.495365854,0
8380,0.501707317,0
8381,0.50097561,0
8382,0.499268293,0
8383,0.491890244,0
8384,0.522073171,0
8385,0.551402439,0.000909091
8386,0.543780488,0.065454545
8387,0.523902439,0.217613636
8388,0.479634146,0.342613636
8389,0.42152439,0.412613636
8390,0.378780488,0.421818182
8391,0.340792683,0.363977273
8392,0.322195122,0.241477273
8393,0.335731707,0.092613636
8394,0.365914634,0.004318182
8395,0.418597561,0
8396,0.455792683,0
8397,0.473170732,0
8398,0.497926829,0
8399,0.512195122,0
8400,0.502865854,0
8401,0.493170732,0
8402,0.486097561,0
8403,0.465182927,0
8404,0.440060976,0
8405,0.414939024,0
8406,0.39652439,0
8407,0.376158537,0
8408,0.347134146,0
8409,0.318597561,0.000795455
8410,0.3,0.059772727
8411,0.271097561,0.185909091
8412,0.233719512,0.293863636
8413,0.193353659,0.342272727
8414,0.178109756,0.334886364
8415,0.174878049,0.265340909
8416,0.177073171,0.146931818
8417,0.198658537,0.041363636
8418,0.242560976,0.001931818
8419,0.302987805,0
8420,0.337317073,0
8421,0.344878049,0
8422,0.344939024,0
8423,0.346463415,0
8424,0.349695122,0
8425,0.354512195,0
8426,0.361219512,0
8427,0.35152439,0
8428,0.325060976,0
8429,0.326158537,0
8430,0.31554878,0
8431,0.314695122,0
8432,0.310914634,0
8433,0.310182927,0.000340909
8434,0.291463415,0.025568182
8435,0.278597561,0.1075
8436,0.261219512,0.202613636
8437,0.267743902,0.268409091
8438,0.311097561,0.277840909
8439,0.335914634,0.238522727
8440,0.366585366,0.146136364
8441,0.422560976,0.053181818
8442,0.533231707,0.001818182
8443,0.622378049,0
8444,0.681463415,0
8445,0.73195122,0
8446,0.761463415,0
8447,0.771890244,0
8448,0.772621951,0
8449,0.783170732,0
8450,0.773841463,0
8451,0.759085366,0
8452,0.724817073,0
8453,0.688658537,0
8454,0.658841463,0
8455,0.619634146,0
8456,0.584817073,0
8457,0.528353659,0
8458,0.458597561,0.004886364
8459,0.397012195,0.04
8460,0.341585366,0.086136364
8461,0.282926829,0.115113636
8462,0.251219512,0.1225
8463,0.197378049,0.10625
8464,0.157012195,0.073636364
8465,0.13347561,0.026704545
8466,0.137987805,0.000681818
8467,0.143292683,0
8468,0.143170732,0
8469,0.162804878,0
8470,0.168902439,0
8471,0.169634146,0
8472,0.213780488,0
8473,0.267134146,0
8474,0.267621951,0
8475,0.247621951,0
8476,0.231219512,0
8477,0.234634146,0
8478,0.234756098,0
8479,0.23847561,0
8480,0.250426829,0
8481,0.254207317,0
8482,0.248353659,0.018181818
8483,0.233231707,0.103977273
8484,0.20097561,0.200113636
8485,0.176585366,0.262613636
8486,0.175853659,0.283409091
8487,0.18902439,0.252159091
8488,0.210731707,0.180681818
8489,0.236219512,0.075909091
8490,0.292804878,0.005
8491,0.372987805,0
8492,0.440365854,0
8493,0.481829268,0
8494,0.494756098,0
8495,0.498841463,0
8496,0.493841463,0
8497,0.487621951,0
8498,0.494390244,0
8499,0.506402439,0
8500,0.502804878,0
8501,0.511585366,0
8502,0.515182927,0
8503,0.543109756,0
8504,0.558597561,0
8505,0.597378049,0.000113636
8506,0.605853659,0.026136364
8507,0.576890244,0.1025
8508,0.563658537,0.175568182
8509,0.567134146,0.218181818
8510,0.575182927,0.229886364
8511,0.587682927,0.198181818
8512,0.593170732,0.128636364
8513,0.622012195,0.046022727
8514,0.64597561,0.002386364
8515,0.670914634,0
8516,0.684146341,0
8517,0.693353659,0
8518,0.710365854,0
8519,0.701280488,0
8520,0.692926829,0
8521,0.685731707,0
8522,0.673414634,0
8523,0.662012195,0
8524,0.645731707,0
8525,0.632012195,0
8526,0.62554878,0
8527,0.63804878,0
8528,0.669573171,0
8529,0.687073171,0.000113636
8530,0.69695122,0.023409091
8531,0.705060976,0.082045455
8532,0.705304878,0.146136364
8533,0.71097561,0.194431818
8534,0.713170732,0.205
8535,0.7025,0.171931818
8536,0.687378049,0.115340909
8537,0.654878049,0.046477273
8538,0.606768293,0.003068182
8539,0.609512195,0
8540,0.583963415,0
8541,0.563719512,0
8542,0.552378049,0
8543,0.531280488,0
8544,0.51402439,0
8545,0.460609756,0
8546,0.419207317,0
8547,0.39347561,0
8548,0.366890244,0
8549,0.366341463,0
8550,0.388902439,0
8551,0.416768293,0
8552,0.468719512,0
8553,0.530121951,0.000227273
8554,0.581585366,0.026477273
8555,0.620792683,0.126363636
8556,0.662987805,0.23125
8557,0.695609756,0.294886364
8558,0.72445122,0.304318182
8559,0.73347561,0.260454545
8560,0.742987805,0.163181818
8561,0.74347561,0.061931818
8562,0.760670732,0.003977273
8563,0.777621951,0
8564,0.787256098,0
8565,0.791829268,0
8566,0.793841463,0
8567,0.784207317,0
8568,0.764146341,0
8569,0.738597561,0
8570,0.725853659,0
8571,0.725792683,0
8572,0.729573171,0
8573,0.724756098,0
8574,0.715914634,0
8575,0.713353659,0
8576,0.70945122,0
8577,0.709512195,0.000113636
8578,0.709146341,0.012840909
8579,0.714695122,0.043068182
8580,0.714329268,0.067386364
8581,0.706036585,0.069659091
8582,0.687439024,0.063977273
8583,0.663780488,0.054545455
8584,0.642621951,0.041136364
8585,0.647682927,0.012954545
8586,0.622378049,0.000568182
8587,0.601463415,0
8588,0.591341463,0
8589,0.561890244,0
8590,0.577682927,0
8591,0.587865854,0
8592,0.607256098,0
8593,0.622682927,0
8594,0.616707317,0
8595,0.607743902,0
8596,0.564512195,0
8597,0.49597561,0
8598,0.437560976,0
8599,0.36445122,0
8600,0.3225,0
8601,0.302378049,0
8602,0.277621951,0.00875
8603,0.229512195,0.070227273
8604,0.20695122,0.149318182
8605,0.204512195,0.194090909
8606,0.207926829,0.18875
8607,0.229939024,0.153295455
8608,0.219085366,0.090681818
8609,0.202621951,0.032840909
8610,0.207256098,0.002045455
8611,0.207195122,0
8612,0.238658537,0
8613,0.238414634,0
8614,0.262012195,0
8615,0.258597561,0
8616,0.257621951,0
8617,0.258231707,0
8618,0.236585366,0
8619,0.212804878,0
8620,0.211463415,0
8621,0.206646341,0
8622,0.196097561,0
8623,0.208292683,0
8624,0.215731707,0
8625,0.226829268,0
8626,0.247256098,0.021136364
8627,0.251158537,0.103863636
8628,0.240914634,0.195113636
8629,0.264146341,0.249772727
8630,0.283719512,0.258977273
8631,0.3,0.240227273
8632,0.286341463,0.183181818
8633,0.259756098,0.075454545
8634,0.250670732,0.004772727
8635,0.294878049,0
8636,0.33902439,0
8637,0.397378049,0
8638,0.450426829,0
8639,0.515182927,0
8640,0.537012195,0
8641,0.577134146,0
8642,0.615121951,0
8643,0.65402439,0
8644,0.678902439,0
8645,0.689268293,0
8646,0.705365854,0
8647,0.724878049,0
8648,0.737804878,0
8649,0.748902439,0.000681818
8650,0.731707317,0.035227273
8651,0.707317073,0.119886364
8652,0.674329268,0.213977273
8653,0.649573171,0.272613636
8654,0.607621951,0.298863636
8655,0.587926829,0.272954545
8656,0.558780488,0.188181818
8657,0.539634146,0.074204545
8658,0.562987805,0.005113636
8659,0.590060976,0
8660,0.598780488,0
8661,0.58804878,0
8662,0.581463415,0
8663,0.552804878,0
8664,0.532560976,0
8665,0.487073171,0
8666,0.488231707,0
8667,0.467317073,0
8668,0.454573171,0
8669,0.44097561,0
8670,0.412317073,0
8671,0.393536585,0
8672,0.37402439,0
8673,0.371219512,0
8674,0.340060976,0.007159091
8675,0.317195122,0.035909091
8676,0.302012195,0.071477273
8677,0.286707317,0.097954545
8678,0.306585366,0.117045455
8679,0.312378049,0.102272727
8680,0.300060976,0.085568182
8681,0.308109756,0.039431818
8682,0.366097561,0.003863636
8683,0.424512195,0
8684,0.447804878,0
8685,0.467134146,0
8686,0.458658537,0
8687,0.465243902,0
8688,0.45652439,0
8689,0.459817073,0
8690,0.456829268,0
8691,0.420426829,0
8692,0.393658537,0
8693,0.369085366,0
8694,0.342926829,0
8695,0.314146341,0
8696,0.302743902,0
8697,0.277195122,0.000113636
8698,0.267621951,0.03375
8699,0.246219512,0.137727273
8700,0.22445122,0.241363636
8701,0.194939024,0.297840909
8702,0.168353659,0.311590909
8703,0.164329268,0.279090909
8704,0.156402439,0.200227273
8705,0.145609756,0.086477273
8706,0.165670732,0.005340909
8707,0.192560976,0
8708,0.224634146,0
8709,0.250670732,0
8710,0.274573171,0
8711,0.295792683,0
8712,0.313658537,0
8713,0.328353659,0
8714,0.344817073,0
8715,0.368170732,0
8716,0.379573171,0
8717,0.403902439,0
8718,0.435243902,0
8719,0.472987805,0
8720,0.501707317,0
8721,0.512256098,0.000340909
8722,0.53347561,0.046363636
8723,0.531585366,0.151363636
8724,0.514756098,0.251363636
8725,0.509390244,0.314659091
8726,0.492134146,0.312159091
8727,0.476341463,0.258181818
8728,0.452804878,0.172272727
8729,0.438353659,0.059772727
8730,0.434939024,0.00375
8731,0.396097561,0
8732,0.379573171,0
8733,0.3525,0
8734,0.350304878,0
8735,0.333963415,0
8736,0.326585366,0
8737,0.332256098,0
8738,0.346402439,0
8739,0.365365854,0
8740,0.392012195,0
8741,0.414390244,0
8742,0.434573171,0
8743,0.460670732,0
8744,0.501158537,0
8745,0.532682927,0.000454545
8746,0.537682927,0.047386364
8747,0.534756098,0.160795455
8748,0.519390244,0.250227273
8749,0.49597561,0.280454545
8750,0.48,0.281022727
8751,0.45,0.226818182
8752,0.441890244,0.148977273
8753,0.441036585,0.059545455
8754,0.463658537,0.005909091
8755,0.487804878,0
8756,0.474573171,0
8757,0.46402439,0
8758,0.457926829,0
8759,0.453719512,0
8760,0.45195122,0
8761,0.332256098,0
8762,0.346402439,0
8763,0.365365854,0
8764,0.392012195,0
8765,0.414390244,0
8766,0.434573171,0
8767,0.460670732,0
8768,0.501158537,0
8769,0.532682927,0.000454545
8770,0.537682927,0.047386364
8771,0.534756098,0.160795455
8772,0.519390244,0.250227273
8773,0.49597561,0.280454545
8774,0.48,0.281022727
8775,0.45,0.226818182
8776,0.441890244,0.148977273
8777,0.441036585,0.059545455
8778,0.463658537,0.005909091
8779,0.487804878,0
8780,0.474573171,0
8781,0.46402439,0
8782,0.457926829,0
8783,0.453719512,0
8784,0.45195122,0
